	UniProt	IPI	GI	UniParc	EntryNames
0	A0A024QZ64		78070601
1	A0A024R0L6		4505587;14043830
2	A0A024R1A3		23510338
3	A0A024R1I3		10092677;40674427
4	A0A024R4T4		4507791
5	A0A024R782		4502445;40353764
6	A0A024R7W9		12804827
7	A0A024R8S5		190384
8	A0A024RA52		4506181
9	A0A024RBG1				NUD4B_HUMAN
10	A0A024RCR2		15530323
11	A0A075B6H7				KV37_HUMAN
12	A0A075B6K0				LV316_HUMAN
13	A0A075B6K2				LV312_HUMAN
14	A0A075B6K4				LV310_HUMAN
15	A0A075B6P5				KV228_HUMAN
16	A0A075B6R9				KVD24_HUMAN
17	A0A075B6S5				KV127_HUMAN
18	A0A077QP03		29792290
19	A0A087WUZ3			UPI0000D611A2
20	A0A087WY82			UPI0001AE799A
21	A0A090N7U0		32307161
22	A0A090N7V5		13129018
23	A0A090N8Y2		4758304
24	A0A0A0MRZ8				KVD11_HUMAN
25	A0A0A0MT36				KVD21_HUMAN
26	A0A0B4J1V0				HV315_HUMAN
27	A0A0B4J1V2				HV226_HUMAN
28	A0A0B4J1X5				HV374_HUMAN
29	A0A0B4J1Y9				HV372_HUMAN
30	A0A0C4DH24				KV621_HUMAN
31	A0A0C4DH25				KVD20_HUMAN
32	A0A0C4DH31				HV118_HUMAN
33	A0A0C4DH33				HV124_HUMAN
34	A0A0C4DH34				HV428_HUMAN
35	A0A0C4DH38				HV551_HUMAN
36	A0A0C4DH42				HV366_HUMAN
37	A0A0C4DH43				HV70D_HUMAN
38	A0A0C4DH67				KV108_HUMAN
39	A0A0C4DH73				KV112_HUMAN
40	A0A0K0K1K4		13325216
41	A0A0K0K1K7		6912586
42	A0A0K0K1L8		5453990
43	A0A0S2Z3S5		18426900
44	A0A0S2Z3X8		4503971
45	A0A0S2Z489		17512153
46	A0A0S2Z4R1		16741793
47	A0A0S2Z583		12652725
48	A0A0S2Z5D4		7705893
49	A0A0S2Z5I7		28416940
50	A0A140VJJ2		33413400
51	A0A140VJS3		12804959
52	A0A140VJS6		4506195;79160069
53	A0A140VJT8		21361547
54	A0A140VJZ4		5174741
55	A0A140VK27		4505029
56	A0A140VK56		5803187;14603290
57	A0A140VK64		55770884;13436368
58	A0A140VK69		4504067
59	A0A140VK70		4506209
60	A0A140VK83		54697128;4506013
61	A0A140VKA6		19923193
62	A0A140VKA7		4504973
63	A0A140VKB1		19482174
64	A0A140VKC8		12804977
65	A0A1U9X7W4		4529893
66	A0AVT1	IPI00023647
67	A0FGR8	IPI00409635	45387945		ESYT2_HUMAN
68	A0PJE2	IPI00062441
69	A0PJW8	IPI00012682
70	A1A5C7				S22AN_HUMAN
71	A1L0T0				ILVBL_HUMAN
72	A2A3N6				PIPSL_HUMAN
73	A2RRP1				NBAS_HUMAN
74	A4D1P6	IPI00477281	39794262		WDR91_HUMAN
75	A5A3E0				POTEF_HUMAN
76	A5D8V6	IPI00401773			VP37C_HUMAN
77	A6NCN2	IPI00008669
78	A6NDG6	IPI00177008			PGP_HUMAN
79	A6NDU8	IPI00374272			RIMC1_HUMAN
80	A6NED2	IPI00399158
81	A6NFX1				MFS2B_HUMAN
82	A6NH11	IPI00373867
83	A6NHG4				DDTL_HUMAN
84	A8K2U0	IPI00419215
85	A8K5I0		39645782
86	A8K5M4		32483399
87	A8K7B7		16306717
88	A8KAH9		4506413
89	A9Z1Z3			UPI000155D59A
90	B0YJ88		4506467
91	B2R5T5		47132583
92	B2RB89		4506057
93	B2RDI5		189054948
94	B2RUZ4				SMIM1_HUMAN
95	B3KN69		4505611
96	B3KSM6		34419635
97	B3KSW2		31657101
98	B3KTW0		32307161
99	B3KWD0		4507943
100	B3KY36		42822880
101	B4DFW3		57165410
102	B4DKX1		62632750
103	B4DM76		36030883
104	B4E273		7657210
105	B4E3T1		62632750
106	B7Z4W0		45439355
107	B9A064				IGLL5_HUMAN
108	B9A6J2		55743118
109	C9J7I0				UMAD1_HUMAN
110	D0PNI1		80477445
111	D9IAI1		4505621
112	D9YZU5		4504349
113	E9KL30		4506203
114	E9PAV3				NACAM_HUMAN
115	F6KPG5		332356380
116	G0W2N5		60459552
117	K9JA46		61656605
118	O00151	IPI00010414			PDLI1_HUMAN
119	O00154	IPI00010415			BACH_HUMAN
120	O00159		1926311		MYO1C_HUMAN
121	O00161	IPI00010438			SNP23_HUMAN
122	O00178	IPI00010463			GTPB1_HUMAN
123	O00182	IPI00010477	18148432		LEG9_HUMAN
124	O00186		27881593		STXB3_HUMAN
125	O00187				MASP2_HUMAN
126	O00214		6625728		LEG8_HUMAN
127	O00231		28872725		PSD11_HUMAN
128	O00232	IPI00185374			PSD12_HUMAN
129	O00233	IPI00010860;IPI00216220	12230943		PSMD9_HUMAN
130	O00273	IPI00010882
131	O00299	IPI00010896	4588526		CLIC1_HUMAN
132	O00399	IPI00220770
133	O00410	IPI00793443	2102696		IPO5_HUMAN
134	O00421				CCRL2_HUMAN
135	O00429	IPI00037283
136	O00442	IPI00011726;IPI00221327			RTCA_HUMAN
137	O00487	IPI00024821			PSDE_HUMAN
138	O00505	IPI00299033			IMA4_HUMAN
139	O00507				USP9Y_HUMAN
140	O00560				SDCB1_HUMAN
141	O00571	IPI00215637	2580552
142	O00602	IPI00012555
143	O00625	IPI00012575
144	O00629	IPI00012578			IMA3_HUMAN
145	O00743	IPI00012970	6537210		PPP6_HUMAN
146	O00764	IPI00013004			PDXK_HUMAN
147	O14494	IPI00297037
148	O14523	IPI00394781			C2C2L_HUMAN
149	O14531				DPYL4_HUMAN
150	O14545	IPI00009146
151	O14556				G3PT_HUMAN
152	O14562	IPI00005194
153	O14602	IPI00023004
154	O14618	IPI00021389			CCS_HUMAN
155	O14653				GOSR2_HUMAN
156	O14662	IPI00023149			STX16_HUMAN
157	O14686	IPI00297859
158	O14735				CDIPT_HUMAN
159	O14737	IPI00023640			PDCD5_HUMAN
160	O14744	IPI00441473	20070220		ANM5_HUMAN
161	O14791				APOL1_HUMAN
162	O14818	IPI00024175			PSA7_HUMAN
163	O14880				MGST3_HUMAN
164	O14908	IPI00024705
165	O14950	IPI00033494			ML12B_HUMAN
166	O14964	IPI00006176			HGS_HUMAN
167	O14975				S27A2_HUMAN
168	O14980	IPI00298961	23271204;4507943		XPO1_HUMAN
169	O14983				AT2A1_HUMAN
170	O15020				SPTN2_HUMAN
171	O15067	IPI00004534	12230514;148922280		PUR4_HUMAN
172	O15084	IPI00514769			ANR28_HUMAN
173	O15116	IPI00004436
174	O15127	IPI00218850			SCAM2_HUMAN
175	O15143	IPI00005160
176	O15144	IPI00005161			ARPC2_HUMAN
177	O15145	IPI00005162
178	O15162	IPI00005181	10863877		PLS1_HUMAN
179	O15173		16876814		PGRC2_HUMAN
180	O15212	IPI00005657			PFD6_HUMAN
181	O15247				CLIC2_HUMAN
182	O15258				RER1_HUMAN
183	O15260				SURF4_HUMAN
184	O15294				OGT1_HUMAN
185	O15305	IPI00006092
186	O15400	IPI00289876;IPI00552913			STX7_HUMAN
187	O15431				COPT1_HUMAN
188	O15439	IPI00006675			MRP4_HUMAN
189	O15440				MRP5_HUMAN
190	O15484				CAN5_HUMAN
191	O15498	IPI00008569			YKT6_HUMAN
192	O15511	IPI00007280;IPI00550234			ARPC5_HUMAN
193	O15514	IPI00007283
194	O15541	IPI00007343
195	O15554	IPI00032466			KCNN4_HUMAN
196	O43143	IPI00396435
197	O43149				ZZEF1_HUMAN
198	O43169				CYB5B_HUMAN
199	O43175	IPI00011200
200	O43242	IPI00011603	19343674		PSMD3_HUMAN
201	O43264	IPI00011631	4759344		ZW10_HUMAN
202	O43324	IPI00003588
203	O43396	IPI00305692			TXNL1_HUMAN
204	O43399	IPI00306825			TPD54_HUMAN
205	O43414	IPI00020701
206	O43426	IPI00012441
207	O43427	IPI00012443			FIBP_HUMAN
208	O43447	IPI00007346
209	O43488	IPI00305978	2736256		ARK72_HUMAN
210	O43491				E41L2_HUMAN
211	O43583	IPI00306280			DENR_HUMAN
212	O43598	IPI00007926	5454002		DNPH1_HUMAN
213	O43617	IPI00004324
214	O43633	IPI00004416			CHM2A_HUMAN
215	O43665	IPI00643554	4506505		RGS10_HUMAN
216	O43681	IPI00013466	2905657		GET3_HUMAN
217	O43707	IPI00013808			ACTN4_HUMAN
218	O43708				MAAI_HUMAN
219	O43752	IPI00013930			STX6_HUMAN
220	O43759	IPI00178631			SNG1_HUMAN
221	O43760	IPI00013946			SNG2_HUMAN
222	O43765	IPI00013949	4506921		SGTA_HUMAN
223	O43776	IPI00306960
224	O43790				KRT86_HUMAN
225	O43813	IPI00005724			LANC1_HUMAN
226	O43826				G6PT1_HUMAN
227	O43847				NRDC_HUMAN
228	O43852				CALU_HUMAN
229	O43866				CD5L_HUMAN
230	O43924	IPI00015161
231	O60232	IPI00028412
232	O60234	IPI00028414			GMFG_HUMAN
233	O60256	IPI00003168			KPRB_HUMAN
234	O60271	IPI00748244
235	O60361				NDK8_HUMAN
236	O60437	IPI00298057
237	O60488	IPI00029737	12669909		ACSL4_HUMAN
238	O60493	IPI00815770
239	O60506	IPI00018140			HNRPQ_HUMAN
240	O60547	IPI00030207			GMDS_HUMAN
241	O60610				DIAP1_HUMAN
242	O60613				SEP15_HUMAN
243	O60641	IPI00006612
244	O60664	IPI00303882			PLIN3_HUMAN
245	O60669				MOT2_HUMAN
246	O60684		6912478		IMA7_HUMAN
247	O60749	IPI00299095	2827434		SNX2_HUMAN
248	O60762		14250108
249	O60763	IPI00031583			USO1_HUMAN
250	O60814				H2B1K_HUMAN
251	O60831				PRAF2_HUMAN
252	O60884	IPI00032406
253	O60888	IPI00034319			CUTA_HUMAN
254	O60925	IPI00000051			PFD1_HUMAN
255	O60927	IPI00030355
256	O75044				SRGP2_HUMAN
257	O75069				TMCC2_HUMAN
258	O75083	IPI00746165			WDR1_HUMAN
259	O75116	IPI00307155			ROCK2_HUMAN
260	O75131	IPI00024403			CPNE3_HUMAN
261	O75157	IPI00164935
262	O75165	IPI00307259			DJC13_HUMAN
263	O75170	IPI00375638
264	O75190	IPI00024523
265	O75223	IPI00031564	13129018		GGCT_HUMAN
266	O75312	IPI00025244
267	O75323	IPI00016077
268	O75326	IPI00025257	75517788		SEM7A_HUMAN
269	O75340	IPI00025277			PDCD6_HUMAN
270	O75347	IPI00217236	4759212		TBCA_HUMAN
271	O75348	IPI00025285			VATG1_HUMAN
272	O75351	IPI00182728			VPS4B_HUMAN
273	O75352				MPU1_HUMAN
274	O75368	IPI00025318	4506925		SH3L1_HUMAN
275	O75369	IPI00289334
276	O75387	IPI00021075	4505971		LAT3_HUMAN
277	O75396	IPI00006865			SC22B_HUMAN
278	O75531	IPI00026087
279	O75554	IPI00026957
280	O75558				STX11_HUMAN
281	O75608				LYPA1_HUMAN
282	O75636				FCN3_HUMAN
283	O75663				TIPRL_HUMAN
284	O75688	IPI00026612			PPM1B_HUMAN
285	O75695	IPI00026627			XRP2_HUMAN
286	O75716		54696040
287	O75821	IPI00290460
288	O75822	IPI00290461	3264861		EIF3J_HUMAN
289	O75828				CBR3_HUMAN
290	O75832	IPI00003565	4506217		PSD10_HUMAN
291	O75874	IPI00027223			IDHC_HUMAN
292	O75891				AL1L1_HUMAN
293	O75915	IPI00007426			PRAF3_HUMAN
294	O75935	IPI00027014;IPI00514971			DCTN3_HUMAN
295	O75937	IPI00003438
296	O75955	IPI00027438	5031699;5114049		FLOT1_HUMAN
297	O76003	IPI00008552			GLRX3_HUMAN
298	O76013				KRT36_HUMAN
299	O76054	IPI00018314			S14L2_HUMAN
300	O76071	IPI00008791			CIAO1_HUMAN
301	O94804	IPI00304742			STK10_HUMAN
302	O94832				MYO1D_HUMAN
303	O94888	IPI00742124
304	O94889	IPI00747824
305	O94903				PLPHP_HUMAN
306	O94905				ERLN2_HUMAN
307	O94919	IPI00001952			ENDD1_HUMAN
308	O94966	IPI00016589			UBP19_HUMAN
309	O94973	IPI00016621	27477041		AP2A2_HUMAN
310	O94979	IPI00305152
311	O94992	IPI00007941
312	O95070				YIF1A_HUMAN
313	O95081	IPI00418238
314	O95155	IPI00005715
315	O95166	IPI00027253
316	O95197	IPI00028946			RTN3_HUMAN
317	O95236	IPI00302796			APOL3_HUMAN
318	O95260	IPI00218377			ATE1_HUMAN
319	O95273	IPI00074484			CCDB1_HUMAN
320	O95279	IPI00029507
321	O95292	IPI00006211	4759302		VAPB_HUMAN
322	O95336	IPI00029997	6912586		6PGL_HUMAN
323	O95347	IPI00007927			SMC2_HUMAN
324	O95352	IPI00007404			ATG7_HUMAN
325	O95372	IPI00027032
326	O95373	IPI00007402	11544639		IPO7_HUMAN
327	O95376	IPI00007304			ARI2_HUMAN
328	O95433	IPI00030706			AHSA1_HUMAN
329	O95445				APOM_HUMAN
330	O95453		4505611
331	O95456	IPI00030770;IPI00401072	14714576		PSMG1_HUMAN
332	O95467		18426900
333	O95562	IPI00029002
334	O95573	IPI00031397	42794752		ACSL3_HUMAN
335	O95630	IPI00007943			STABP_HUMAN
336	O95721	IPI00032831			SNP29_HUMAN
337	O95747	IPI00010080			OXSR1_HUMAN
338	O95777	IPI00219871
339	O95782	IPI00256684;IPI00304577	15963476		AP2A1_HUMAN
340	O95810				CAVN2_HUMAN
341	O95816	IPI00000643			BAG2_HUMAN
342	O95819				M4K4_HUMAN
343	O95825	IPI00438923
344	O95833	IPI00000692
345	O95834	IPI00015944			EMAL2_HUMAN
346	O95837	IPI00000695
347	O95861	IPI00410214			BPNT1_HUMAN
348	O95870				ABHGA_HUMAN
349	O95989	IPI00009148
350	O95999	IPI00022477
351	P00167	IPI00182933			CYB5_HUMAN
352	P00338	IPI00217966	5031857;62897717		LDHA_HUMAN
353	P00352	IPI00218914	2183299		AL1A1_HUMAN
354	P00387	IPI00328415;IPI00446235	553254		NB5R3_HUMAN
355	P00390	IPI00016862;IPI00759575			GSHR_HUMAN
356	P00441	IPI00218733	305677635		SODC_HUMAN
357	P00450				CERU_HUMAN
358	P00488				F13A_HUMAN
359	P00491		387033;157168362		PNPH_HUMAN
360	P00492	IPI00218493	459815		HPRT_HUMAN
361	P00505				AATM_HUMAN
362	P00558	IPI00169383			PGK1_HUMAN
363	P00568	IPI00018342	4502011		KAD1_HUMAN
364	P00734				THRB_HUMAN
365	P00736				C1R_HUMAN
366	P00738				HPT_HUMAN
367	P00739				HPTR_HUMAN
368	P00740				FA9_HUMAN
369	P00742				FA10_HUMAN
370	P00747				PLMN_HUMAN
371	P00748				FA12_HUMAN
372	P00751				CFAB_HUMAN
373	P00813	IPI00296441			ADA_HUMAN
374	P00915	IPI00215983	4502517		CAH1_HUMAN
375	P00918	IPI00218414			CAH2_HUMAN
376	P01008				ANT3_HUMAN
377	P01009	IPI00553177			A1AT_HUMAN
378	P01011				AACT_HUMAN
379	P01019				ANGT_HUMAN
380	P01023				A2MG_HUMAN
381	P01024				CO3_HUMAN
382	P01031				CO5_HUMAN
383	P01040	IPI00032325
384	P01042				KNG1_HUMAN
385	P01111	IPI00000005			RASN_HUMAN
386	P01112				RASH_HUMAN
387	P01116	IPI00423570	15718761		RASK_HUMAN
388	P01137				TGFB1_HUMAN
389	P01591				IGJ_HUMAN
390	P01593				KVD33_HUMAN
391	P01599				KV117_HUMAN
392	P01602				KV105_HUMAN
393	P01619				KV320_HUMAN
394	P01624				KV315_HUMAN
395	P01699				LV144_HUMAN
396	P01700				LV147_HUMAN
397	P01701				LV151_HUMAN
398	P01721				LV657_HUMAN
399	P01742				HV169_HUMAN
400	P01764				HV323_HUMAN
401	P01780				HV307_HUMAN
402	P01824				HV439_HUMAN
403	P01833				PIGR_HUMAN
404	P01834				IGKC_HUMAN
405	P01857				IGHG1_HUMAN
406	P01859				IGHG2_HUMAN
407	P01860				IGHG3_HUMAN
408	P01861				IGHG4_HUMAN
409	P01871				IGHM_HUMAN
410	P01876				IGHA1_HUMAN
411	P01877				IGHA2_HUMAN
412	P01880				IGHD_HUMAN
413	P01889				1B41_HUMAN;1B35_HUMAN;1B51_HUMAN
414	P01893				HLAH_HUMAN
415	P02008	IPI00217473			HBAZ_HUMAN
416	P02042	IPI00473011	73762521		HBD_HUMAN
417	P02100	IPI00217471	3318951		HBE_HUMAN
418	P02452				CO1A1_HUMAN
419	P02533				K1C14_HUMAN
420	P02538				K2C6A_HUMAN
421	P02545	IPI00021405
422	P02549	IPI00220741;IPI00641363	1174412		SPTA1_HUMAN
423	P02647	IPI00021841	178775		APOA1_HUMAN
424	P02649	IPI00021842	178849		APOE_HUMAN
425	P02652				APOA2_HUMAN
426	P02654				APOC1_HUMAN
427	P02656				APOC3_HUMAN
428	P02671	IPI00021885			FIBA_HUMAN
429	P02675				FIBB_HUMAN
430	P02679				FIBG_HUMAN
431	P02724	IPI00298800	13529077		GLPA_HUMAN
432	P02730		4507021;68563369		B3AT_HUMAN
433	P02743				SAMP_HUMAN
434	P02745				C1QA_HUMAN
435	P02746				C1QB_HUMAN
436	P02747				C1QC_HUMAN
437	P02748				CO9_HUMAN
438	P02749				APOH_HUMAN
439	P02750				A2GL_HUMAN
440	P02751	IPI00022418			FINC_HUMAN
441	P02753				RET4_HUMAN
442	P02760				AMBP_HUMAN
443	P02763				A1AG1_HUMAN
444	P02765				FETUA_HUMAN
445	P02766				TTHY_HUMAN
446	P02768	IPI00384697;IPI00745872	28592		ALBU_HUMAN
447	P02774				VTDB_HUMAN
448	P02775	IPI00022445			CXCL7_HUMAN
449	P02776				PLF4_HUMAN
450	P02786				TFR1_HUMAN
451	P02787	IPI00022463			TRFE_HUMAN
452	P02788				TRFL_HUMAN
453	P02790				HEMO_HUMAN
454	P02792				FRIL_HUMAN
455	P02794	IPI00554521			FRIH_HUMAN
456	P03952				KLKB1_HUMAN
457	P04003				C4BPA_HUMAN
458	P04004				VTNC_HUMAN
459	P04040	IPI00465436	4557014;13562132		CATA_HUMAN
460	P04070				PROC_HUMAN
461	P04075	IPI00465439	28614		ALDOA_HUMAN
462	P04080	IPI00021828			CYTB_HUMAN
463	P04083	IPI00218918			ANXA1_HUMAN
464	P04114				APOB_HUMAN
465	P04179				SODM_HUMAN
466	P04180				LCAT_HUMAN
467	P04196				HRG_HUMAN
468	P04217				A1BG_HUMAN
469	P04259				K2C6B_HUMAN
470	P04264	IPI00220327			K2C1_HUMAN
471	P04279	IPI00023020
472	P04406	IPI00219018	31645		G3P_HUMAN
473	P04424	IPI00220267			ARLY_HUMAN
474	P04433				KV311_HUMAN
475	P04439				1A33_HUMAN
476	P04632	IPI00025084	4502565		CPNS1_HUMAN
477	P04792	IPI00025512			HSPB1_HUMAN
478	P04843				RPN1_HUMAN
479	P04844				RPN2_HUMAN
480	P04899		183182		GNAI2_HUMAN
481	P04908	IPI00026272
482	P04921	IPI00026299	183327;4504229		GLPC_HUMAN
483	P05023	IPI00006482	179212		AT1A1_HUMAN
484	P05062				ALDOB_HUMAN
485	P05067	IPI00006608
486	P05089	IPI00038356;IPI00291560;IPI00398768	178995;10947139;18535612		ARGI1_HUMAN
487	P05090				APOD_HUMAN
488	P05106				ITB3_HUMAN
489	P05109	IPI00007047			S10A8_HUMAN
490	P05154				IPSP_HUMAN
491	P05155				IC1_HUMAN
492	P05156				CFAI_HUMAN
493	P05161				ISG15_HUMAN
494	P05164				PERM_HUMAN
495	P05198	IPI00219678			IF2A_HUMAN
496	P05386	IPI00008527			RLA1_HUMAN
497	P05387	IPI00008529			RLA2_HUMAN
498	P05388	IPI00008530	12654583		RLA0_HUMAN
499	P05452				TETN_HUMAN
500	P05455	IPI00009032			LA_HUMAN
501	P05543				THBG_HUMAN
502	P05546				HEP2_HUMAN
503	P05976				MYL1_HUMAN
504	P06132	IPI00301489			DCUP_HUMAN
505	P06312				KV401_HUMAN
506	P06331				HV434_HUMAN
507	P06396	IPI00026314;IPI00646773			GELS_HUMAN
508	P06576	IPI00303476			ATPB_HUMAN
509	P06702	IPI00027462			S10A9_HUMAN
510	P06703	IPI00027463			S10A6_HUMAN
511	P06727	IPI00304273			APOA4_HUMAN
512	P06730	IPI00027485	54673615		IF4E_HUMAN
513	P06733	IPI00465248	693933		ENOA_HUMAN
514	P06737				PYGL_HUMAN
515	P06744	IPI00027497	14488680		G6PI_HUMAN
516	P06748	IPI00220740			NPM_HUMAN
517	P06753	IPI00218319;IPI00218320			TPM3_HUMAN
518	P06899				H2B1J_HUMAN
519	P07099				HYEP_HUMAN
520	P07195	IPI00219217	4557032;13786847		LDHB_HUMAN
521	P07203		577777		GPX1_HUMAN
522	P07205				PGK2_HUMAN
523	P07225				PROS_HUMAN
524	P07237	IPI00010796			PDIA1_HUMAN
525	P07311	IPI00221117			ACYP1_HUMAN
526	P07355	IPI00455315
527	P07357				CO8A_HUMAN
528	P07358				CO8B_HUMAN
529	P07359				GP1BA_HUMAN
530	P07360				CO8G_HUMAN
531	P07384	IPI00011285	14250593		CAN1_HUMAN
532	P07437				TBB5_HUMAN
533	P07451	IPI00216983	115462		CAH3_HUMAN
534	P07477				TRY1_HUMAN
535	P07602				SAP_HUMAN
536	P07737	IPI00216691			PROF1_HUMAN
537	P07738	IPI00215979	4502445;40353764		PMGE_HUMAN
538	P07741	IPI00218693	4502171
539	P07814	IPI00013452
540	P07864		4504973
541	P07900	IPI00382470;IPI00784295	123678;83699649		HS90A_HUMAN
542	P07902	IPI00013925			GALT_HUMAN
543	P07910	IPI00216592
544	P07947				YES_HUMAN
545	P07948				LYN_HUMAN
546	P07951				TPM2_HUMAN
547	P07954	IPI00296053;IPI00759715			FUMH_HUMAN
548	P07996	IPI00296099			TSP1_HUMAN
549	P08107	IPI00304925
550	P08123				CO1A2_HUMAN
551	P08133	IPI00221226			ANXA6_HUMAN
552	P08174	IPI00216550			DAF_HUMAN
553	P08185				CBG_HUMAN
554	P08237				PFKAM_HUMAN
555	P08238	IPI00414676	306891		HS90B_HUMAN
556	P08246	IPI00027769			ELNE_HUMAN
557	P08311	IPI00028064			CATG_HUMAN
558	P08397	IPI00028160;IPI00219877	224510663		HEM3_HUMAN
559	P08514				ITA2B_HUMAN
560	P08519				APOA_HUMAN
561	P08567				PLEK_HUMAN
562	P08590	IPI00243742			MYL3_HUMAN
563	P08603				CFAH_HUMAN
564	P08670	IPI00418471			VIME_HUMAN
565	P08697				A2AP_HUMAN
566	P08708	IPI00221093			RS17_HUMAN
567	P08754	IPI00220578	5729850		GNAI3_HUMAN
568	P08758	IPI00329801
569	P08779				K1C16_HUMAN
570	P08865	IPI00553164			RSSA_HUMAN
571	P09104	IPI00216171	5803011		ENOG_HUMAN
572	P09105	IPI00217472			HBAT_HUMAN
573	P09132	IPI00295889
574	P09211	IPI00219757			GSTP1_HUMAN
575	P09417	IPI00014439			DHPR_HUMAN
576	P09493	IPI00014581	825723		TPM1_HUMAN
577	P09496	IPI00014587;IPI00216393;IPI00790571	4502899		CLCA_HUMAN
578	P09497	IPI00216472	4502901		CLCB_HUMAN
579	P09525				ANXA4_HUMAN
580	P09543	IPI00220993			CN37_HUMAN
581	P09651	IPI00215965;IPI00465365;IPI00797148	182073		ROA1_HUMAN
582	P09871				C1S_HUMAN
583	P09960	IPI00219077	29726225		LKHA4_HUMAN
584	P09972				ALDOC_HUMAN
585	P0C0L4		179674		CO4A_HUMAN
586	P0C0L5				CO4B_HUMAN
587	P0C0S8				H2A1_HUMAN
588	P0C7P3	IPI00455330			SLN14_HUMAN
589	P0CB43	IPI00741734
590	P0CG47	IPI00719280			UBB_HUMAN
591	P0CG48		2627129
592	P0DI81	IPI00005119
593	P0DME0				SETLP_HUMAN
594	P0DMV8		386785		HS71A_HUMAN
595	P0DOX2				IGA2_HUMAN
596	P0DOX3				IGD_HUMAN
597	P0DOX5				IGG1_HUMAN
598	P0DOX7				IGK_HUMAN
599	P0DOX8				IGL1_HUMAN
600	P0DOY2				IGLC2_HUMAN
601	P0DP23				CALM1_HUMAN
602	P10114	IPI00019346			RAP2A_HUMAN
603	P10155	IPI00019450			RO60_HUMAN
604	P10412				H14_HUMAN
605	P10599	IPI00216298			THIO_HUMAN
606	P10643				CO7_HUMAN
607	P10644	IPI00021831	47132583		KAP0_HUMAN
608	P10746	IPI00745889			HEM4_HUMAN
609	P10768	IPI00411706	182265		ESTD_HUMAN
610	P10809		306890		CH60_HUMAN
611	P10909	IPI00291262			CLUS_HUMAN
612	P11021	IPI00003362	6470150		BIP_HUMAN
613	P11142	IPI00003865	5729877		HSP7C_HUMAN
614	P11166	IPI00220194	3387905		GTR1_HUMAN
615	P11169	IPI00003909
616	P11171	IPI00003921;IPI00218697;IPI00218698;IPI00218699;IPI00218700;IPI00218701	182073;4758274;14916944		41_HUMAN;EPB41_HUMAN
617	P11172	IPI00003923
618	P11233	IPI00217519	20147713		RALA_HUMAN
619	P11234		4506405		RALB_HUMAN
620	P11277	IPI00216704;IPI00237806;IPI00783228	134798		SPTB1_HUMAN
621	P11279				LAMP1_HUMAN
622	P11413	IPI00216008;IPI00289800			G6PD_HUMAN
623	P11441	IPI00005658			UBL4A_HUMAN
624	P11586		115206		C1TC_HUMAN
625	P11678				PERE_HUMAN
626	P11766	IPI00746777			ADHX_HUMAN
627	P11908				PRPS2_HUMAN
628	P11940	IPI00008524;IPI00410017	693937		PABP1_HUMAN
629	P12081	IPI00021808			HARS1_HUMAN
630	P12111				CO6A3_HUMAN
631	P12259				FA5_HUMAN
632	P12268	IPI00291510
633	P12273	IPI00022974			PIP_HUMAN
634	P12429	IPI00024095			ANXA3_HUMAN
635	P12724				ECP_HUMAN
636	P12814				ACTN1_HUMAN
637	P12829	IPI00384992			MYL4_HUMAN
638	P12882				MYH1_HUMAN
639	P12883				MYH7_HUMAN
640	P12955	IPI00257882	112491419		PEPD_HUMAN
641	P13010	IPI00220834
642	P13489	IPI00550069	21361547;190848		RINI_HUMAN
643	P13535				MYH8_HUMAN
644	P13637				AT1A3_HUMAN
645	P13639	IPI00186290			EF2_HUMAN
646	P13645				K1C10_HUMAN
647	P13646				K1C13_HUMAN
648	P13647				K2C5_HUMAN
649	P13667		4758304		PDIA4_HUMAN
650	P13671				CO6_HUMAN
651	P13693	IPI00550900			TCTP_HUMAN
652	P13716	IPI00442121	248839		HEM2_HUMAN
653	P13727	IPI00010341
654	P13796	IPI00010471			PLSL_HUMAN
655	P13798	IPI00337741	7144648		ACPH_HUMAN
656	P13807				GYS1_HUMAN
657	P13929				ENOB_HUMAN
658	P13987	IPI00011302			CD59_HUMAN
659	P14091				CATE_HUMAN
660	P14174	IPI00293276			MIF_HUMAN
661	P14209	IPI00253036			CD99_HUMAN
662	P14314				GLU2B_HUMAN
663	P14317	IPI00026156			HCLS1_HUMAN
664	P14324				FPPS_HUMAN
665	P14415				AT1B2_HUMAN
666	P14550	IPI00220271	5174391		AK1A1_HUMAN
667	P14618	IPI00220644;IPI00479186			KPYM_HUMAN
668	P14625		15010550		ENPL_HUMAN
669	P14672	IPI00027281			GLUT4_HUMAN
670	P14735	IPI00220373	184556		IDE_HUMAN
671	P14868	IPI00216951			SYDC_HUMAN
672	P14923				PLAK_HUMAN
673	P15104	IPI00010130
674	P15121	IPI00413641			ALDR_HUMAN
675	P15144	IPI00221224
676	P15169				CBPN_HUMAN
677	P15170	IPI00218829			ERF3A_HUMAN
678	P15259	IPI00218570
679	P15311	IPI00843975	119717		EZRI_HUMAN
680	P15374	IPI00011250	5174741		UCHL3_HUMAN
681	P15531	IPI00012048	35068;38045913		NDKA_HUMAN
682	P15735	IPI00012891			PHKG2_HUMAN
683	P15814				IGLL1_HUMAN
684	P15924		1147813		DESP_HUMAN
685	P16070	IPI00297160	950419		CD44_HUMAN
686	P16083	IPI00219129			NQO2_HUMAN
687	P16104				H2AX_HUMAN
688	P16152	IPI00295386	4502599		CBR1_HUMAN
689	P16157	IPI00216697;IPI00297532;IPI00374973;IPI00654646;IPI00744408;IPI00744846;IPI00744895;IPI00744986;IPI00745348;IPI00747536;IPI00747552;IPI00748074;IPI00748330;IPI00748439;IPI00748895;IPI00749301	62088416		ANK1_HUMAN
690	P16401				H15_HUMAN
691	P16403	IPI00217465			H12_HUMAN
692	P16452	IPI00028120	112798		EPB42_HUMAN
693	P16473	IPI00028642
694	P16615				AT2A2_HUMAN
695	P16671				CD36_HUMAN
696	P16930	IPI00031708			FAAA_HUMAN
697	P16949	IPI00479997			STMN1_HUMAN
698	P16989	IPI00031801			YBOX3_HUMAN
699	P17066	IPI00339269	34419635
700	P17174	IPI00219029	4504067		AATC_HUMAN
701	P17213				BPI_HUMAN
702	P17612	IPI00217960;IPI00396630			KAPCA_HUMAN
703	P17655	IPI00289758
704	P17812	IPI00290142			PYRG1_HUMAN
705	P17813	IPI00017567			EGLN_HUMAN
706	P17858	IPI00332371			PFKAL_HUMAN
707	P17927				CR1_HUMAN
708	P17931	IPI00465431	1196442		LEG3_HUMAN
709	P17980	IPI00018398			PRS6A_HUMAN
710	P17987	IPI00290566	57863257		TCPA_HUMAN
711	P18077	IPI00029731
712	P18124		35903		RL7_HUMAN
713	P18206	IPI00291175;IPI00307162			VINC_HUMAN
714	P18428				LBP_HUMAN
715	P18433				PTPRA_HUMAN
716	P18440				ARY1_HUMAN
717	P18577				RHCE_HUMAN
718	P18621	IPI00413324
719	P18669	IPI00549725			PGAM1_HUMAN
720	P19013				K2C4_HUMAN
721	P19105				ML12A_HUMAN
722	P19256		4502677		LFA3_HUMAN
723	P19367				HXK1_HUMAN
724	P19474	IPI00018971			RO52_HUMAN
725	P19623	IPI00292020
726	P19652				A1AG2_HUMAN
727	P19784	IPI00020602			CSK22_HUMAN
728	P19823				ITIH2_HUMAN
729	P19827				ITIH1_HUMAN
730	P20020	IPI00021695			AT2B1_HUMAN
731	P20042	IPI00021728			IF2B_HUMAN
732	P20073	IPI00002460;IPI00021771			ANXA7_HUMAN
733	P20290	IPI00221035
734	P20339	IPI00023510			RAB5A_HUMAN
735	P20340	IPI00023526;IPI00217943			RAB6A_HUMAN
736	P20618	IPI00025019	12653473		PSB1_HUMAN
737	P20700				LMNB1_HUMAN
738	P20810	IPI00220857;IPI00305750;IPI00760715;IPI00761035;IPI00761160	12056962		ICAL_HUMAN
739	P20851				C4BPB_HUMAN
740	P20930	IPI00026256	60097902
741	P20962	IPI00550020
742	P21108	IPI00218371
743	P21266	IPI00246975	306820		GSTM3_HUMAN
744	P21281	IPI00007812	522193		VATB2_HUMAN
745	P21291	IPI00442073
746	P21333	IPI00302592;IPI00333541			FLNA_HUMAN
747	P21399	IPI00008485			ACOHC_HUMAN
748	P21964	IPI00011284			COMT_HUMAN
749	P21980	IPI00294578	39777597		TGM2_HUMAN
750	P22059				OSBP1_HUMAN
751	P22061	IPI00411680			PIMT_HUMAN
752	P22102	IPI00025273			PUR2_HUMAN
753	P22234	IPI00815732			PUR6_HUMAN
754	P22303		52352734		ACES_HUMAN
755	P22314	IPI00645078	23510338;35830		UBA1_HUMAN
756	P22352				GPX3_HUMAN
757	P22392	IPI00026260;IPI00795292			NDKB_HUMAN
758	P22532	IPI00386598
759	P22694	IPI00376119	4506057		KAPCB_HUMAN
760	P22792				CPN2_HUMAN
761	P22891	IPI00027843
762	P23142				FBLN1_HUMAN
763	P23193	IPI00333215	45439355		TCEA1_HUMAN
764	P23219				PGH1_HUMAN
765	P23258	IPI00295081
766	P23276	IPI00220459			KELL_HUMAN
767	P23284	IPI00646304	118090		PPIB_HUMAN
768	P23381	IPI00295400	40889611		SYWC_HUMAN
769	P23396	IPI00011253			RS3_HUMAN
770	P23443	IPI00216132
771	P23526	IPI00012007	239937451		SAHH_HUMAN
772	P23528	IPI00012011	5031635		COF1_HUMAN
773	P23588	IPI00012079	49258185		IF4B_HUMAN
774	P23610	IPI00012433
775	P23634	IPI00012490	14286105		AT2B4_HUMAN
776	P23743	IPI00333143			DGKA_HUMAN
777	P23919	IPI00013862			KTHY_HUMAN
778	P23921	IPI00013871	4506749		RIR1_HUMAN
779	P24158				PRTN3_HUMAN
780	P24298				ALAT1_HUMAN
781	P24390				ERD21_HUMAN
782	P24534	IPI00178440
783	P24539		13543618
784	P24666	IPI00218847;IPI00219861			PPAC_HUMAN
785	P24941	IPI00031681			CDK2_HUMAN
786	P25311				ZA2G_HUMAN
787	P25325	IPI00165360			THTM_HUMAN
788	P25445				TNR6_HUMAN
789	P25685	IPI00015947			DNJB1_HUMAN
790	P25686	IPI00220102			DNJB2_HUMAN
791	P25705				ATPA_HUMAN
792	P25786	IPI00016832;IPI00472442	4506179		PSA1_HUMAN
793	P25787	IPI00219622	4506181		PSA2_HUMAN
794	P25788	IPI00171199;IPI00419249	13528948		PSA3_HUMAN
795	P25789	IPI00299155	4506185		PSA4_HUMAN
796	P26038	IPI00219365			MOES_HUMAN
797	P26373				RL13_HUMAN
798	P26447	IPI00032313			S10A4_HUMAN
799	P26599	IPI00179964	4506243		PTBP1_HUMAN
800	P26639	IPI00329633	1464742
801	P26640	IPI00000873
802	P26641				EF1G_HUMAN
803	P26885	IPI00002535			FKBP2_HUMAN
804	P27105	IPI00219682	1103842		STOM_HUMAN
805	P27169	IPI00218732			PON1_HUMAN
806	P27348	IPI00018146	54696890;5803227		1433T_HUMAN
807	P27448		15042609		MARK3_HUMAN
808	P27449	IPI00018855			VATL_HUMAN
809	P27482	IPI00216984
810	P27635				RL10_HUMAN
811	P27695	IPI00215911
812	P27701				CD82_HUMAN
813	P27708	IPI00301263			PYR1_HUMAN
814	P27797	IPI00020599			CALR_HUMAN
815	P27824				CALX_HUMAN
816	P27918				PROP_HUMAN
817	P27986	IPI00021448
818	P28062	IPI00000783			PSB8_HUMAN
819	P28066	IPI00291922			PSA5_HUMAN
820	P28070	IPI00555956			PSB4_HUMAN
821	P28072	IPI00000811			PSB6_HUMAN
822	P28074	IPI00479306	1172607;30582393;558526		PSB5_HUMAN
823	P28161		494186		GSTM2_HUMAN
824	P28289	IPI00002375	4507553;12803651		TMOD1_HUMAN
825	P28482	IPI00003479			MK01_HUMAN
826	P28676	IPI00004524			GRAN_HUMAN
827	P28838	IPI00419237;IPI00789806			AMPL_HUMAN
828	P28907				CD38_HUMAN
829	P29144	IPI00020416	339878		TPP2_HUMAN
830	P29218	IPI00020906			IMPA1_HUMAN
831	P29353	IPI00021326
832	P29401				TKT_HUMAN
833	P29508	IPI00022204
834	P29590	IPI00022348
835	P29622				KAIN_HUMAN
836	P29692	IPI00023048			EF1D_HUMAN
837	P29972	IPI00024689	1314306;19387211		AQP1_HUMAN
838	P29992				GNA11_HUMAN
839	P30040	IPI00024911			ERP29_HUMAN
840	P30041	IPI00220301	3318841		PRDX6_HUMAN
841	P30043	IPI00783862	4502419		BLVRB_HUMAN
842	P30044	IPI00024915			PRDX5_HUMAN
843	P30046	IPI00293867	4503291		DOPD_HUMAN
844	P30048				PRDX3_HUMAN
845	P30050	IPI00024933			RL12_HUMAN
846	P30085				KCY_HUMAN
847	P30086	IPI00219446	4505621		PEBP1_HUMAN
848	P30101	IPI00025252	21361657		PDIA3_HUMAN
849	P30153	IPI00554737	231443		2AAA_HUMAN
850	P30154	IPI00294178;IPI00335449			2AAB_HUMAN
851	P30520	IPI00026833
852	P30566				PUR8_HUMAN
853	P30613	IPI00027165	189996		KPYR_HUMAN
854	P30626	IPI00027175			SORCN_HUMAN
855	P30711	IPI00741097			GSTT1_HUMAN
856	P30740	IPI00027444			ILEU_HUMAN
857	P30825				CTR1_HUMAN
858	P30838	IPI00296183
859	P31146	IPI00010133			COR1A_HUMAN
860	P31150	IPI00010154	4503971		GDIA_HUMAN
861	P31151	IPI00219806			S10A7_HUMAN
862	P31153	IPI00010157			METK2_HUMAN
863	P31323	IPI00554752			KAP3_HUMAN
864	P31327				CPSM_HUMAN
865	P31939	IPI00289499	20127454;1263196		PUR9_HUMAN
866	P31942	IPI00013877			HNRH3_HUMAN
867	P31943	IPI00013881			HNRH1_HUMAN
868	P31944				CASPE_HUMAN
869	P31946	IPI00216318;IPI00759832	4507949		1433B_HUMAN
870	P31947	IPI00013890	5454052
871	P31948	IPI00013894			STIP1_HUMAN
872	P31949	IPI00013895
873	P32119	IPI00027350	9955007		PRDX2_HUMAN
874	P32121	IPI00180375			ARRB2_HUMAN
875	P32856		47117845		STX2_HUMAN
876	P32969				RL9_HUMAN
877	P33121	IPI00012728
878	P33176	IPI00012837			KINH_HUMAN
879	P33241	IPI00013260
880	P33527	IPI00008338			MRP1_HUMAN
881	P34896	IPI00220668			GLYC_HUMAN
882	P34931		188492
883	P34932	IPI00002966	38327039;6226869		HSP74_HUMAN
884	P35030				TRY3_HUMAN
885	P35219	IPI00219669			CAH8_HUMAN
886	P35232	IPI00017334
887	P35236	IPI00081833			PTN7_HUMAN
888	P35240		18044276		MERL_HUMAN
889	P35241		4506467		RADI_HUMAN
890	P35268	IPI00219153			RL22_HUMAN
891	P35527	IPI00019359			K1C9_HUMAN
892	P35542				SAA4_HUMAN
893	P35573	IPI00219065
894	P35579	IPI00019502;IPI00395772	12667788		MYH9_HUMAN
895	P35580	IPI00397526			MYH10_HUMAN
896	P35606				COPB2_HUMAN
897	P35611	IPI00019901;IPI00220158	12644231;29826319		ADDA_HUMAN
898	P35612	IPI00019904	9257192		ADDB_HUMAN
899	P35613	IPI00019906	20146101		BASI_HUMAN
900	P35670				ATP7B_HUMAN
901	P35754	IPI00219025	4504025		GLRX1_HUMAN
902	P35813	IPI00020950			PPM1A_HUMAN
903	P35858				ALS_HUMAN
904	P35908				K22E_HUMAN
905	P35998	IPI00021435	4506209		PRS7_HUMAN
906	P36404	IPI00003326
907	P36405	IPI00003327
908	P36507	IPI00003783			MP2K2_HUMAN
909	P36543	IPI00003856	313014		VATE1_HUMAN
910	P36578				RL4_HUMAN
911	P36871				PGM1_HUMAN
912	P36915	IPI00396387			GNL1_HUMAN
913	P36955				PEDF_HUMAN
914	P36959	IPI00304803	182867		GMPR1_HUMAN
915	P36969	IPI00304814;IPI00745335			GPX4_HUMAN
916	P37108	IPI00293434
917	P37235	IPI00219344
918	P37802	IPI00550363	12803567		TAGL2_HUMAN
919	P37837	IPI00744692	5803187		TALDO_HUMAN
920	P37840	IPI00024107;IPI00218467			SYUA_HUMAN
921	P38117		4503609
922	P38159	IPI00304692			RBMX_HUMAN
923	P38606	IPI00007682	15341906		VATA_HUMAN
924	P38646		18645123
925	P38919	IPI00009328	496902		IF4A3_HUMAN
926	P39019	IPI00215780
927	P39023				RL3_HUMAN
928	P39656				OST48_HUMAN
929	P39687	IPI00025849	62898121		AN32A_HUMAN
930	P40121	IPI00027341
931	P40227	IPI00027626	58331171		TCPZ_HUMAN
932	P40306	IPI00027933
933	P40429	IPI00304612
934	P40818		731046
935	P40855	IPI00441867
936	P40925		5174539		MDHC_HUMAN
937	P40926	IPI00291006			MDHM_HUMAN
938	P41091	IPI00297982	18044760		IF2G_HUMAN
939	P41214	IPI00013160			EIF2D_HUMAN
940	P41218				MNDA_HUMAN
941	P41227	IPI00013184
942	P41440				S19A1_HUMAN
943	P42025	IPI00029469			ACTY_HUMAN
944	P42226	IPI00030782
945	P42330	IPI00291483			AK1C3_HUMAN
946	P42338	IPI00031388			PK3CB_HUMAN
947	P42345	IPI00031410			MTOR_HUMAN
948	P42566	IPI00292134			EPS15_HUMAN
949	P42574	IPI00292140			CASP3_HUMAN
950	P42765				THIM_HUMAN
951	P42773	IPI00001564
952	P42858				HD_HUMAN
953	P43034	IPI00218728	40352755		LIS1_HUMAN
954	P43250		51896035		GRK6_HUMAN
955	P43251				BTD_HUMAN
956	P43307				SSRA_HUMAN
957	P43353	IPI00018031			AL3B1_HUMAN
958	P43405	IPI00018597			KSYK_HUMAN
959	P43487	IPI00414127			RANG_HUMAN
960	P43490	IPI00018873			NAMPT_HUMAN
961	P43652				AFAM_HUMAN
962	P43686	IPI00020042;IPI00216770			PRS6B_HUMAN
963	P45880				VDAC2_HUMAN
964	P45974	IPI00024664;IPI00375145	1122278		UBP5_HUMAN
965	P45985	IPI00024674
966	P46019				KPB2_HUMAN
967	P46060	IPI00294879			RAGP1_HUMAN
968	P46108	IPI00004838;IPI00399054			CRK_HUMAN
969	P46109	IPI00004839			CRKL_HUMAN
970	P46379	IPI00465128			BAG6_HUMAN
971	P46459	IPI00006451	21040484		NSF_HUMAN
972	P46734	IPI00218857;IPI00218858;IPI00220438	21618349		MP2K3_HUMAN
973	P46736				BRCC3_HUMAN
974	P46777				RL5_HUMAN
975	P46778				RL21_HUMAN
976	P46781	IPI00221088			RS9_HUMAN
977	P46782	IPI00008433			RS5_HUMAN
978	P46783	IPI00008438
979	P46926	IPI00009305			GNPI1_HUMAN
980	P46934				NEDD4_HUMAN
981	P46940	IPI00009342
982	P46976	IPI00180386
983	P47224	IPI00023939
984	P47755	IPI00026182	433308		CAZA2_HUMAN
985	P47756	IPI00026185;IPI00642256	80479060		CAPZB_HUMAN
986	P47813				IF1AX_HUMAN
987	P47929	IPI00219221
988	P48047		54696534
989	P48147	IPI00008164			PPCE_HUMAN
990	P48426	IPI00009688			PI42A_HUMAN
991	P48444	IPI00514053
992	P48506	IPI00215768	4557625		GSH1_HUMAN
993	P48507	IPI00010090			GSH0_HUMAN
994	P48509				CD151_HUMAN
995	P48556				PSMD8_HUMAN
996	P48637	IPI00010706	4504169		GSHB_HUMAN
997	P48643	IPI00010720	24307939		TCPE_HUMAN
998	P48668				K2C6C_HUMAN
999	P48729	IPI00183400	4388767		KC1A_HUMAN
1000	P48735				IDHP_HUMAN
1001	P48739	IPI00334907			PIPNB_HUMAN
1002	P48740				MASP1_HUMAN
1003	P49184				DNSL1_HUMAN
1004	P49189				AL9A1_HUMAN
1005	P49247	IPI00026513			RPIA_HUMAN
1006	P49257				LMAN1_HUMAN
1007	P49321	IPI00179953;IPI00332499
1008	P49327	IPI00026781	915392		FAS_HUMAN
1009	P49356	IPI00026817
1010	P49368	IPI00553185	14124984		TCPG_HUMAN
1011	P49407				ARRB1_HUMAN
1012	P49427	IPI00027120
1013	P49588	IPI00027442			SYAC_HUMAN
1014	P49589	IPI00556365			SYCC_HUMAN
1015	P49591	IPI00220637			SYSC_HUMAN
1016	P49593	IPI00291412			PPM1F_HUMAN
1017	P49720	IPI00028004	15278174		PSB3_HUMAN
1018	P49721	IPI00028006	4506195		PSB2_HUMAN
1019	P49755	IPI00028055			TMEDA_HUMAN
1020	P49768				PSN1_HUMAN
1021	P49770	IPI00028083	7657058
1022	P49773	IPI00239077			HINT1_HUMAN
1023	P49840		682745
1024	P49902	IPI00029054
1025	P49913				CAMP_HUMAN
1026	P49915	IPI00029079
1027	P49959				MRE11_HUMAN
1028	P50148	IPI00288947	1181671		GNAQ_HUMAN
1029	P50225				ST1A1_HUMAN
1030	P50395		4960030		GDIB_HUMAN
1031	P50402				EMD_HUMAN
1032	P50416	IPI00032038			CPT1A_HUMAN
1033	P50453	IPI00032139
1034	P50454				SERPH_HUMAN
1035	P50502	IPI00032826	19923193;904032		F10A1_HUMAN
1036	P50542	IPI00032931
1037	P50552	IPI00301058			VASP_HUMAN
1038	P50570	IPI00033022;IPI00218889	56549123		DYN2_HUMAN
1039	P50579	IPI00033036			MAP2_HUMAN
1040	P50583	IPI00221231
1041	P50747	IPI00301907
1042	P50895	IPI00002406	1708887		BCAM_HUMAN
1043	P50990	IPI00784090	47940653		TCPQ_HUMAN
1044	P50991	IPI00302927	76827901		TCPD_HUMAN
1045	P50993	IPI00003021
1046	P50995				ANX11_HUMAN
1047	P51148	IPI00016339	642532		RAB5C_HUMAN
1048	P51149	IPI00016342			RAB7A_HUMAN
1049	P51153	IPI00016373
1050	P51157	IPI00016377
1051	P51571	IPI00019385			SSRD_HUMAN
1052	P51610				HCFC1_HUMAN
1053	P51665	IPI00019927			PSMD7_HUMAN
1054	P51692	IPI00103415			STA5B_HUMAN
1055	P51784	IPI00184533
1056	P51790				CLCN3_HUMAN
1057	P51811	IPI00020896			XK_HUMAN
1058	P51812	IPI00020898			KS6A3_HUMAN
1059	P51858	IPI00020956			HDGF_HUMAN
1060	P51884				LUM_HUMAN
1061	P51991	IPI00419373	34740329		ROA3_HUMAN
1062	P52209	IPI00219525	12653201		6PGD_HUMAN
1063	P52294	IPI00303292	12804301		IMA5_HUMAN
1064	P52298	IPI00183500
1065	P52434	IPI00003309
1066	P52565	IPI00003815			GDIR1_HUMAN
1067	P52566	IPI00003817	56676393		GDIR2_HUMAN
1068	P52594	IPI00304693			AGFG1_HUMAN
1069	P52597				HNRPF_HUMAN
1070	P52657	IPI00004353
1071	P52758	IPI00005038			RIDA_HUMAN
1072	P52788	IPI00005102
1073	P52888	IPI00549189	12652769		THOP1_HUMAN
1074	P52907	IPI00005969	62898013		CAZA1_HUMAN
1075	P53004	IPI00294158	13543489		BIEA_HUMAN
1076	P53041	IPI00019812	897761		PPP5_HUMAN
1077	P53367	IPI00021258	7657210
1078	P53384	IPI00021277
1079	P53396	IPI00021290	28935		ACLY_HUMAN
1080	P53582	IPI00022239
1081	P53602	IPI00022745			MVD1_HUMAN
1082	P53611	IPI00295849
1083	P53621	IPI00295857			COPA_HUMAN
1084	P53680	IPI00219840			AP2S1_HUMAN
1085	P53985	IPI00024650			MOT1_HUMAN
1086	P53990	IPI00024660;IPI00420088			IST1_HUMAN
1087	P54105	IPI00004795			ICLN_HUMAN
1088	P54136	IPI00004860;IPI00759723			SYRC_HUMAN
1089	P54252				ATX3_HUMAN
1090	P54577	IPI00007074			SYYC_HUMAN
1091	P54578	IPI00219913	13097696;4827050		UBP14_HUMAN
1092	P54619				AAKG1_HUMAN
1093	P54652	IPI00007702	4204880		HSP72_HUMAN
1094	P54707	IPI00008161
1095	P54709				AT1B3_HUMAN
1096	P54725	IPI00008219	4826964		RD23A_HUMAN
1097	P54727	IPI00008223			RD23B_HUMAN
1098	P54852				EMP3_HUMAN
1099	P54920	IPI00009253			SNAA_HUMAN
1100	P55010	IPI00022648			IF5_HUMAN
1101	P55036	IPI00022694	48735381		PSMD4_HUMAN
1102	P55039	IPI00022697
1103	P55060	IPI00022744;IPI00219994	3560557		XPO2_HUMAN
1104	P55072	IPI00022774	6005942		TERA_HUMAN
1105	P55160	IPI00023407
1106	P55209	IPI00023860			NP1L1_HUMAN
1107	P55212				CASP6_HUMAN
1108	P55263	IPI00234368;IPI00290279			ADK_HUMAN
1109	P55786	IPI00026216	4210726		PSA_HUMAN
1110	P55957	IPI00413587;IPI00420084			BID_HUMAN
1111	P56537	IPI00010105			IF6_HUMAN
1112	P56557	IPI00010146
1113	P57737	IPI00027996			CORO7_HUMAN
1114	P57764	IPI00028027
1115	P57772	IPI00028050			SELB_HUMAN
1116	P58107	IPI00010951
1117	P58546				MTPN_HUMAN
1118	P59190	IPI00394882	27734452
1119	P59665	IPI00005721
1120	P59768				GBG2_HUMAN
1121	P59998	IPI00554811			ARPC4_HUMAN
1122	P60174		4507645		TPIS_HUMAN
1123	P60510	IPI00012833
1124	P60520	IPI00026358			GBRL2_HUMAN
1125	P60660	IPI00335168			MYL6_HUMAN
1126	P60709	IPI00021439	14250401		ACTB_HUMAN
1127	P60842	IPI00025491	4503529		IF4A1_HUMAN
1128	P60866	IPI00012493
1129	P60891	IPI00219616	4506127		PRPS1_HUMAN
1130	P60900	IPI00029623	296736		PSA6_HUMAN
1131	P60953	IPI00016786	374977519		CDC42_HUMAN
1132	P60981	IPI00473014
1133	P60983				GMFB_HUMAN
1134	P61006	IPI00028481	16933567		RAB8A_HUMAN
1135	P61009				SPCS3_HUMAN
1136	P61018	IPI00477489	33150586
1137	P61019	IPI00031169	4506365		RAB2A_HUMAN
1138	P61020	IPI00017344	4506371		RAB5B_HUMAN
1139	P61026	IPI00016513			RAB10_HUMAN
1140	P61077				UB2D3_HUMAN
1141	P61081	IPI00022597	4507791
1142	P61086	IPI00021370			UBE2K_HUMAN
1143	P61088	IPI00003949			UBE2N_HUMAN
1144	P61106	IPI00291928			RAB14_HUMAN
1145	P61158	IPI00028091			ARP3_HUMAN
1146	P61160	IPI00005159			ARP2_HUMAN
1147	P61163	IPI00029468			ACTZ_HUMAN
1148	P61201	IPI00018813;IPI00743825			CSN2_HUMAN
1149	P61204	IPI00215917	4502203		ARF3_HUMAN
1150	P61221	IPI00303207			ABCE1_HUMAN
1151	P61224	IPI00015148	7661678		RAP1B_HUMAN
1152	P61225	IPI00018364	38201690		RAP2B_HUMAN
1153	P61247	IPI00419880
1154	P61254	IPI00027270
1155	P61326	IPI00219306			MGN_HUMAN
1156	P61353	IPI00219155
1157	P61421	IPI00034159			VA0D1_HUMAN
1158	P61586		307375		RHOA_HUMAN
1159	P61599	IPI00007174
1160	P61626	IPI00019038
1161	P61758				PFD3_HUMAN
1162	P61764		4507297
1163	P61769				B2MG_HUMAN
1164	P61923	IPI00032851			COPZ1_HUMAN
1165	P61956	IPI00299149			SUMO2_HUMAN
1166	P61960	IPI00010207			UFM1_HUMAN
1167	P61962	IPI00006754
1168	P61966	IPI00152898			AP1S1_HUMAN
1169	P61970	IPI00009901			NTF2_HUMAN
1170	P61978	IPI00216049;IPI00216746;IPI00807545	4758012		HNRPK_HUMAN
1171	P61981	IPI00220642	82407958;5726310		1433G_HUMAN
1172	P62081	IPI00013415			RS7_HUMAN
1173	P62136				PP1A_HUMAN
1174	P62140	IPI00218236			PP1B_HUMAN
1175	P62158	IPI00075248
1176	P62166	IPI00219110
1177	P62191	IPI00011126	16741033		PRS4_HUMAN
1178	P62195	IPI00023919			PRS8_HUMAN
1179	P62244	IPI00221091
1180	P62249	IPI00221092			RS16_HUMAN
1181	P62256	IPI00020965
1182	P62258	IPI00000816	5803225		1433E_HUMAN
1183	P62263	IPI00026271
1184	P62266	IPI00218606
1185	P62269	IPI00013296
1186	P62273	IPI00182289
1187	P62277	IPI00221089
1188	P62280	IPI00025091
1189	P62310	IPI00219229
1190	P62312	IPI00001146
1191	P62318		4759160
1192	P62328				TYB4_HUMAN
1193	P62330	IPI00215920			ARF6_HUMAN
1194	P62333				PRS10_HUMAN
1195	P62341				SELT_HUMAN
1196	P62424				RL7A_HUMAN
1197	P62487	IPI00218895
1198	P62495	IPI00429191	56789236		ERF1_HUMAN
1199	P62633	IPI00430812;IPI00430814
1200	P62701	IPI00217030			RS4X_HUMAN
1201	P62714	IPI00429689			PP2AB_HUMAN
1202	P62745				RHOB_HUMAN
1203	P62750				RL23A_HUMAN
1204	P62753	IPI00021840			RS6_HUMAN
1205	P62805	IPI00453473			H4_HUMAN
1206	P62820	IPI00005719			RAB1A_HUMAN
1207	P62826	IPI00643041	4092054		RAN_HUMAN
1208	P62829	IPI00010153
1209	P62834	IPI00019345	4506413		RAP1A_HUMAN
1210	P62847	IPI00029750
1211	P62851	IPI00012750
1212	P62873	IPI00026268			GBB1_HUMAN
1213	P62877	IPI00003386			RBX1_HUMAN
1214	P62879	IPI00003348			GBB2_HUMAN
1215	P62888	IPI00219156			RL30_HUMAN
1216	P62899	IPI00026302
1217	P62906	IPI00412579	531171
1218	P62913	IPI00376798			RL11_HUMAN
1219	P62917	IPI00012772			RL8_HUMAN
1220	P62937	IPI00419585	2981734;10863927		PPIA_HUMAN
1221	P62942				FKB1A_HUMAN
1222	P62979	IPI00179330
1223	P62987	IPI00456429			RL40_HUMAN
1224	P62993	IPI00021327
1225	P63000	IPI00010271			RAC1_HUMAN
1226	P63010	IPI00784156			AP2B1_HUMAN
1227	P63092		18426900		GNAS2_HUMAN
1228	P63096				GNAI1_HUMAN
1229	P63104	IPI00021263			1433Z_HUMAN
1230	P63146				UBE2B_HUMAN
1231	P63165	IPI00303105			SUMO1_HUMAN
1232	P63208	IPI00172421;IPI00301364	1017813		SKP1_HUMAN
1233	P63218				GBG5_HUMAN
1234	P63220	IPI00017448
1235	P63241	IPI00376005;IPI00411704	4503545		IF5A1_HUMAN
1236	P63244				RACK1_HUMAN
1237	P63261				ACTG_HUMAN
1238	P63279	IPI00032957			UBC9_HUMAN
1239	P67775	IPI00008380			PP2AA_HUMAN
1240	P67809				YBOX1_HUMAN
1241	P67812				SC11A_HUMAN
1242	P67870	IPI00010865	181155		CSK2B_HUMAN
1243	P67936	IPI00010779			TPM4_HUMAN
1244	P68032				ACTC_HUMAN
1245	P68036	IPI00021347			UB2L3_HUMAN
1246	P68104	IPI00396485			EF1A1_HUMAN
1247	P68133	IPI00021428			ACTS_HUMAN
1248	P68363				TBA1B_HUMAN
1249	P68366				TBA4A_HUMAN
1250	P68371	IPI00007752			TBB4B_HUMAN
1251	P68400				CSK21_HUMAN
1252	P68402	IPI00026546			PA1B2_HUMAN
1253	P68871	IPI00654755	71727231		HBB_HUMAN
1254	P69891	IPI00220706			HBG1_HUMAN
1255	P69892				HBG2_HUMAN
1256	P69905	IPI00410714			HBA_HUMAN
1257	P78310				CXAR_HUMAN
1258	P78318	IPI00019148	4557663		IGBP1_HUMAN
1259	P78368				KC1G2_HUMAN
1260	P78371	IPI00297779			TCPB_HUMAN
1261	P78386				KRT85_HUMAN
1262	P78417	IPI00019755	4758484		GSTO1_HUMAN
1263	P78527	IPI00296337			PRKDC_HUMAN
1264	P78560	IPI00020364
1265	P80188				NGAL_HUMAN
1266	P80217	IPI00008613			IN35_HUMAN
1267	P80303				NUCB2_HUMAN
1268	P80748				LV321_HUMAN
1269	P81605	IPI00027547			DCD_HUMAN
1270	P84077	IPI00215914			ARF1_HUMAN
1271	P84095				RHOG_HUMAN
1272	P98172				EFNB1_HUMAN
1273	P98179	IPI00024320
1274	Q00013	IPI00215610	4505237		EM55_HUMAN
1275	Q00169	IPI00216048			PIPNA_HUMAN
1276	Q00577	IPI00023591			PURA_HUMAN
1277	Q00610	IPI00024067;IPI00455383	4758012		CLH1_HUMAN
1278	Q00688	IPI00024157			FKBP3_HUMAN
1279	Q00765	IPI00024670			REEP5_HUMAN
1280	Q00796	IPI00216057			DHSO_HUMAN
1281	Q01082	IPI00005614
1282	Q01105	IPI00072377
1283	Q01415				GALK2_HUMAN
1284	Q01432	IPI00300573			AMPD3_HUMAN
1285	Q01469	IPI00007797			FABP5_HUMAN
1286	Q01518	IPI00008274;IPI00639931			CAP1_HUMAN
1287	Q01658	IPI00008991
1288	Q01970	IPI00010400
1289	Q02094	IPI00024094			RHAG_HUMAN
1290	Q02161				RHD_HUMAN
1291	Q02413				DSG1_HUMAN
1292	Q02750	IPI00219604			MP2K1_HUMAN
1293	Q02790	IPI00219005			FKBP4_HUMAN
1294	Q02878				RL6_HUMAN
1295	Q02952				AKA12_HUMAN
1296	Q02978				M2OM_HUMAN
1297	Q04323	IPI00027378;IPI00396563			UBXN1_HUMAN
1298	Q04446	IPI00296635			GLGB_HUMAN
1299	Q04637				IF4G1_HUMAN
1300	Q04656	IPI00028610			ATP7A_HUMAN
1301	Q04695				K1C17_HUMAN
1302	Q04760	IPI00220766			LGUL_HUMAN
1303	Q04828	IPI00029733
1304	Q04917	IPI00216319			1433F_HUMAN
1305	Q04941	IPI00030362			PLP2_HUMAN
1306	Q05315	IPI00216071			LEG10_HUMAN
1307	Q05639	IPI00014424
1308	Q05BQ5				MBTD1_HUMAN
1309	Q05DK5		9257192
1310	Q06033				ITIH3_HUMAN
1311	Q06124	IPI00298347;IPI00658023			PTN11_HUMAN
1312	Q06187	IPI00029132
1313	Q06323	IPI00479722	5453990		PSME1_HUMAN
1314	Q06830	IPI00000874	32455264		PRDX1_HUMAN
1315	Q07020				RL18_HUMAN
1316	Q07812	IPI00071059;IPI00443773;IPI00444945	32880011
1317	Q07817	IPI00019983;IPI00219133;IPI00219134	32880011
1318	Q07960	IPI00020567	4757766		RHG01_HUMAN
1319	Q08188	IPI00300376
1320	Q08211				DHX9_HUMAN
1321	Q08257				QOR_HUMAN
1322	Q08378	IPI00305267
1323	Q08495	IPI00292290	13623437;16924309		DEMA_HUMAN
1324	Q08554				DSC1_HUMAN
1325	Q08623	IPI00302436
1326	Q08722	IPI00216514	22713604		CD47_HUMAN
1327	Q08AM6	IPI00025160	39780552		VAC14_HUMAN
1328	Q09161	IPI00019380			NCBP1_HUMAN
1329	Q0IJ56		19923193
1330	Q0JRZ9	IPI00472794			FCHO2_HUMAN
1331	Q0VDF9	IPI00292499
1332	Q10567	IPI00328257;IPI00413947			AP1B1_HUMAN
1333	Q12765	IPI00289862			SCRN1_HUMAN
1334	Q12792	IPI00815767
1335	Q12846	IPI00029730	30583491		STX4_HUMAN
1336	Q12857	IPI00029745
1337	Q12905	IPI00005198
1338	Q12906	IPI00219330;IPI00298788;IPI00298789;IPI00414335;IPI00556173	32880011
1339	Q12907	IPI00009950			LMAN2_HUMAN
1340	Q12931	IPI00030275
1341	Q12955				ANK3_HUMAN
1342	Q12959		2497504		DLG1_HUMAN
1343	Q12981				SEC20_HUMAN
1344	Q12986	IPI00843917			NFX1_HUMAN
1345	Q13057	IPI00184821			COASY_HUMAN
1346	Q13087	IPI00011571
1347	Q13098	IPI00156282;IPI00414289	32880011		CSN1_HUMAN
1348	Q13107	IPI00011836
1349	Q13113				PDZ1I_HUMAN
1350	Q13126				MTAP_HUMAN
1351	Q13131	IPI00410287			AAPK1_HUMAN
1352	Q13136		1345400
1353	Q13144		15488926		EI2BE_HUMAN
1354	Q13148	IPI00025815	62897067
1355	Q13153	IPI00289746;IPI00656138
1356	Q13158	IPI00011919
1357	Q13162				PRDX4_HUMAN
1358	Q13177		32483399		PAK2_HUMAN
1359	Q13185	IPI00297579			CBX3_HUMAN
1360	Q13200	IPI00012268	14043916		PSMD2_HUMAN
1361	Q13201				MMRN1_HUMAN
1362	Q13228	IPI00012303	16306550		SBP1_HUMAN
1363	Q13283	IPI00012442			G3BP1_HUMAN
1364	Q13287	IPI00012450
1365	Q13303				KCAB2_HUMAN
1366	Q13310	IPI00555747
1367	Q13325	IPI00012756	6912630		IFIT5_HUMAN
1368	Q13336	IPI00298337			UT1_HUMAN
1369	Q13347	IPI00012795
1370	Q13363	IPI00012835
1371	Q13393				PLD1_HUMAN
1372	Q13404	IPI00472498	2689608		UB2V1_HUMAN
1373	Q13409				DC1I2_HUMAN
1374	Q13418				ILK_HUMAN
1375	Q13439				GOGA4_HUMAN
1376	Q13442	IPI00013297			HAP28_HUMAN
1377	Q13445				TMED1_HUMAN
1378	Q13451	IPI00218775
1379	Q13464	IPI00022542
1380	Q13480	IPI00031068
1381	Q13492	IPI00216184	25090897		PICAL_HUMAN
1382	Q13509				TBB3_HUMAN
1383	Q13526	IPI00013723			PIN1_HUMAN
1384	Q13530				SERC3_HUMAN
1385	Q13541	IPI00002569
1386	Q13561	IPI00220503			DCTN2_HUMAN
1387	Q13564	IPI00018968	4502169		ULA1_HUMAN
1388	Q13576	IPI00299048			IQGA2_HUMAN
1389	Q13610	IPI00014298
1390	Q13616	IPI00014310	32307161		CUL1_HUMAN
1391	Q13617	IPI00014311	19482174		CUL2_HUMAN
1392	Q13618	IPI00014312;IPI00382458	3139079		CUL3_HUMAN
1393	Q13619	IPI00419273			CUL4A_HUMAN
1394	Q13620	IPI00179057
1395	Q13630	IPI00014361			FCL_HUMAN
1396	Q13724				MOGS_HUMAN
1397	Q13765	IPI00023748	62897731		NACA_HUMAN
1398	Q13790				APOF_HUMAN
1399	Q13813				SPTN1_HUMAN
1400	Q13835	IPI00071509
1401	Q13838	IPI00641829
1402	Q13867	IPI00219575	7245509		BLMH_HUMAN
1403	Q13885				TBB2A_HUMAN
1404	Q13951				PEBB_HUMAN
1405	Q14004	IPI00029162
1406	Q14008	IPI00028275	3121951		CKAP5_HUMAN
1407	Q14019	IPI00017704
1408	Q14103	IPI00028888;IPI00220684	181914		HNRPD_HUMAN
1409	Q14116	IPI00290198
1410	Q14137		23830903
1411	Q14141				SEPT6_HUMAN
1412	Q14151	IPI00005648
1413	Q14156				EFR3A_HUMAN
1414	Q14165				MLEC_HUMAN
1415	Q14166	IPI00029048			TTL12_HUMAN
1416	Q14202	IPI00029484
1417	Q14203	IPI00219114	1419567		DCTN1_HUMAN
1418	Q14232	IPI00221300			EI2BA_HUMAN
1419	Q14240	IPI00409717			IF4A2_HUMAN
1420	Q14247	IPI00029601			SRC8_HUMAN
1421	Q14254				FLOT2_HUMAN
1422	Q14258				TRI25_HUMAN
1423	Q14320	IPI00030098
1424	Q14344	IPI00290928	404722		GNA13_HUMAN
1425	Q14376	IPI00553131			GALE_HUMAN
1426	Q14525				KT33B_HUMAN
1427	Q14558	IPI00291578			KPRA_HUMAN
1428	Q14624				ITIH4_HUMAN
1429	Q14651	IPI00032304
1430	Q14653	IPI00291901
1431	Q14677	IPI00291930			EPN4_HUMAN
1432	Q14684	IPI00032374
1433	Q14691	IPI00032387
1434	Q14697	IPI00011454			GANAB_HUMAN
1435	Q14738	IPI00000030	31083288		2A5D_HUMAN
1436	Q14749				GNMT_HUMAN
1437	Q14764	IPI00000105
1438	Q14766				LTBP1_HUMAN
1439	Q14773	IPI00000118			ICAM4_HUMAN
1440	Q14790	IPI00000149
1441	Q14847	IPI00000861;IPI00386803			LASP1_HUMAN
1442	Q14919	IPI00003084
1443	Q14938				NFIX_HUMAN
1444	Q14974	IPI00001639	1100994		IMB1_HUMAN
1445	Q14C86	IPI00292753	81337842		GAPD1_HUMAN
1446	Q14CX7	IPI00025890
1447	Q14TF0		54288831;4557625
1448	Q15003	IPI00299507			CND2_HUMAN
1449	Q15005				SPCS2_HUMAN
1450	Q15008	IPI00014151			PSMD6_HUMAN
1451	Q15018	IPI00299517			ABRX2_HUMAN
1452	Q15019	IPI00014177			SEPT2_HUMAN
1453	Q15021	IPI00299524			CND1_HUMAN
1454	Q15027				ACAP1_HUMAN
1455	Q15041				AR6P1_HUMAN
1456	Q15042		55743118		RB3GP_HUMAN
1457	Q15046	IPI00014238			SYK_HUMAN
1458	Q15057	IPI00014264
1459	Q15063	IPI00007960
1460	Q15075	IPI00329536
1461	Q15084		1710248		PDIA6_HUMAN
1462	Q15102	IPI00014808	4505587		PA1B3_HUMAN
1463	Q15121	IPI00014850
1464	Q15172	IPI00014978
1465	Q15173	IPI00014980
1466	Q15181	IPI00015018			IPYR_HUMAN
1467	Q15185	IPI00015029			TEBP_HUMAN
1468	Q15208	IPI00027251
1469	Q15223				NECT1_HUMAN
1470	Q15257	IPI00217296;IPI00217297;IPI00293102	29725611;19070472		PTPA_HUMAN
1471	Q15276	IPI00293009	31377798		RABE1_HUMAN
1472	Q15283	IPI00015811			RASA2_HUMAN
1473	Q15286	IPI00300096	5803135;54696910		RAB35_HUMAN
1474	Q15311		5803145
1475	Q15323				K1H1_HUMAN
1476	Q15363				TMED2_HUMAN
1477	Q15365	IPI00016610			PCBP1_HUMAN
1478	Q15366	IPI00216689	62087230		PCBP2_HUMAN
1479	Q15369	IPI00300341			ELOC_HUMAN
1480	Q15370	IPI00026670			ELOB_HUMAN
1481	Q15386	IPI00411748
1482	Q15404	IPI00017256			RSU1_HUMAN
1483	Q15418	IPI00017305
1484	Q15427	IPI00017339
1485	Q15435	IPI00033600;IPI00395771	4506013		PP1R7_HUMAN
1486	Q15436		1296664
1487	Q15437	IPI00017376
1488	Q15438	IPI00328228;IPI00478608
1489	Q15477	IPI00414819
1490	Q15485				FCN2_HUMAN
1491	Q15493				RGN_HUMAN
1492	Q15517				CDSN_HUMAN
1493	Q15555	IPI00003420
1494	Q15628	IPI00018744
1495	Q15631	IPI00018768			TSN_HUMAN
1496	Q15653	IPI00161119
1497	Q15691	IPI00017596	80475947		MARE1_HUMAN
1498	Q15750	IPI00019459
1499	Q15758				AAAT_HUMAN
1500	Q15796	IPI00019548
1501	Q15811	IPI00220594			ITSN1_HUMAN
1502	Q15819	IPI00019600			UB2V2_HUMAN
1503	Q15831				STK11_HUMAN
1504	Q15833				STXB2_HUMAN
1505	Q15836	IPI00549343			VAMP3_HUMAN
1506	Q15843	IPI00020008			NEDD8_HUMAN
1507	Q15848				ADIPO_HUMAN
1508	Q15904				VAS1_HUMAN
1509	Q15907	IPI00020436	49168476		RB11B_HUMAN
1510	Q15942				ZYX_HUMAN
1511	Q16181				SEPT7_HUMAN
1512	Q16186	IPI00033030	28373194		ADRM1_HUMAN
1513	Q16204				CCDC6_HUMAN
1514	Q16401	IPI00002134			PSMD5_HUMAN
1515	Q16512	IPI00002803
1516	Q16531	IPI00293464			DDB1_HUMAN
1517	Q16543	IPI00013122			CDC37_HUMAN
1518	Q16555	IPI00257508			DPYL2_HUMAN
1519	Q16563	IPI00009507;IPI00335277			SYPL1_HUMAN
1520	Q16570	IPI00002940			ACKR1_HUMAN
1521	Q16576	IPI00395865
1522	Q16621	IPI00003367
1523	Q16627				CCL14_HUMAN
1524	Q16658	IPI00163187			FSCN1_HUMAN
1525	Q16760	IPI00374804
1526	Q16774	IPI00182293			KGUA_HUMAN
1527	Q16775	IPI00003933;IPI00745553			GLO2_HUMAN
1528	Q16777				H2A2C_HUMAN
1529	Q16851	IPI00395676			UGPA_HUMAN
1530	Q16864	IPI00004488
1531	Q16881	IPI00554786;IPI00783641			TRXR1_HUMAN
1532	Q1KLZ0		15928803
1533	Q1WWM3		90441829
1534	Q1ZYL5		89954539
1535	Q27J81				INF2_HUMAN
1536	Q2KHT3	IPI00169441
1537	Q2TAA2	IPI00419194			IAH1_HUMAN
1538	Q2VPJ6		83318444
1539	Q32P51				RA1L2_HUMAN
1540	Q3LXA3	IPI00551024	85718637		TKFC_HUMAN
1541	Q3YEC7	IPI00827972			RABL6_HUMAN
1542	Q4G0F5	IPI00059264			VP26B_HUMAN
1543	Q4KMP7				TB10B_HUMAN
1544	Q4W4Y1		33339157
1545	Q53F93		62898353
1546	Q53FA7	IPI00384643			QORX_HUMAN
1547	Q53FE8		5531827
1548	Q53FT3	IPI00410091
1549	Q53FW2		62897899
1550	Q53FX5		62897873
1551	Q53GD8		62897547
1552	Q53GL7	IPI00064457			PAR10_HUMAN
1553	Q53GN4		12652891
1554	Q53GQ0	IPI00007676			DHB12_HUMAN
1555	Q53GZ6		62897129
1556	Q53H82	IPI00006952
1557	Q53H96				P5CR3_HUMAN
1558	Q53HE2		4507645
1559	Q53HF2		5729877
1560	Q53HW0		62896499
1561	Q53RX3		10190746
1562	Q53S08				RAB6D_HUMAN
1563	Q53T59	IPI00328868
1564	Q53TN2		20381082
1565	Q53TN4	IPI00100199	10440158		CYBR1_HUMAN
1566	Q53X12		18653904
1567	Q53XC0		12803385
1568	Q53XC2		7657058
1569	Q53XM7		4759302
1570	Q53Y51		4503291
1571	Q53ZX8		1616766
1572	Q548N1		17939518
1573	Q549N0		14719392
1574	Q562E7				WDR81_HUMAN
1575	Q562R1	IPI00003269			ACTBL_HUMAN
1576	Q58FF6				H90B4_HUMAN
1577	Q58WW2	IPI00157836			DCAF6_HUMAN
1578	Q59F12		4758274
1579	Q59GN6		31657101
1580	Q5D862	IPI00397801	59939295		FILA2_HUMAN
1581	Q5EBM0	IPI00410404
1582	Q5FWY2		18426900
1583	Q5H9R7	IPI00030624	76780104		PP6R3_HUMAN
1584	Q5H9U9	IPI00853133
1585	Q5HYI8		18088572
1586	Q5JS54				PSMG4_HUMAN
1587	Q5JSH3	IPI00444371	31874225
1588	Q5JWF2				GNAS1_HUMAN
1589	Q5JXB2	IPI00376844
1590	Q5JYT7	IPI00304549
1591	Q5QJ74	IPI00166956			TBCEL_HUMAN
1592	Q5R372	IPI00396010
1593	Q5R3I4	IPI00550644			TTC38_HUMAN
1594	Q5SRE5	IPI00385001
1595	Q5ST80		5031699
1596	Q5T013				HYI_HUMAN
1597	Q5T0D9	IPI00413578
1598	Q5T0N5	IPI00028718
1599	Q5T0T0				MARH8_HUMAN
1600	Q5T1M5	IPI00853400			FKB15_HUMAN
1601	Q5T2T1				MPP7_HUMAN
1602	Q5T3F8				CSCL2_HUMAN
1603	Q5T447	IPI00456642			HECD3_HUMAN
1604	Q5T4S7	IPI00180305;IPI00646605	19070472		UBR4_HUMAN
1605	Q5T6V5	IPI00170972			QSPP_HUMAN
1606	Q5T9C9				PI5L1_HUMAN
1607	Q5TA50	IPI00455408
1608	Q5TC63		38566150
1609	Q5TDH0	IPI00031618;IPI00796836	62955833		DDI2_HUMAN
1610	Q5U077		54696396;4557032
1611	Q5U091		54696336
1612	Q5U0A0		54696300
1613	Q5U0C3		54696200
1614	Q5U0F4		54696064
1615	Q5U0P9		54695646
1616	Q5VST6				AB17B_HUMAN
1617	Q5VTE0				EF1A3_HUMAN
1618	Q5VUG0	IPI00010970
1619	Q5VVQ6	IPI00183503;IPI00644473			OTU1_HUMAN
1620	Q5VW32	IPI00065500			BROX_HUMAN
1621	Q5VW36	IPI00748360
1622	Q5VWP2	IPI00646224
1623	Q5VWZ2				LYPL1_HUMAN
1624	Q5VYK3		61212960		ECM29_HUMAN
1625	Q5W0Z9				ZDH20_HUMAN
1626	Q5XPI4	IPI00335085;IPI00783374	37588869		RN123_HUMAN
1627	Q658P3				STEA3_HUMAN
1628	Q66K74	IPI00296485			MAP1S_HUMAN
1629	Q68D91		42822880		MBLC2_HUMAN
1630	Q68EM7	IPI00064767
1631	Q6B0K9	IPI00456238			HBM_HUMAN
1632	Q6DD88		10435296		ATLA3_HUMAN
1633	Q6DN90	IPI00457114
1634	Q6FGD7		4759212
1635	Q6FGX9		4502011
1636	Q6FHS4		18044282
1637	Q6FHV6		5803011
1638	Q6FHY4		4505331
1639	Q6FI23		21618349
1640	Q6FI81	IPI00387130;IPI00513770			CPIN1_HUMAN
1641	Q6FIB4		54697068
1642	Q6GMV2	IPI00013789	1245372
1643	Q6GMV3	IPI00430803			PTRD1_HUMAN
1644	Q6IA69	IPI00306689	13177721		NADE_HUMAN
1645	Q6IAA8	IPI00016670			LTOR1_HUMAN
1646	Q6IAN0		13278690		DRS7B_HUMAN
1647	Q6IAT9		12654059
1648	Q6IBS0	IPI00550917
1649	Q6IBT3		48145555
1650	Q6ICL3	IPI00168034;IPI00395547			TNG2_HUMAN
1651	Q6IPS9		23468343
1652	Q6IQ20				NAPEP_HUMAN
1653	Q6L8Q7	IPI00174390	47826687		PDE12_HUMAN
1654	Q6LD62		4262000
1655	Q6NUQ1				RINT1_HUMAN
1656	Q6NW29	IPI00103252
1657	Q6NXT1	IPI00025746
1658	Q6NYC1	IPI00375496
1659	Q6P0Y1		41107636
1660	Q6P1A2	IPI00306419			MBOA5_HUMAN
1661	Q6P1N0	IPI00302647	31455459		C2D1A_HUMAN
1662	Q6P1N9	IPI00012463	14042943		TATD1_HUMAN
1663	Q6P2E9				EDC4_HUMAN
1664	Q6P587	IPI00552360
1665	Q6P597	IPI00465074
1666	Q6P6D7		38566176
1667	Q6PCE3	IPI00173346			PGM2L_HUMAN
1668	Q6PD74	IPI00100193
1669	Q6PGP7	IPI00005634			TTC37_HUMAN
1670	Q6PHR2	IPI00411818
1671	Q6PIU2		68051721		NCEH1_HUMAN
1672	Q6PKD3		4506467
1673	Q6PKG0	IPI00185919
1674	Q6PL24	IPI00292812			TMED8_HUMAN
1675	Q6PUJ7		46360168
1676	Q6RW13	IPI00102501
1677	Q6S8J3				POTEE_HUMAN
1678	Q6UWE0	IPI00289113
1679	Q6UWP2	IPI00034280	55670856		DHR11_HUMAN
1680	Q6UWP8	IPI00373937
1681	Q6UX06				OLFM4_HUMAN
1682	Q6VN20	IPI00039864			RBP10_HUMAN
1683	Q6VY07	IPI00376229
1684	Q6XQN6	IPI00465085	37787307		PNCB_HUMAN
1685	Q6ZN66	IPI00375746
1686	Q6ZQQ6	IPI00397715
1687	Q6ZT21				TMPPE_HUMAN
1688	Q6ZVM7	IPI00446294
1689	Q6ZVX7	IPI00247167
1690	Q6ZWT7				MBOA2_HUMAN
1691	Q709C8	IPI00465428			VP13C_HUMAN
1692	Q712K3	IPI00418603
1693	Q71DI3	IPI00171611			H32_HUMAN
1694	Q71U36	IPI00180675
1695	Q71UI9	IPI00018278
1696	Q7KZF4	IPI00140420			SND1_HUMAN
1697	Q7KZI7				MARK2_HUMAN
1698	Q7L576	IPI00644231
1699	Q7L5D6		4680679		GET4_HUMAN
1700	Q7L5N1	IPI00163230	34147637		CSN6_HUMAN
1701	Q7L5Y1	IPI00300601			ENOF1_HUMAN
1702	Q7L5Y9	IPI00845303
1703	Q7L8J4				3BP5L_HUMAN
1704	Q7L9L4	IPI00514212
1705	Q7LBR1	IPI00156984	41946888		CHM1B_HUMAN
1706	Q7Z2W4	IPI00332936			ZCCHV_HUMAN
1707	Q7Z309	IPI00152151
1708	Q7Z3C6	IPI00383396			ATG9A_HUMAN
1709	Q7Z3U7	IPI00797186
1710	Q7Z403				TMC6_HUMAN
1711	Q7Z478				DHX29_HUMAN
1712	Q7Z4H3	IPI00386751			HDDC2_HUMAN
1713	Q7Z4V5				HDGR2_HUMAN
1714	Q7Z4W1	IPI00448095	7705925		DCXR_HUMAN
1715	Q7Z4X0		33150758
1716	Q7Z5G4				GOGA7_HUMAN
1717	Q7Z5U6	IPI00063389
1718	Q7Z629		31565754
1719	Q7Z6Z7	IPI00445401	56417899		HUWE1_HUMAN
1720	Q7Z7H5				TMED4_HUMAN
1721	Q7Z7L1		18676716
1722	Q86SZ2	IPI00384047
1723	Q86T03	IPI00030530			PP4P1_HUMAN
1724	Q86TI2		89954290		DPP9_HUMAN
1725	Q86TP1	IPI00166931			PRUN1_HUMAN
1726	Q86UR5		2224621
1727	Q86UX7	IPI00216699;IPI00397834	28626504		URP2_HUMAN
1728	Q86V88	IPI00337556
1729	Q86VN1	IPI00328932			VPS36_HUMAN
1730	Q86VP6	IPI00100160;IPI00604431	21361794		CAND1_HUMAN
1731	Q86VQ1	IPI00021595
1732	Q86VR2				RETR3_HUMAN
1733	Q86VX4		28958118
1734	Q86WQ0	IPI00791711			NR2CA_HUMAN
1735	Q86X55	IPI00412880			CARM1_HUMAN
1736	Q86X76	IPI00023779;IPI00456663;IPI00456665	31657101		NIT1_HUMAN
1737	Q86YN1				DOPP1_HUMAN
1738	Q86YS7	IPI00465142			C2CD5_HUMAN
1739	Q86YT6	IPI00183054
1740	Q86YZ3	IPI00398625			HORN_HUMAN
1741	Q8IU68				TMC8_HUMAN
1742	Q8IUI8	IPI00295387	4884627		CRLF3_HUMAN
1743	Q8IUR7				ARMC8_HUMAN
1744	Q8IUW5				RELL1_HUMAN
1745	Q8IVD9	IPI00238209
1746	Q8IVF2				AHNK2_HUMAN
1747	Q8IW45				NNRD_HUMAN
1748	Q8IWA5				CTL2_HUMAN
1749	Q8IWB7	IPI00024283			WDFY1_HUMAN
1750	Q8IWD4	IPI00641570
1751	Q8IWT0	IPI00217375			ARCH_HUMAN
1752	Q8IWV7	IPI00217405
1753	Q8IXJ6	IPI00179109			SIR2_HUMAN
1754	Q8IXQ3	IPI00017504
1755	Q8IY17	IPI00217600			PLPL6_HUMAN
1756	Q8IY33				MILK2_HUMAN
1757	Q8IY81	IPI00217686
1758	Q8IYU2	IPI00337371
1759	Q8IZ07	IPI00217831			AN13A_HUMAN
1760	Q8IZ21	IPI00217851
1761	Q8IZ81		24308456		ELMD2_HUMAN
1762	Q8IZ83	IPI00217920	18676620		A16A1_HUMAN
1763	Q8IZY2				ABCA7_HUMAN
1764	Q8N0U8				VKORL_HUMAN
1765	Q8N0W3	IPI00418741			FCSK_HUMAN
1766	Q8N122	IPI00166044			RPTOR_HUMAN
1767	Q8N129				CNPY4_HUMAN
1768	Q8N1G4	IPI00170935
1769	Q8N1K8		56549123
1770	Q8N1N4				K2C78_HUMAN
1771	Q8N2U9				PQLC1_HUMAN
1772	Q8N370	IPI00171004			LAT4_HUMAN
1773	Q8N392	IPI00296353
1774	Q8N3D4	IPI00296421			EH1L1_HUMAN
1775	Q8N3F0	IPI00166546
1776	Q8N4P3	IPI00789618			MESH1_HUMAN
1777	Q8N4S9				MALD2_HUMAN
1778	Q8N5C8	IPI00166840
1779	Q8N5K1	IPI00166865			CISD2_HUMAN
1780	Q8N5M4	IPI00175096
1781	Q8N6M0				OTU6B_HUMAN
1782	Q8N6N2	IPI00410309
1783	Q8N6N5		20809886
1784	Q8N6T3	IPI00449160
1785	Q8N8E2				ZN513_HUMAN
1786	Q8N8M9		7657210
1787	Q8N9N7	IPI00470576			LRC57_HUMAN
1788	Q8NAA5				LR75A_HUMAN
1789	Q8NB15	IPI00479134
1790	Q8NB37	IPI00168112
1791	Q8NB49		40316839		AT11C_HUMAN
1792	Q8NBF2	IPI00301051			NHLC2_HUMAN
1793	Q8NBI5				S43A3_HUMAN
1794	Q8NBJ5				GT251_HUMAN
1795	Q8NBQ5				DHB11_HUMAN
1796	Q8NBS9				TXND5_HUMAN
1797	Q8NBX0				SCPDL_HUMAN
1798	Q8NC44				RETR2_HUMAN
1799	Q8NC51				PAIRB_HUMAN
1800	Q8NC96	IPI00170916
1801	Q8NCG7				DGLB_HUMAN
1802	Q8NCL4				GALT6_HUMAN
1803	Q8NCW5				NNRE_HUMAN
1804	Q8ND76		15788437		CCNY_HUMAN
1805	Q8NDC0	IPI00171527			MISSL_HUMAN
1806	Q8NDH3	IPI00100292
1807	Q8NE71	IPI00013495			ABCF1_HUMAN
1808	Q8NEW0				ZNT7_HUMAN
1809	Q8NEZ2	IPI00302660			VP37A_HUMAN
1810	Q8NF37	IPI00171626
1811	Q8NFF5	IPI00220299
1812	Q8NG06	IPI00464988			TRI58_HUMAN
1813	Q8NG11	IPI00165394
1814	Q8NHG7	IPI00169259			SVIP_HUMAN
1815	Q8NHH9				ATLA2_HUMAN
1816	Q8TAC1	IPI00152031			RFESD_HUMAN
1817	Q8TAC2	IPI00152032
1818	Q8TAF3				WDR48_HUMAN
1819	Q8TAF6		19911772
1820	Q8TAT6	IPI00001676
1821	Q8TB03	IPI00152089
1822	Q8TBC4	IPI00328154			UBA3_HUMAN
1823	Q8TBF2				PXL2B_HUMAN
1824	Q8TBN0				R3GEF_HUMAN
1825	Q8TBQ9				KISHA_HUMAN
1826	Q8TBX8	IPI00152303
1827	Q8TC12				RDH11_HUMAN
1828	Q8TCA0	IPI00152330
1829	Q8TCD5				NT5C_HUMAN
1830	Q8TCF1	IPI00291064
1831	Q8TCT1	IPI00152434	30425420
1832	Q8TDB8		23592238		GTR14_HUMAN
1833	Q8TDQ7				GNPI2_HUMAN
1834	Q8TEA8	IPI00152692			DTD1_HUMAN
1835	Q8TEB1	IPI00178972;IPI00328589	31657101		DCA11_HUMAN
1836	Q8TEH3	IPI00170641			DEN1A_HUMAN
1837	Q8TEX9	IPI00156374
1838	Q8TF05	IPI00411730
1839	Q8TF65	IPI00328296
1840	Q8TF72	IPI00152881
1841	Q8WU76				SCFD2_HUMAN
1842	Q8WU79	IPI00102856
1843	Q8WUA2	IPI00642862
1844	Q8WUD1	IPI00102896	21361884		RAB2B_HUMAN
1845	Q8WUM4	IPI00246058			PDC6I_HUMAN
1846	Q8WUX2	IPI00103047
1847	Q8WUX9	IPI00395463
1848	Q8WUY1	IPI00171421			THEM6_HUMAN
1849	Q8WV19	IPI00155634
1850	Q8WVE0	IPI00103104
1851	Q8WVJ2	IPI00103142			NUDC2_HUMAN
1852	Q8WVL7	IPI00549612
1853	Q8WVM8	IPI00165261	5730482		SCFD1_HUMAN
1854	Q8WVY7	IPI00291669
1855	Q8WW12				PCNP_HUMAN
1856	Q8WW22	IPI00465105			DNJA4_HUMAN
1857	Q8WWI5				CTL1_HUMAN
1858	Q8WXX5	IPI00154975			DNJC9_HUMAN
1859	Q8WYN0	IPI00292327
1860	Q8WZ42	IPI00179357			TITIN_HUMAN
1861	Q8WZ73	IPI00103867			RFFL_HUMAN
1862	Q8WZA0				LZIC_HUMAN
1863	Q8WZA9	IPI00103925
1864	Q92508				PIEZ1_HUMAN
1865	Q92526				TCPW_HUMAN
1866	Q92530	IPI00009949			PSMF1_HUMAN
1867	Q92539	IPI00021956			LPIN2_HUMAN
1868	Q92542	IPI00021983			NICA_HUMAN
1869	Q92544				TM9S4_HUMAN
1870	Q92576	IPI00170770
1871	Q92581				SL9A6_HUMAN
1872	Q92598	IPI00218993;IPI00513743			HS105_HUMAN
1873	Q92614		33301318		MY18A_HUMAN
1874	Q92688		5454088
1875	Q92696	IPI00022664			PGTA_HUMAN
1876	Q92734				TFG_HUMAN
1877	Q92747				ARC1A_HUMAN
1878	Q92783	IPI00020178			STAM1_HUMAN
1879	Q92804	IPI00020194
1880	Q92835	IPI00329213			SHIP1_HUMAN
1881	Q92841				DDX17_HUMAN
1882	Q92878	IPI00107531			RAD50_HUMAN
1883	Q92882	IPI00414836			OSTF1_HUMAN
1884	Q92890	IPI00218292
1885	Q92902				HPS1_HUMAN
1886	Q92905	IPI00009958			CSN5_HUMAN
1887	Q92928	IPI00374519
1888	Q92930	IPI00024282	7706563		RAB8B_HUMAN
1889	Q92934	IPI00024291
1890	Q92945	IPI00479786
1891	Q92963		5902050
1892	Q92973	IPI00024364			TNPO1_HUMAN
1893	Q92990	IPI00074604
1894	Q93008	IPI00003964			USP9X_HUMAN
1895	Q93009	IPI00003965			UBP7_HUMAN
1896	Q93034				CUL5_HUMAN
1897	Q93045	IPI00218667
1898	Q93050				VPP1_HUMAN
1899	Q93070	IPI00004065			NAR4_HUMAN
1900	Q93084				AT2A3_HUMAN
1901	Q93088				BHMT1_HUMAN
1902	Q93096	IPI00020164
1903	Q93100	IPI00181893			KPBB_HUMAN
1904	Q969E2	IPI00056310			SCAM4_HUMAN
1905	Q969E8	IPI00056314
1906	Q969F1	IPI00056318
1907	Q969H8				MYDGF_HUMAN
1908	Q969R2	IPI00746936	13540513		OSBP2_HUMAN
1909	Q969T9	IPI00032050			WBP2_HUMAN
1910	Q969U7	IPI00644482	48146479		PSMG2_HUMAN
1911	Q969X1	IPI00290452			LFG3_HUMAN
1912	Q969X5				ERGI1_HUMAN
1913	Q96A26		9295192
1914	Q96A49	IPI00059242			SYAP1_HUMAN
1915	Q96AE4	IPI00375441	17402900
1916	Q96AG4				LRC59_HUMAN
1917	Q96AJ9	IPI00059472			VTI1A_HUMAN
1918	Q96AT9	IPI00335280;IPI00373788			RPE_HUMAN
1919	Q96AZ6	IPI00647246	30582743		ISG20_HUMAN
1920	Q96B36	IPI00549786
1921	Q96B54	IPI00059764
1922	Q96BJ3	IPI00303602			AIDA_HUMAN
1923	Q96BN8	IPI00101734
1924	Q96C19	IPI00060181
1925	Q96C23				GALM_HUMAN
1926	Q96CD2	IPI00303962
1927	Q96CN7	IPI00304082
1928	Q96CS3				FAF2_HUMAN
1929	Q96CT7	IPI00060627			CC124_HUMAN
1930	Q96CV9	IPI00304189	15530203		OPTN_HUMAN
1931	Q96CW1	IPI00022256			AP2M1_HUMAN
1932	Q96CW6	IPI00304198
1933	Q96CX2				KCD12_HUMAN
1934	Q96DG6	IPI00383046			CMBL_HUMAN
1935	Q96DX4				RSPRY_HUMAN
1936	Q96E09	IPI00061087
1937	Q96E39		21361809
1938	Q96EP5	IPI00165230			DAZP1_HUMAN
1939	Q96F24	IPI00384236
1940	Q96F85	IPI00073958	37720823		CNRP1_HUMAN
1941	Q96FJ2	IPI00062037			DYL2_HUMAN
1942	Q96FQ6	IPI00062120
1943	Q96FV2	IPI00062266			SCRN2_HUMAN
1944	Q96FW1				OTUB1_HUMAN
1945	Q96FX2	IPI00401015
1946	Q96FZ7		37362122		CHMP6_HUMAN
1947	Q96G03	IPI00550364	14603253		PGM2_HUMAN
1948	Q96G74	IPI00640364
1949	Q96GD0	IPI00025340	10092677		PLPP_HUMAN
1950	Q96GG9	IPI00291893	18700658;36030883		DCNL1_HUMAN
1951	Q96GQ7	IPI00293078
1952	Q96H20	IPI00101524;IPI00640699	21361380		SNF8_HUMAN
1953	Q96H79	IPI00062866	14250746		ZCCHL_HUMAN
1954	Q96HN2				SAHH3_HUMAN
1955	Q96HR8	IPI00063219
1956	Q96HR9				REEP6_HUMAN
1957	Q96HW7	IPI00446765
1958	Q96IG2		27692215		FXL20_HUMAN
1959	Q96IJ6	IPI00101782			GMPPA_HUMAN
1960	Q96IU4	IPI00063827	14249382		ABHEB_HUMAN
1961	Q96IV0	IPI00074605
1962	Q96JD6	IPI00153045	12804019
1963	Q96JH7	IPI00064162	36029914		VCIP1_HUMAN
1964	Q96JM4	IPI00815851
1965	Q96K17	IPI00412792
1966	Q96K21	IPI00329053;IPI00386862
1967	Q96K76	IPI00607554	71774197		UBP47_HUMAN
1968	Q96KB5	IPI00306708
1969	Q96KG9	IPI00062264			SCYL1_HUMAN
1970	Q96KN2				CNDP1_HUMAN
1971	Q96KN9				CXD4_HUMAN
1972	Q96KP4	IPI00177728	15620780		CNDP2_HUMAN
1973	Q96KS0	IPI00074957
1974	Q96L94	IPI00307039			SNX22_HUMAN
1975	Q96LD8	IPI00165616
1976	Q96M27	IPI00744319			PRRC1_HUMAN
1977	Q96MC9	IPI00307657
1978	Q96MV1	IPI00043429			TMM56_HUMAN
1979	Q96NA2	IPI00289188			RILP_HUMAN
1980	Q96NT1	IPI00070003
1981	Q96NT3				GUCD1_HUMAN
1982	Q96NY7				CLIC6_HUMAN
1983	Q96P63	IPI00033583			SPB12_HUMAN
1984	Q96P70	IPI00185146	21361659		IPO9_HUMAN
1985	Q96PD5				PGRP2_HUMAN
1986	Q96PL5	IPI00044556	22536182		ERMAP_HUMAN
1987	Q96PU5	IPI00163321			NED4L_HUMAN
1988	Q96Q45				TM237_HUMAN
1989	Q96QF7	IPI00289929
1990	Q96QK1	IPI00018931
1991	Q96QR8	IPI00045051
1992	Q96RL7				VP13A_HUMAN
1993	Q96RQ1				ERGI2_HUMAN
1994	Q96RS6	IPI00306398;IPI00797537			NUDC1_HUMAN
1995	Q96RT1				ERBIN_HUMAN
1996	Q96S19	IPI00065475			MTL26_HUMAN
1997	Q96S97				MYADM_HUMAN
1998	Q96SN8	IPI00329038;IPI00329039;IPI00384417;IPI00384418	25777600
1999	Q96SU4	IPI00077853
2000	Q96T51				RUFY1_HUMAN
2001	Q96T66	IPI00290687			NMNA3_HUMAN
2002	Q96TA1				NIBL1_HUMAN
2003	Q99426	IPI00293126			TBCB_HUMAN
2004	Q99436	IPI00003217	4506203		PSB7_HUMAN
2005	Q99447	IPI00015285			PCY2_HUMAN
2006	Q99460	IPI00299608;IPI00456695	25777600		PSMD1_HUMAN
2007	Q99471	IPI00015361			PFD5_HUMAN
2008	Q99497	IPI00298547			PARK7_HUMAN
2009	Q99501	IPI00306170
2010	Q99519				NEUR1_HUMAN
2011	Q99536	IPI00156689			VAT1_HUMAN
2012	Q99543	IPI00455199
2013	Q99547				MPP6_HUMAN
2014	Q99598	IPI00293350			TSNAX_HUMAN
2015	Q99613	IPI00016910
2016	Q99623				PHB2_HUMAN
2017	Q99627	IPI00009480	5729779		CSN8_HUMAN
2018	Q99729	IPI00334587;IPI00334713			ROAA_HUMAN
2019	Q99733		5174613		NP1L4_HUMAN
2020	Q99735				MGST2_HUMAN
2021	Q99747	IPI00293817	4505331		SNAG_HUMAN
2022	Q99755		4505815		PI51A_HUMAN
2023	Q99805				TM9S2_HUMAN
2024	Q99808		12655065		S29A1_HUMAN
2025	Q99816	IPI00018434			TS101_HUMAN
2026	Q99828	IPI00018451			CIB1_HUMAN
2027	Q99829	IPI00018452			CPNE1_HUMAN
2028	Q99832	IPI00018465	5453607;56789228		TCPH_HUMAN
2029	Q99880	IPI00018534
2030	Q99933	IPI00300531
2031	Q99943				PLCA_HUMAN
2032	Q99963				SH3G3_HUMAN
2033	Q99969				RARR2_HUMAN
2034	Q99986	IPI00019640
2035	Q9BPX3	IPI00106495			CND3_HUMAN
2036	Q9BPX5	IPI00414554
2037	Q9BPZ7	IPI00028195
2038	Q9BQA1	IPI00012202			MEP50_HUMAN
2039	Q9BQE3	IPI00218343
2040	Q9BQK8	IPI00556641
2041	Q9BR76	IPI00007058
2042	Q9BRA2	IPI00646689			TXD17_HUMAN
2043	Q9BRF8	IPI00305010			CPPED_HUMAN
2044	Q9BRG1	IPI00031655			VPS25_HUMAN
2045	Q9BRP4				PAAF1_HUMAN
2046	Q9BRP8	IPI00305092			PYM1_HUMAN
2047	Q9BRQ6	IPI00031622
2048	Q9BRR6				ADPGK_HUMAN
2049	Q9BRT3				MIEN1_HUMAN
2050	Q9BRT9	IPI00031614
2051	Q9BRX2	IPI00106698
2052	Q9BRX8	IPI00296190
2053	Q9BRZ2		30794216
2054	Q9BS26				ERP44_HUMAN
2055	Q9BS40	IPI00106687	194473714		LXN_HUMAN
2056	Q9BSF0				SMAKA_HUMAN
2057	Q9BSJ8	IPI00022143			ESYT1_HUMAN
2058	Q9BSL1	IPI00305442	55770884		UBAC1_HUMAN
2059	Q9BT09				CNPY3_HUMAN
2060	Q9BT73	IPI00031106			PSMG3_HUMAN
2061	Q9BT78	IPI00171844			CSN4_HUMAN
2062	Q9BTE1	IPI00032498			DCTN5_HUMAN
2063	Q9BTE6				AASD1_HUMAN
2064	Q9BTI6		13277550
2065	Q9BTM9	IPI00008445
2066	Q9BTT0	IPI00165393
2067	Q9BTU6	IPI00020124			P4K2A_HUMAN
2068	Q9BTY7	IPI00009335
2069	Q9BU02	IPI00013621
2070	Q9BU89	IPI00171856
2071	Q9BUH6	IPI00030968			PAXX_HUMAN
2072	Q9BUK6	IPI00306049
2073	Q9BUL8	IPI00298558
2074	Q9BUN8				DERL1_HUMAN
2075	Q9BUP3	IPI00784029	2618733		HTAI2_HUMAN
2076	Q9BV20	IPI00005948			MTNA_HUMAN
2077	Q9BV68	IPI00155562
2078	Q9BVC4	IPI00007182
2079	Q9BVC6	IPI00031697
2080	Q9BVJ7	IPI00306353
2081	Q9BVK6	IPI00023542			TMED9_HUMAN
2082	Q9BVL2	IPI00107122
2083	Q9BVL4	IPI00031666			SELO_HUMAN
2084	Q9BVM2	IPI00063962	39930355		DPCD_HUMAN
2085	Q9BW62	IPI00789455
2086	Q9BWD1				THIC_HUMAN
2087	Q9BWQ6	IPI00031493
2088	Q9BWS9				CHID1_HUMAN
2089	Q9BX66	IPI00002491
2090	Q9BXD5	IPI00006165			NPL_HUMAN
2091	Q9BXJ9	IPI00386189
2092	Q9BXL5	IPI00464963
2093	Q9BXS5	IPI00032516			AP1M1_HUMAN
2094	Q9BY32	IPI00018783			ITPA_HUMAN
2095	Q9BY43				CHM4A_HUMAN
2096	Q9BYN0	IPI00168554
2097	Q9BZ23	IPI00171176;IPI00556350			PANK2_HUMAN
2098	Q9BZE9	IPI00065276;IPI00332071	13129078		ASPC1_HUMAN
2099	Q9BZF1				OSBL8_HUMAN
2100	Q9BZI7		12711674		REN3B_HUMAN
2101	Q9BZK3				NACP4_HUMAN
2102	Q9BZV1	IPI00019276	13376854		UBXN6_HUMAN
2103	Q9C030				TRIM6_HUMAN
2104	Q9C0B1	IPI00028277
2105	Q9C0B5				ZDHC5_HUMAN
2106	Q9C0C9	IPI00783378			UBE2O_HUMAN
2107	Q9C0E2	IPI00028357			XPO4_HUMAN
2108	Q9C0E8				LNP_HUMAN
2109	Q9C0H9		38678112
2110	Q9C0I1	IPI00061280
2111	Q9C0K7		13027388		STRAB_HUMAN
2112	Q9GZN8	IPI00101095			CT027_HUMAN
2113	Q9GZP4	IPI00015351	21361837		PITH1_HUMAN
2114	Q9GZS3	IPI00019269
2115	Q9GZT8	IPI00604624	10197632		NIF3L_HUMAN
2116	Q9GZZ1	IPI00018627;IPI00470922
2117	Q9GZZ9	IPI00015736			UBA5_HUMAN
2118	Q9H008	IPI00005474			LHPP_HUMAN
2119	Q9H074	IPI00021466
2120	Q9H079	IPI00003035
2121	Q9H082	IPI00021475
2122	Q9H0E2	IPI00100154
2123	Q9H0J9	IPI00009355
2124	Q9H0N0	IPI00030304
2125	Q9H0N5				PHS2_HUMAN
2126	Q9H0P0	IPI00619911			5NT3A_HUMAN
2127	Q9H0R3	IPI00030236			TM222_HUMAN
2128	Q9H0R4				HDHD2_HUMAN
2129	Q9H0R8	IPI00027733			GBRL1_HUMAN
2130	Q9H0U4	IPI00008964			RAB1B_HUMAN
2131	Q9H0V9				LMA2L_HUMAN
2132	Q9H0W9	IPI00072044;IPI00761072
2133	Q9H0X4				F234A_HUMAN
2134	Q9H1C7				CYTM1_HUMAN
2135	Q9H1E5	IPI00100247			TMX4_HUMAN
2136	Q9H254	IPI00018829			SPTN4_HUMAN
2137	Q9H267	IPI00032905
2138	Q9H299	IPI00746352	13775198		SH3L3_HUMAN
2139	Q9H2G2	IPI00022827;IPI00247439			SLK_HUMAN
2140	Q9H2H8	IPI00300952			PPIL3_HUMAN
2141	Q9H2J4	IPI00031629	10716144		PDCL3_HUMAN
2142	Q9H2K8	IPI00410485	6503038		TAOK3_HUMAN
2143	Q9H2M9	IPI00554590			RBGPR_HUMAN
2144	Q9H361	IPI00301154
2145	Q9H3K6				BOLA2_HUMAN
2146	Q9H3N1	IPI00395887			TMX1_HUMAN
2147	Q9H3S7	IPI00034006
2148	Q9H3Z4	IPI00023780			DNJC5_HUMAN
2149	Q9H400				LIME1_HUMAN
2150	Q9H425				CA198_HUMAN
2151	Q9H444	IPI00025974			CHM4B_HUMAN
2152	Q9H446	IPI00034010
2153	Q9H467	IPI00100463
2154	Q9H477				RBSK_HUMAN
2155	Q9H479	IPI00023729	11545906		FN3K_HUMAN
2156	Q9H4A3	IPI00004472			WNK1_HUMAN
2157	Q9H4A4				AMPB_HUMAN
2158	Q9H4A6	IPI00005490
2159	Q9H4B7	IPI00006510			TBB1_HUMAN
2160	Q9H4G4	IPI00007067			GAPR1_HUMAN
2161	Q9H4M9	IPI00017184			EHD1_HUMAN
2162	Q9H583	IPI00024279
2163	Q9H5X1	IPI00030985			CIA2A_HUMAN
2164	Q9H6Y2	IPI00302990
2165	Q9H6Z4	IPI00026337
2166	Q9H7C9	IPI00100775
2167	Q9H7D7	IPI00414197			WDR26_HUMAN
2168	Q9H814	IPI00303402
2169	Q9H8H3	IPI00022300	4884372		MET7A_HUMAN
2170	Q9H8M7	IPI00549993			MINY3_HUMAN
2171	Q9H8W4	IPI00002424			PKHF2_HUMAN
2172	Q9H993	IPI00002270			ARMT1_HUMAN
2173	Q9H9A6	IPI00152998
2174	Q9H9B4		38648664
2175	Q9H9G7				AGO3_HUMAN
2176	Q9H9H4	IPI00002926
2177	Q9H9Q2	IPI00009301	12232385		CSN7B_HUMAN
2178	Q9HA64	IPI00099986			KT3K_HUMAN
2179	Q9HA65	IPI00002957	13097594		TBC17_HUMAN
2180	Q9HAB8	IPI00023987			PPCS_HUMAN
2181	Q9HAV0				GBB4_HUMAN
2182	Q9HB71				CYBP_HUMAN
2183	Q9HBH5		10190746
2184	Q9HBI1				PARVB_HUMAN
2185	Q9HBL0	IPI00307545			TENS1_HUMAN
2186	Q9HC38	IPI00032575;IPI00745272			GLOD4_HUMAN
2187	Q9HCC3		10800054
2188	Q9HCP0				KC1G1_HUMAN
2189	Q9HCY8	IPI00010214
2190	Q9HD40	IPI00302283			SPCS_HUMAN
2191	Q9HD42	IPI00382452			CHM1A_HUMAN
2192	Q9HD45				TM9S3_HUMAN
2193	Q9HD47	IPI00025081
2194	Q9HDC9	IPI00031131			APMAP_HUMAN
2195	Q9NP58		9955963;11245444		ABCB6_HUMAN
2196	Q9NP59	IPI00005547	7657100		S40A1_HUMAN
2197	Q9NP72	IPI00014577			RAB18_HUMAN
2198	Q9NP79	IPI00017160			VTA1_HUMAN
2199	Q9NPQ8	IPI00100106	9368538		RIC8A_HUMAN
2200	Q9NPZ5	IPI00221205
2201	Q9NQC3				RTN4_HUMAN
2202	Q9NQE9		16041713
2203	Q9NQG5	IPI00009659
2204	Q9NQP4	IPI00015891			PFD4_HUMAN
2205	Q9NQR4				NIT2_HUMAN
2206	Q9NQS1	IPI00006904
2207	Q9NQW6	IPI00032958
2208	Q9NQW7	IPI00793375	9739017		XPP1_HUMAN
2209	Q9NQX3	IPI00016006	10880983		GEPH_HUMAN
2210	Q9NQY0	IPI00032966
2211	Q9NR45	IPI00147874			SIAS_HUMAN
2212	Q9NR46	IPI00024540			SHLB2_HUMAN
2213	Q9NR50	IPI00006504
2214	Q9NRF8	IPI00645702			PYRG2_HUMAN
2215	Q9NRH3				TBG2_HUMAN
2216	Q9NRN7	IPI00250297
2217	Q9NRQ2	IPI00016776			PLS4_HUMAN
2218	Q9NRR5	IPI00024502
2219	Q9NRS6	IPI00016820
2220	Q9NRV9	IPI00148063	20336761		HEBP1_HUMAN
2221	Q9NRW1	IPI00016891
2222	Q9NRW7	IPI00090327			VPS45_HUMAN
2223	Q9NRX4	IPI00299977			PHP14_HUMAN
2224	Q9NRY5	IPI00329662	15030282		F1142_HUMAN
2225	Q9NRZ7				PLCC_HUMAN
2226	Q9NRZ9	IPI00010590
2227	Q9NS86	IPI00032995			LANC2_HUMAN
2228	Q9NSB2				KRT84_HUMAN
2229	Q9NSD9				SYFB_HUMAN
2230	Q9NSJ5		7705893
2231	Q9NSK0	IPI00398812
2232	Q9NSY1	IPI00337426			BMP2K_HUMAN
2233	Q9NT62	IPI00022254;IPI00449201	45708793		ATG3_HUMAN
2234	Q9NTJ3	IPI00411559			SMC4_HUMAN
2235	Q9NTJ4				MA2C1_HUMAN
2236	Q9NTJ5	IPI00022275	8894612		SAC1_HUMAN
2237	Q9NTK5	IPI00216105;IPI00290416	33150754		OLA1_HUMAN
2238	Q9NTX5	IPI00302688;IPI00550928			ECHD1_HUMAN
2239	Q9NUP9	IPI00019997			LIN7C_HUMAN
2240	Q9NUQ9	IPI00303318	46946997		CYRIB_HUMAN
2241	Q9NV96				CC50A_HUMAN
2242	Q9NVA2				SEP11_HUMAN
2243	Q9NVG8	IPI00647082
2244	Q9NVM6	IPI00018798
2245	Q9NVS9	IPI00018272			PNPO_HUMAN
2246	Q9NVZ3	IPI00018188			NECP2_HUMAN
2247	Q9NW68	IPI00414093
2248	Q9NWH9				SLTM_HUMAN
2249	Q9NWU2	IPI00016634			GID8_HUMAN
2250	Q9NWV4	IPI00016605			CZIB_HUMAN
2251	Q9NWV8	IPI00101987			BABA1_HUMAN
2252	Q9NWX6	IPI00016559
2253	Q9NWZ3	IPI00007641
2254	Q9NX46	IPI00015865			ADPRS_HUMAN
2255	Q9NXA8	IPI00010331
2256	Q9NXG2	IPI00550243
2257	Q9NXH8				TOR4A_HUMAN
2258	Q9NXR1	IPI00014893;IPI00759601			NDE1_HUMAN
2259	Q9NXR7	IPI00149276			BABA2_HUMAN
2260	Q9NXU5		9506653		ARL15_HUMAN
2261	Q9NY33	IPI00020672	18491024;12655179		DPP3_HUMAN
2262	Q9NY35				CLDN1_HUMAN
2263	Q9NYB0	IPI00008961			TE2IP_HUMAN
2264	Q9NYG2				ZDHC3_HUMAN
2265	Q9NYT0	IPI00009302			PLEK2_HUMAN
2266	Q9NYU2	IPI00024466			UGGG1_HUMAN
2267	Q9NZ08				ERAP1_HUMAN
2268	Q9NZ09	IPI00301305
2269	Q9NZ32	IPI00302690			ARP10_HUMAN
2270	Q9NZ43	IPI00020515			USE1_HUMAN
2271	Q9NZ52	IPI00021174
2272	Q9NZC3				GDE1_HUMAN
2273	Q9NZD4	IPI00010257			AHSP_HUMAN
2274	Q9NZJ7		6409316
2275	Q9NZJ9	IPI00607685
2276	Q9NZL4				HPBP1_HUMAN
2277	Q9NZL9	IPI00002324
2278	Q9NZN3				EHD3_HUMAN
2279	Q9NZQ9				TMOD4_HUMAN
2280	Q9NZT1	IPI00021536
2281	Q9NZT2				OGFR_HUMAN
2282	Q9NZW5		21361598
2283	Q9NZZ3	IPI00100796			CHMP5_HUMAN
2284	Q9P000	IPI00305212
2285	Q9P035				HACD3_HUMAN
2286	Q9P0J7	IPI00306661			KCMF1_HUMAN
2287	Q9P0L0	IPI00170692	54696104		VAPA_HUMAN
2288	Q9P0R6	IPI00009374
2289	Q9P0S9				TM14C_HUMAN
2290	Q9P1F3				ABRAL_HUMAN
2291	Q9P1U1	IPI00007068
2292	Q9P1Z2	IPI00011232			CACO1_HUMAN
2293	Q9P265	IPI00465045			DIP2B_HUMAN
2294	Q9P287	IPI00002203
2295	Q9P2J5	IPI00103994
2296	Q9P2R3	IPI00159899			ANFY1_HUMAN
2297	Q9P2T1	IPI00009844;IPI00433025			GMPR2_HUMAN
2298	Q9P2W9				STX18_HUMAN
2299	Q9P2X3	IPI00020451
2300	Q9UBC2				EP15R_HUMAN
2301	Q9UBC9	IPI00082931
2302	Q9UBF6	IPI00033132			RBX2_HUMAN
2303	Q9UBG3	IPI00297056			CRNN_HUMAN
2304	Q9UBP0	IPI00002707			SPAST_HUMAN
2305	Q9UBQ0	IPI00170796			VPS29_HUMAN
2306	Q9UBQ5	IPI00033143
2307	Q9UBQ7	IPI00037448			GRHPR_HUMAN
2308	Q9UBS4				DJB11_HUMAN
2309	Q9UBS8	IPI00003606
2310	Q9UBS9	IPI00003441
2311	Q9UBV8	IPI00018235			PEF1_HUMAN
2312	Q9UBW5				BIN2_HUMAN
2313	Q9UBW8	IPI00301419			CSN7A_HUMAN
2314	Q9UDX3	IPI00004815			S14L4_HUMAN
2315	Q9UDY4	IPI00003848	6631085		DNJB4_HUMAN
2316	Q9UDZ5		2765839
2317	Q9UEU0		5454166
2318	Q9UEY8	IPI00004408	1621033		ADDG_HUMAN
2319	Q9UFG5				CS025_HUMAN
2320	Q9UGI8	IPI00024097;IPI00216425
2321	Q9UH17	IPI00005531
2322	Q9UH65	IPI00307200			SWP70_HUMAN
2323	Q9UHC7	IPI00033350
2324	Q9UHD1	IPI00015897			CHRD1_HUMAN
2325	Q9UHD9	IPI00409659
2326	Q9UHJ6	IPI00005914			SHPK_HUMAN
2327	Q9UHQ4				BAP29_HUMAN
2328	Q9UHV9	IPI00006052			PFD2_HUMAN
2329	Q9UHW9	IPI00220151			S12A6_HUMAN
2330	Q9UHY1	IPI00604756			NRBP_HUMAN
2331	Q9UHY7	IPI00038378			ENOPH_HUMAN
2332	Q9UI10	IPI00005979			EI2BD_HUMAN
2333	Q9UI12	IPI00296191;IPI00414079			VATH_HUMAN
2334	Q9UI15	IPI00005981
2335	Q9UI26	IPI00301107			IPO11_HUMAN
2336	Q9UIA9	IPI00302458	21315062;6650214		XPO7_HUMAN
2337	Q9UIC8	IPI00414463			LCMT1_HUMAN
2338	Q9UIM3	IPI00032110
2339	Q9UIQ6	IPI00221240			LCAP_HUMAN
2340	Q9UIW2				PLXA1_HUMAN
2341	Q9UJ70				NAGK_HUMAN
2342	Q9UJC5				SH3L2_HUMAN
2343	Q9UJU6	IPI00101968;IPI00396437;IPI00456925	21361670		DBNL_HUMAN
2344	Q9UJW0	IPI00550852	7705893		DCTN4_HUMAN
2345	Q9UJX4	IPI00008247
2346	Q9UK41	IPI00007155			VPS28_HUMAN
2347	Q9UK45	IPI00007163
2348	Q9UK76	IPI00007764;IPI00384857
2349	Q9UKJ5				CHIC2_HUMAN
2350	Q9UKK9	IPI00296913			NUDT5_HUMAN
2351	Q9UKT5	IPI00073357
2352	Q9UKU0		57165410		ACSL6_HUMAN
2353	Q9UKV3	IPI00007334			ACINU_HUMAN
2354	Q9UKV8	IPI00745433	19879661		AGO2_HUMAN
2355	Q9UKX2				MYH2_HUMAN
2356	Q9UKX7	IPI00026940
2357	Q9UKY7	IPI00014197;IPI00798278			CDV3_HUMAN
2358	Q9UL15	IPI00007731
2359	Q9UL18				AGO1_HUMAN
2360	Q9UL25	IPI00007755			RAB21_HUMAN
2361	Q9UL26	IPI00007756			RB22A_HUMAN
2362	Q9UL33	IPI00007819
2363	Q9UL46		13325110		PSME2_HUMAN
2364	Q9ULA0				DNPEP_HUMAN
2365	Q9ULC3		20379078		RAB23_HUMAN
2366	Q9ULC4	IPI00179026			MCTS1_HUMAN
2367	Q9ULC5				ACSL5_HUMAN
2368	Q9ULH1	IPI00376976	46094081		ASAP1_HUMAN
2369	Q9ULP9	IPI00297333			TBC24_HUMAN
2370	Q9ULV4				COR1C_HUMAN
2371	Q9UM00				TMCO1_HUMAN
2372	Q9UMR2	IPI00008943
2373	Q9UMX0	IPI00071180;IPI00099550			UBQL1_HUMAN
2374	Q9UMY4	IPI00438170;IPI00844112
2375	Q9UN37	IPI00411356			VPS4A_HUMAN
2376	Q9UN86	IPI00009057
2377	Q9UNE7				CHIP_HUMAN
2378	Q9UNF0	IPI00027009			PACN2_HUMAN
2379	Q9UNM6	IPI00375380			PSD13_HUMAN
2380	Q9UNN5	IPI00070643			FAF1_HUMAN
2381	Q9UNP9	IPI00009316
2382	Q9UNQ0	IPI00298214	31323260		ABCG2_HUMAN
2383	Q9UNS2	IPI00025721			CSN3_HUMAN
2384	Q9UNW1	IPI00028553	4105505		MINP1_HUMAN
2385	Q9UNZ2	IPI00022830;IPI00100197;IPI00397571	15277588		NSF1C_HUMAN
2386	Q9UPN7		38114787		PP6R1_HUMAN
2387	Q9UPU5				UBP24_HUMAN
2388	Q9UQ10	IPI00004470
2389	Q9UQ16				DYN3_HUMAN
2390	Q9UQ80	IPI00299000			PA2G4_HUMAN
2391	Q9UQN3	IPI00550181
2392	Q9Y230	IPI00009104	5730023;12653319		RUVB2_HUMAN
2393	Q9Y235	IPI00009550
2394	Q9Y237	IPI00006658			PIN4_HUMAN
2395	Q9Y244	IPI00006377
2396	Q9Y248	IPI00007146
2397	Q9Y263	IPI00218465			PLAP_HUMAN
2398	Q9Y265	IPI00021187;IPI00788942	15277588		RUVB1_HUMAN
2399	Q9Y266	IPI00550746
2400	Q9Y277	IPI00031804			VDAC3_HUMAN
2401	Q9Y281		14719392		COF2_HUMAN
2402	Q9Y282				ERGI3_HUMAN
2403	Q9Y285	IPI00031820			SYFA_HUMAN
2404	Q9Y2B0				CNPY2_HUMAN
2405	Q9Y2G3		62632750		AT11B_HUMAN
2406	Q9Y2H1	IPI00237011
2407	Q9Y2H9				MAST1_HUMAN
2408	Q9Y2Q0	IPI00032402
2409	Q9Y2Q5				LTOR2_HUMAN
2410	Q9Y2V2	IPI00304409			CHSP1_HUMAN
2411	Q9Y2Z0	IPI00828150			SGT1_HUMAN
2412	Q9Y315	IPI00219677			DEOC_HUMAN
2413	Q9Y316	IPI00032426
2414	Q9Y333	IPI00032460
2415	Q9Y371	IPI00006558
2416	Q9Y376	IPI00032561			CAB39_HUMAN
2417	Q9Y3A5	IPI00427330	28416940		SBDS_HUMAN
2418	Q9Y3A6				TMED5_HUMAN
2419	Q9Y3B3	IPI00032825			TMED7_HUMAN
2420	Q9Y3B8	IPI00032830;IPI00217330			ORN_HUMAN
2421	Q9Y3C4	IPI00301432
2422	Q9Y3C5				RNF11_HUMAN
2423	Q9Y3C6	IPI00007019			PPIL1_HUMAN
2424	Q9Y3C8	IPI00294495			UFC1_HUMAN
2425	Q9Y3D6	IPI00007052			FIS1_HUMAN
2426	Q9Y3D8	IPI00032879
2427	Q9Y3E0	IPI00007061			GOT1B_HUMAN
2428	Q9Y3E7	IPI00100673			CHMP3_HUMAN
2429	Q9Y3I1	IPI00294567			FBX7_HUMAN
2430	Q9Y3L5	IPI00009607			RAP2C_HUMAN
2431	Q9Y3Q8	IPI00000171			T22D4_HUMAN
2432	Q9Y3S2	IPI00004942
2433	Q9Y3T6	IPI00000264
2434	Q9Y3U8				RL36_HUMAN
2435	Q9Y3X0	IPI00177642			CCDC9_HUMAN
2436	Q9Y450	IPI00009070			HBS1L_HUMAN
2437	Q9Y478	IPI00220409
2438	Q9Y484	IPI00026634
2439	Q9Y490	IPI00298994			TLN1_HUMAN
2440	Q9Y4D1	IPI00337800	21071077		DAAM1_HUMAN
2441	Q9Y4E8	IPI00000728			UBP15_HUMAN
2442	Q9Y4G6	IPI00219299			TLN2_HUMAN
2443	Q9Y4G8				RPGF2_HUMAN
2444	Q9Y4L1				HYOU1_HUMAN
2445	Q9Y4P1	IPI00554649
2446	Q9Y4P8	IPI00024056			WIPI2_HUMAN
2447	Q9Y4X5	IPI00294943
2448	Q9Y4Y9	IPI00220493
2449	Q9Y4Z0	IPI00294955
2450	Q9Y4Z2	IPI00025789
2451	Q9Y508	IPI00032955
2452	Q9Y530				OARD1_HUMAN
2453	Q9Y570	IPI00007694			PPME1_HUMAN
2454	Q9Y587	IPI00001145
2455	Q9Y5K5	IPI00219512;IPI00219513;IPI00299313;IPI00549820;IPI00844329;IPI00000060	56208507		UCHL5_HUMAN
2456	Q9Y5K6	IPI00412771			CD2AP_HUMAN
2457	Q9Y5K8	IPI00001568	5138993		VATD_HUMAN
2458	Q9Y5L0	IPI00395694			TNPO3_HUMAN
2459	Q9Y5P6	IPI00002496;IPI00030920			GMPPB_HUMAN
2460	Q9Y5S9	IPI00001757			RBM8A_HUMAN
2461	Q9Y5U2	IPI00305144
2462	Q9Y5U9				IR3IP_HUMAN
2463	Q9Y5X1	IPI00001883	13477131		SNX9_HUMAN
2464	Q9Y5X2	IPI00001885
2465	Q9Y5X3	IPI00295209
2466	Q9Y5Y2	IPI00644674
2467	Q9Y5Z4	IPI00003799			HEBP2_HUMAN
2468	Q9Y606	IPI00001716
2469	Q9Y613	IPI00001730	5106956		FHOD1_HUMAN
2470	Q9Y623				MYH4_HUMAN
2471	Q9Y624	IPI00001754			JAM1_HUMAN
2472	Q9Y639	IPI00011578			NPTN_HUMAN
2473	Q9Y666	IPI00008616			S12A7_HUMAN
2474	Q9Y673				ALG5_HUMAN
2475	Q9Y678				COPG1_HUMAN
2476	Q9Y696	IPI00001960
2477	Q9Y6A4	IPI00001655
2478	Q9Y6B6	IPI00002149
2479	Q9Y6D5	IPI00002186
2480	Q9Y6E2	IPI00022305
2481	Q9Y6G5	IPI00412811
2482	Q9Y6M4				KC1G3_HUMAN
2483	Q9Y6M5	IPI00002483			ZNT1_HUMAN
2484	Q9Y6Y8	IPI00026969
2485	V9HVY3		21361657
2486	V9HW12		77744389;32189392
2487	V9HW13		29791785
2488	V9HW21		179780;4557395
2489	V9HW22		5729877;16741727
2490	V9HW33		4579909
2491	V9HW37		24307939
2492	V9HW43		54696638
2493	V9HW48		4506925
2494	V9HW51		12654637
2495	V9HW71		75517652
2496	V9HW72		54696884
2497	V9HW83		21361176
2498	V9HW87		14249382
2499	V9HW88		14043949
2500	V9HW89		19263809
2501	V9HW96		54696794
2502	V9HW98		5803225
2503	V9HWB4		16507237
2504	V9HWB9		5031857
2505	V9HWC0		16878176
2506	V9HWC7		77744395;31657160
2507	V9HWD6		4507949
2508	V9HWE3		4502517
2509	V9HWF2		5174539
2510	V9HWF4		41350401
2511	V9HWF5		10863927
2512	V9HWG1		16306550
2513	V9HWG3		50593093;39777597
2514	V9HWG9		4758484
2515	V9HWH6		157168362
2516	V9HWH7		20127454
2517	V9HWI0		5174391
2518	V9HWI1		4502419;32891807
2519	V9HWI5		5031635
2520	V9HWJ1		4504169
2521	V9HWK1		4507645
2522	V9HWP2		4507677
2523			66932
2524			87863
2525			105337
2526			106140
2527			106221
2528			107446
2529			122412
2530			122615
2531			125150
2532			136096
2533			136100
2534			225711
2535			225891
2536			227448
2537			229172
2538			229674
2539			230445
2540			251370
2541			251989
2542			345717
2543			481515
2544			515109
2545			515119
2546			542991
2547			586208
2548			809436
2549			913088
2550			961446	UPI0000073B50
2551			999580
2552			1041969
2553			1070613
2554			1070639
2555			1082624
2556			1082757
2557			1082876
2558			1096024
2559			1352419
2560			1730569
2561			1827675
2562			2098448
2563			2117805
2564			2134798
2565			2914478
2566			4240149	UPI000007133B
2567			4502177
2568			4503745
2569			4504987
2570			4506215
2571			4506559
2572			4507295	UPI0000161DE1
2573			4507657	UPI0000137276
2575			4758394
2577			4826716	UPI0000001BCC
2578			4826770	UPI0000161B7B
2579			4885389
2580			5730051	UPI000004F0B2
2581			5902116	UPI0000072B16
2582			5902128	UPI00001360A7
2583			6715561
2584			7019579	UPI000013C30E
2585			7435185
2586			7435752
2587			7512338
2588			7657675	UPI00001463D5
2589			7705718
2590			8922069
2591			8923114
2592			8924260
2593			10947036
2594			10947042
2595			11182150
2596			11323320	UPI000006FB31
2597			11424309
2598			11433346
2599			11434723
2600			11514573
2601			12005984	UPI0000049C50
2602			12314029	UPI000002B1AE
2603			12654313
2604			12698027
2605			12751493	UPI00000736FF
2606			13177664	UPI000002B21A
2607			13376257
2608			13631440
2609			13640732
2610			13645508
2611			13650577
2612			14729747
2613			14740408
2614			14740792
2615			14745882
2616			14751808
2617			14758460
2618			14763181
2619			14770762
2620			14774921
2621			14784166
2622			15082580
2623			16159792
2624			16165126
2625			17402228
2626			17434275
2627			17472555
2628			17473237
2629			17475471
2630			17476989
2631			17481669
2632			17489129
2633			18089137
2634			18255274	UPI000013315D
2635			18543899
2636			18548268
2637			18551195
2638			18551736
2639			18552304
2640			18555427
2641			18558481
2642			18570004
2643			18571465
2644			18572484
2645			18577194
2646			18577723
2647			18582039
2648			18583537
2649			18586430
2650			18587629
2651			18588504
2652			18589892
2653			18590249
2654			18595882
2655			18596861
2656			18601384
2657			18604339
2658			18604359
2660			19263962
2661			20147697	UPI0000073EBA
2662			27735101
2663			30911101
2664			33695074
2665			34398361
2666			34783356	UPI0000000DD9
2667			37588850
2668			38570091
2669			40254842	UPI00002132C7
2670			40255041
2671			41406064	UPI000020093B
2672			47124978	UPI00000703E8
2673			50881968
2674			55593362	UPI0000000DF4
2675			55638239
2676			55640605	UPI0000001C1E
2677			55643587
2678			55958959	UPI000006F8C1
2679			55960000	UPI00001F8940
2680			55960369	UPI000013CAD9
2681			55960711	UPI00004589D9
2682			56204677	UPI00000012F5
2683			57165048	UPI000012723D
2684			74047534
2685			119594343	UPI0000EE44CD
2686			119599089	UPI000020A509
2687			119613210	UPI000013DD0C
2688		IPI00000059
2689		IPI00000495
2690		IPI00000552
2691		IPI00000581
2692		IPI00000634
2693		IPI00001352
2694		IPI00001856
2695		IPI00001890
2696		IPI00002230
2697		IPI00002335
2698		IPI00002459
2699		IPI00002495
2700		IPI00002505
2701		IPI00002874
2702		IPI00004501
2703		IPI00004872
2704		IPI00005202
2705		IPI00006093
2706		IPI00006664
2707		IPI00006812
2708		IPI00007619
2709		IPI00009023
2710		IPI00010292
2711		IPI00011654
2712		IPI00011964
2713		IPI00012507
2714		IPI00014555
2715		IPI00014919
2716		IPI00015948
2717		IPI00018287
2718		IPI00020984
2719		IPI00021089
2720		IPI00021716
2721		IPI00021835
2722		IPI00023068
2723		IPI00024102
2724		IPI00025447
2725		IPI00025899
2726		IPI00026103
2727		IPI00026119
2728		IPI00027499
2729		IPI00027699
2730		IPI00029625
2731		IPI00030296
2732		IPI00030385
2733		IPI00032013
2734		IPI00039665
2735		IPI00099585
2736		IPI00100081
2737		IPI00100137
2738		IPI00107117
2739		IPI00154755
2740		IPI00156774
2741		IPI00158625
2742		IPI00163147
2743		IPI00164623
2744		IPI00167359
2745		IPI00168479
2746		IPI00178056
2747		IPI00179291
2748		IPI00180627
2749		IPI00181260
2750		IPI00181352
2751		IPI00181727
2752		IPI00186072
2753		IPI00215736
2754		IPI00216299
2755		IPI00216403
2756		IPI00216633
2757		IPI00218718
2758		IPI00218816
2759		IPI00219067
2760		IPI00219096
2761		IPI00219220
2762		IPI00220349
2763		IPI00220526
2764		IPI00220617
2765		IPI00220859
2766		IPI00220991
2767		IPI00221017
2768		IPI00221225
2769		IPI00245171
2770		IPI00290439
2771		IPI00291633
2772		IPI00291936
2773		IPI00296370
2774		IPI00299186
2775		IPI00300265
2776		IPI00302047
2777		IPI00303565
2778		IPI00305719
2779		IPI00328202
2780		IPI00328602
2781		IPI00328696
2782		IPI00329107
2783		IPI00329565
2784		IPI00332161
2785		IPI00375004
2786		IPI00375400
2787		IPI00375498
2788		IPI00376220
2789		IPI00377005
2790		IPI00377080
2791		IPI00377081
2792		IPI00382894
2793		IPI00383758
2794		IPI00383828
2795		IPI00384369
2796		IPI00384742
2797		IPI00385005
2798		IPI00385058
2799		IPI00385257
2800		IPI00385392
2801		IPI00386604
2802		IPI00386621
2803		IPI00386635
2804		IPI00386741
2805		IPI00394838
2806		IPI00395625
2807		IPI00395748
2808		IPI00395757
2809		IPI00395939
2810		IPI00396082
2811		IPI00397187
2812		IPI00397590
2813		IPI00397808
2814		IPI00398088
2815		IPI00398958
2816		IPI00399037
2817		IPI00401614
2818		IPI00409606
2819		IPI00410162
2820		IPI00411329
2821		IPI00413492
2822		IPI00413728
2823		IPI00413778
2824		IPI00413868
2825		IPI00414264
2826		IPI00414312
2827		IPI00415077
2828		IPI00418163
2829		IPI00418313
2830		IPI00418411
2831		IPI00418433
2832		IPI00418813
2833		IPI00418931
2834		IPI00419262
2835		IPI00423460
2836		IPI00432050
2837		IPI00442030
2838		IPI00442282
2839		IPI00449197
2840		IPI00450472
2841		IPI00453476
2842		IPI00454855
2843		IPI00455456
2844		IPI00456919
2845		IPI00464992
2846		IPI00465081
2847		IPI00465148
2848		IPI00465184
2849		IPI00470509
2850		IPI00470813
2851		IPI00472175
2852		IPI00472438
2853		IPI00472476
2854		IPI00477431
2855		IPI00477649
2856		IPI00478345
2857		IPI00478522
2858		IPI00479185
2859		IPI00479235
2860		IPI00479537
2861		IPI00513820
2862		IPI00513879
2863		IPI00513893
2864		IPI00514049
2865		IPI00514108
2866		IPI00514256
2867		IPI00514510
2868		IPI00514530
2869		IPI00514550
2870		IPI00514561
2871		IPI00514587
2872		IPI00514662
2873		IPI00514669
2874		IPI00514772
2875		IPI00514926
2876		IPI00514929
2877		IPI00514944
2878		IPI00514983
2879		IPI00549253
2880		IPI00549319
2881		IPI00549849
2882		IPI00550591
2883		IPI00550682
2884		IPI00552345
2885		IPI00552495
2886		IPI00552590
2887		IPI00552768
2888		IPI00553062
2889		IPI00554767
2890		IPI00556541
2891		IPI00604652
2892		IPI00604676
2893		IPI00607562
2894		IPI00607563
2895		IPI00640101
2896		IPI00640197
2897		IPI00640357
2898		IPI00640372
2899		IPI00640424
2900		IPI00640731
2901		IPI00640741
2902		IPI00640817
2903		IPI00641816
2904		IPI00641881
2905		IPI00642032
2906		IPI00642042
2907		IPI00642168
2908		IPI00642374
2909		IPI00642414
2910		IPI00642457
2911		IPI00642736
2912		IPI00642976
2913		IPI00643325
2914		IPI00643429
2915		IPI00643536
2916		IPI00643653
2917		IPI00643853
2918		IPI00643886
2919		IPI00643915
2920		IPI00643918
2921		IPI00644109
2922		IPI00644343
2923		IPI00644576
2924		IPI00644589
2925		IPI00644968
2926		IPI00645270
2927		IPI00645630
2928		IPI00645711
2929		IPI00645712
2930		IPI00645789
2931		IPI00646118
2932		IPI00646269
2933		IPI00646339
2934		IPI00646350
2935		IPI00646632
2936		IPI00646762
2937		IPI00646869
2938		IPI00646996
2939		IPI00647351
2940		IPI00647400
2941		IPI00647556
2942		IPI00647692
2943		IPI00647915
2944		IPI00647951
2945		IPI00651672
2946		IPI00719366
2947		IPI00719806
2948		IPI00737530
2949		IPI00739613
2950		IPI00740800
2951		IPI00742786
2952		IPI00742926
2953		IPI00743241
2954		IPI00743314
2955		IPI00743573
2956		IPI00743646
2957		IPI00743650
2958		IPI00743713
2959		IPI00743822
2960		IPI00744021
2961		IPI00744274
2962		IPI00744503
2963		IPI00744900
2964		IPI00745246
2965		IPI00745729
2966		IPI00745893
2967		IPI00746205
2968		IPI00746319
2969		IPI00746388
2970		IPI00746694
2971		IPI00747099
2972		IPI00747533
2973		IPI00747740
2974		IPI00747810
2975		IPI00748223
2976		IPI00748256
2977		IPI00748262
2978		IPI00749035
2979		IPI00759657
2980		IPI00760620
2981		IPI00760751
2982		IPI00760909
2983		IPI00761069
2984		IPI00761140
2985		IPI00783060
2986		IPI00783061
2987		IPI00783303
2988		IPI00783554
2989		IPI00783643
2990		IPI00783680
2991		IPI00783778
2992		IPI00783829
2993		IPI00783983
2994		IPI00784120
2995		IPI00784131
2996		IPI00784179
2997		IPI00784273
2998		IPI00784338
2999		IPI00784369
3000		IPI00784382
3001		IPI00784459
3002		IPI00784990
3003		IPI00786914
3004		IPI00787205
3005		IPI00787573
3006		IPI00787709
3007		IPI00787897
3008		IPI00787942
3009		IPI00788215
3010		IPI00788661
3011		IPI00788730
3012		IPI00788802
3013		IPI00788840
3014		IPI00789017
3015		IPI00789107
3016		IPI00789119
3017		IPI00789134
3018		IPI00789401
3019		IPI00789437
3020		IPI00789465
3021		IPI00789477
3022		IPI00789638
3023		IPI00789823
3024		IPI00789847
3025		IPI00790133
3026		IPI00790207
3027		IPI00790321
3028		IPI00790324
3029		IPI00790597
3030		IPI00790633
3031		IPI00790669
3032		IPI00790768
3033		IPI00790856
3034		IPI00791070
3035		IPI00791144
3036		IPI00791204
3037		IPI00791534
3038		IPI00791712
3039		IPI00791810
3040		IPI00791830
3041		IPI00791835
3042		IPI00792352
3043		IPI00792411
3044		IPI00792537
3045		IPI00792641
3046		IPI00792712
3047		IPI00792758
3048		IPI00793015
3049		IPI00793137
3050		IPI00793199
3051		IPI00793319
3052		IPI00793344
3053		IPI00793381
3054		IPI00793670
3055		IPI00793729
3056		IPI00793810
3057		IPI00793912
3058		IPI00794040
3059		IPI00794205
3060		IPI00794211
3061		IPI00794238
3062		IPI00794344
3063		IPI00794402
3064		IPI00794543
3065		IPI00794573
3066		IPI00794575
3067		IPI00794716
3068		IPI00794720
3069		IPI00794900
3070		IPI00794925
3071		IPI00794956
3072		IPI00795037
3073		IPI00795044
3074		IPI00795107
3075		IPI00795358
3076		IPI00795527
3077		IPI00795671
3078		IPI00795797
3079		IPI00795804
3080		IPI00795855
3081		IPI00795953
3082		IPI00796007
3083		IPI00796076
3084		IPI00796216
3085		IPI00796298
3086		IPI00796333
3087		IPI00796337
3088		IPI00796349
3089		IPI00796456
3090		IPI00796459
3091		IPI00796541
3092		IPI00796600
3093		IPI00796657
3094		IPI00796889
3095		IPI00796945
3096		IPI00797124
3097		IPI00797126
3098		IPI00797202
3099		IPI00797249
3100		IPI00797321
3101		IPI00797400
3102		IPI00797482
3103		IPI00797614
3104		IPI00797687
3105		IPI00797899
3106		IPI00797941
3107		IPI00798071
3108		IPI00798082
3109		IPI00798127
3110		IPI00798155
3111		IPI00798256
3112		IPI00798361
3113		IPI00798430
3114		IPI00807329
3115		IPI00807640
3116		IPI00816084
3117		IPI00816267
3118		IPI00816572
3119		IPI00816618
3120		IPI00827636
3121		IPI00827662
3122		IPI00827679
3123		IPI00827743
3124		IPI00828189
3125		IPI00829881
3126		IPI00830010
3127		IPI00843748
3128		IPI00843818
3129		IPI00843857
3130		IPI00843921
3131		IPI00844038
3132		IPI00844133
3133		IPI00844154
3134		IPI00796007
3135		IPI00796076
3136		IPI00796216
3137		IPI00796298
3138		IPI00796333
3139		IPI00796337
3140		IPI00796349
3141		IPI00796456
3142		IPI00796459
3143		IPI00796541
3144		IPI00796600
3145		IPI00796657
3146		IPI00796889
3147		IPI00796945
3148		IPI00797124
3149		IPI00797126
3150		IPI00797202
3151		IPI00797249
3152		IPI00797321
3153		IPI00797400
3154		IPI00797482
3155		IPI00797614
3156		IPI00797687
3157		IPI00797899
3158		IPI00797941
3159		IPI00798071
3160		IPI00798082
3161		IPI00798127
3162		IPI00798155
3163		IPI00798256
3164		IPI00798361
3165		IPI00798430
3166		IPI00807329
3167		IPI00807640
3168		IPI00816084
3169		IPI00816267
3170		IPI00816572
3171		IPI00816618
3172		IPI00827636
3173		IPI00827662
3174		IPI00827679
3175		IPI00827743
3176		IPI00828189
3177		IPI00829881
3178		IPI00830010
3179		IPI00843748
3180		IPI00843818
3181		IPI00843857
3182		IPI00843921
3183		IPI00844038
3184		IPI00844133
3185		IPI00844154