complexes	genes	uniprot	complexportal	eco	go	rnacentral	chebi	pdb	intact	reactome	pubmed	efo	rhea	orphanet	mondo	mim
CPX_1017	RAC1	P63000	CPX-1017	ECO:0005547	GO:0043020;GO:0016175;GO:0045730;GO:0005886		CHEBI:37565;CHEBI:57692				27048830;24598074;16326715		19669
CPX_107	CSNK1A1;GSK3A	P48729;P49840	CPX-107	ECO:0005547	GO:0004674;GO:0043161;GO:0030877;GO:0008013						23169527;25200911		17989;46608
CPX_109	CSNK1A1	P48729	CPX-109	ECO:0005547	GO:0004674;GO:0008013;GO:0030877;GO:0043161						25200911;23169527		17989;46608
CPX_1164	ACTB	P60709	CPX-1164	ECO:0005547	GO:0140658;GO:2000045;GO:2000781;GO:2000819;GO:0035060;GO:0006338;GO:0003690;GO:0016887;GO:0000785;GO:0030071;GO:0005524;GO:0008301;GO:0005546;GO:0045597;GO:0045582;GO:0006357;GO:0070316;GO:0045663						11790558;18809673;23644491;11073988;9843504;28408647;10884406;9845365;12620226				MONDO:0015452;MONDO:0011053;MONDO:0004992
CPX_1194	ACTB	P60709	CPX-1194	ECO:0005547	GO:0140658;GO:2000045;GO:2000781;GO:2000819;GO:0035060;GO:0006338;GO:0003690;GO:0016887;GO:0000785;GO:0030071;GO:0005524;GO:0008301;GO:0005546;GO:0045597;GO:0006357;GO:0070316;GO:0045663						11790558;18809673;23644491;11073988;9843504;28408647;10884406;9845365;12620226				MONDO:0015452;MONDO:0011053;MONDO:0004992
CPX_1195	ACTB	P60709	CPX-1195	ECO:0005547	GO:0000785;GO:2000045;GO:2000781;GO:2000819;GO:0016514;GO:0006338;GO:0003690;GO:0016887;GO:0030071;GO:0005524;GO:0008301;GO:0005546;GO:1902459;GO:0006357;GO:0070316;GO:0140658						11790558;18809673;23644491;11073988;9843504;28408647;10884406;9845365;12620226				MONDO:0015452;MONDO:0011053;MONDO:0004992
CPX_1196	ACTB	P60709	CPX-1196	ECO:0005547	GO:0016363;GO:2000045;GO:2000781;GO:2000819;GO:0016586;GO:0006338;GO:0003690;GO:0016887;GO:0000785;GO:0030071;GO:0005524;GO:0008301;GO:0005546;GO:0045597;GO:0045582;GO:0006357;GO:0070316;GO:0045663;GO:0000776;GO:0140658						11790558;18809673;23644491;11073988;9843504;28408647;10884406;9845365;12620226				MONDO:0015452;MONDO:0011053;MONDO:0004992
CPX_1199	ACTB	P60709	CPX-1199	ECO:0005547	GO:0000776;GO:0016363;GO:2000045;GO:2000781;GO:2000819;GO:0016586;GO:0006338;GO:0003690;GO:0016887;GO:0000785;GO:0030071;GO:0005524;GO:0008301;GO:0005546;GO:0045597;GO:0045582;GO:0006357;GO:0070316;GO:0045663;GO:0140658						11790558;18809673;23644491;11073988;9843504;28408647;10884406;9845365;12620226				MONDO:0015452;MONDO:0011053;MONDO:0004992
CPX_1201	ACTB	P60709	CPX-1201	ECO:0005547	GO:2000045;GO:2000781;GO:2000819;GO:0071564;GO:0006338;GO:0003690;GO:0016887;GO:0000785;GO:0030071;GO:0005524;GO:0008301;GO:0005546;GO:0045597;GO:0006357;GO:0070316;GO:0140658						11790558;18809673;23644491;11073988;9843504;28408647;10884406;9845365;12620226				MONDO:0015452;MONDO:0011053;MONDO:0004992
CPX_1202	ACTB	P60709	CPX-1202	ECO:0005547	GO:2000045;GO:2000781;GO:2000819;GO:0071565;GO:0006338;GO:0003690;GO:0016887;GO:0000785;GO:0030071;GO:0005524;GO:0008301;GO:0005546;GO:0045597;GO:0006357;GO:0070316;GO:0140658						11790558;18809673;23644491;11073988;9843504;28408647;10884406;9845365;12620226				MONDO:0015452;MONDO:0011053;MONDO:0004992
CPX_1203	ACTB	P60709	CPX-1203	ECO:0005547	GO:2000045;GO:2000781;GO:2000819;GO:0140092;GO:0006338;GO:0003690;GO:0016887;GO:0000785;GO:0030071;GO:0005524;GO:0008301;GO:0005546;GO:0045597;GO:0006357;GO:0070316;GO:0140658						11790558;18809673;23644491;11073988;9843504;28408647;10884406;9845365;12620226				MONDO:0015452;MONDO:0011053;MONDO:0004992
CPX_1204	ACTB	P60709	CPX-1204	ECO:0005547	GO:2000045;GO:2000781;GO:2000819;GO:0016887;GO:0006357;GO:0003690;GO:0030071;GO:0000785;GO:0006338;GO:0005524;GO:0016514;GO:0005546;GO:0045597;GO:0045582;GO:0008301;GO:0070316;GO:0045663;GO:0140658						11790558;18809673;23644491;11073988;9843504;28408647;10884406;9845365;12620226				MONDO:0015452;MONDO:0011053;MONDO:0004992
CPX_1205	ACTB	P60709	CPX-1205	ECO:0005547	GO:2000045;GO:2000781;GO:2000819;GO:0035060;GO:0006338;GO:0003690;GO:0016887;GO:0000785;GO:0030071;GO:0005524;GO:0008301;GO:0005546;GO:0045597;GO:0045582;GO:0006357;GO:0070316;GO:0045663;GO:0140658						11790558;18809673;23644491;11073988;9843504;28408647;10884406;9845365;12620226;28695822				MONDO:0015452;MONDO:0011053;MONDO:0004992
CPX_1206	ACTB	P60709	CPX-1206	ECO:0005547	GO:2000045;GO:2000781;GO:2000819;GO:0016514;GO:0006338;GO:0003690;GO:0016887;GO:0000785;GO:0030071;GO:0005524;GO:0008301;GO:0005546;GO:0045597;GO:0045582;GO:0006357;GO:0070316;GO:0045663;GO:0140658						11790558;18809673;23644491;11073988;9843504;28408647;10884406;9845365;12620226;28695822				MONDO:0015452;MONDO:0011053;MONDO:0004992
CPX_1207	ACTB	P60709	CPX-1207	ECO:0005547	GO:2000045;GO:2000781;GO:2000819;GO:0035060;GO:0006338;GO:0003690;GO:0016887;GO:0000785;GO:0030071;GO:0005524;GO:0008301;GO:0005546;GO:0045597;GO:0045582;GO:0006357;GO:0070316;GO:0045663;GO:0140658						11790558;18809673;23644491;11073988;9843504;28408647;10884406;9845365;12620226				MONDO:0015452;MONDO:0011053;MONDO:0004992
CPX_1209	ACTB	P60709	CPX-1209	ECO:0005547	GO:2000045;GO:2000781;GO:2000819;GO:0016514;GO:0006338;GO:0003690;GO:0016887;GO:0000785;GO:0030071;GO:0005524;GO:0008301;GO:0005546;GO:0045597;GO:0045582;GO:0006357;GO:0070316;GO:0045663;GO:0140658						11790558;18809673;23644491;11073988;9843504;28408647;10884406;9845365;12620226				MONDO:0015452;MONDO:0011053;MONDO:0004992
CPX_1210	ACTB	P60709	CPX-1210	ECO:0005547	GO:2000045;GO:2000781;GO:2000819;GO:0035060;GO:0006338;GO:0003690;GO:0016887;GO:0000785;GO:0030071;GO:0005524;GO:0008301;GO:0005546;GO:0045597;GO:0045582;GO:0006357;GO:0070316;GO:0045663;GO:0140658						11790558;18809673;23644491;11073988;9843504;28408647;10884406;9845365;12620226;28695822				MONDO:0015452;MONDO:0011053;MONDO:0004992
CPX_1211	ACTB	P60709	CPX-1211	ECO:0005547	GO:2000045;GO:2000781;GO:2000819;GO:0016514;GO:0006338;GO:0003690;GO:0016887;GO:0000785;GO:0030071;GO:0005524;GO:0008301;GO:0005546;GO:0045597;GO:0045582;GO:0006357;GO:0070316;GO:0045663;GO:0140658						11790558;18809673;23644491;11073988;9843504;28408647;10884406;9845365;12620226;28695822				MONDO:0015452;MONDO:0011053;MONDO:0004992
CPX_1212	ACTB	P60709	CPX-1212	ECO:0005547	GO:2000045;GO:2000781;GO:2000819;GO:0071564;GO:0006338;GO:0003690;GO:0016887;GO:0000785;GO:0030071;GO:0005524;GO:0008301;GO:0005546;GO:0045597;GO:0006357;GO:0070316;GO:0140658						11790558;18809673;23644491;11073988;9843504;28408647;10884406;9845365;12620226				MONDO:0015452;MONDO:0011053;MONDO:0004992
CPX_1213	ACTB	P60709	CPX-1213	ECO:0005547	GO:2000045;GO:2000781;GO:2000819;GO:0071564;GO:0006338;GO:0003690;GO:0016887;GO:0000785;GO:0030071;GO:0005524;GO:0008301;GO:0005546;GO:0045597;GO:0006357;GO:0070316;GO:0140658						11790558;18809673;23644491;11073988;9843504;28408647;10884406;9845365;12620226;28695822				MONDO:0015452;MONDO:0011053;MONDO:0004992
CPX_1215	ACTB	P60709	CPX-1215	ECO:0005547	GO:2000045;GO:2000781;GO:2000819;GO:0071564;GO:0006338;GO:0003690;GO:0016887;GO:0000785;GO:0030071;GO:0005524;GO:0008301;GO:0005546;GO:0045597;GO:0006357;GO:0070316;GO:0140658						11790558;18809673;23644491;11073988;9843504;28408647;10884406;9845365;12620226;28695822				MONDO:0015452;MONDO:0011053;MONDO:0004992
CPX_1216	ACTB	P60709	CPX-1216	ECO:0005547	GO:0003690;GO:0016887;GO:0000785;GO:0030071;GO:0005524;GO:0008301;GO:0005546;GO:0045597;GO:0006357;GO:0070316;GO:2000045;GO:2000781;GO:2000819;GO:0071565;GO:0006338;GO:0140658						23644491;11073988;9843504;28408647;10884406;9845365;12620226;11790558;18809673				MONDO:0015452;MONDO:0011053;MONDO:0004992
CPX_1217	ACTB	P60709	CPX-1217	ECO:0005547	GO:2000045;GO:2000781;GO:2000819;GO:0071565;GO:0006338;GO:0003690;GO:0016887;GO:0000785;GO:0030071;GO:0005524;GO:0008301;GO:0005546;GO:0045597;GO:0006357;GO:0070316;GO:0140658						11790558;18809673;23644491;11073988;9843504;28408647;10884406;9845365;12620226;28695822				MONDO:0015452;MONDO:0011053;MONDO:0004992
CPX_1218	ACTB	P60709	CPX-1218	ECO:0005547	GO:2000045;GO:2000781;GO:2000819;GO:0071565;GO:0006338;GO:0003690;GO:0016887;GO:0000785;GO:0030071;GO:0005524;GO:0008301;GO:0005546;GO:0045597;GO:0006357;GO:0070316;GO:0140658						11790558;18809673;23644491;11073988;9843504;28408647;10884406;9845365;12620226;28695822				MONDO:0015452;MONDO:0011053;MONDO:0004992
CPX_1219	ACTB	P60709	CPX-1219	ECO:0005547	GO:2000045;GO:2000781;GO:2000819;GO:0140092;GO:0006338;GO:0003690;GO:0016887;GO:0000785;GO:0030071;GO:0005524;GO:0008301;GO:0005546;GO:0045597;GO:0006357;GO:0070316;GO:0140658						11790558;18809673;23644491;11073988;9843504;28408647;10884406;9845365;12620226				MONDO:0015452;MONDO:0011053;MONDO:0004992
CPX_1220	ACTB	P60709	CPX-1220	ECO:0005547	GO:2000045;GO:2000781;GO:2000819;GO:0140092;GO:0006338;GO:0003690;GO:0016887;GO:0000785;GO:0030071;GO:0005524;GO:0008301;GO:0005546;GO:0045597;GO:0006357;GO:0070316;GO:0140658						11790558;18809673;23644491;11073988;9843504;28408647;10884406;9845365;12620226;28695822				MONDO:0015452;MONDO:0011053;MONDO:0004992
CPX_1221	ACTB	P60709	CPX-1221	ECO:0005547	GO:2000045;GO:2000781;GO:2000819;GO:0140092;GO:0006338;GO:0003690;GO:0016887;GO:0000785;GO:0030071;GO:0005524;GO:0008301;GO:0005546;GO:0045597;GO:0006357;GO:0070316;GO:0140658						11790558;18809673;23644491;11073988;9843504;28408647;10884406;9845365;12620226;28695822				MONDO:0015452;MONDO:0011053;MONDO:0004992
CPX_1222	ACTB	P60709	CPX-1222	ECO:0005547	GO:2000045;GO:2000781;GO:2000819;GO:0016514;GO:0006338;GO:0003690;GO:0016887;GO:0000785;GO:0030071;GO:0005524;GO:0008301;GO:0005546;GO:0045597;GO:0006357;GO:0070316;GO:0045663;GO:0140658						11790558;18809673;23644491;11073988;9843504;28408647;10884406;9845365;12620226				MONDO:0015452;MONDO:0011053;MONDO:0004992
CPX_1223	ACTB	P60709	CPX-1223	ECO:0005547	GO:2000045;GO:2000781;GO:2000819;GO:0035060;GO:0006338;GO:0003690;GO:0016887;GO:0000785;GO:0030071;GO:0005524;GO:0008301;GO:0005546;GO:0045597;GO:0006357;GO:0070316;GO:0045663;GO:0140658						11790558;18809673;23644491;11073988;9843504;28408647;10884406;9845365;12620226;28695822				MONDO:0015452;MONDO:0011053;MONDO:0004992
CPX_1224	ACTB	P60709	CPX-1224	ECO:0005547	GO:2000045;GO:2000781;GO:2000819;GO:0016514;GO:0006338;GO:0003690;GO:0016887;GO:0000785;GO:0030071;GO:0005524;GO:0008301;GO:0005546;GO:0045597;GO:0006357;GO:0070316;GO:0045663;GO:0140658						11790558;18809673;23644491;11073988;9843504;28408647;10884406;9845365;12620226;28695822				MONDO:0015452;MONDO:0011053;MONDO:0004992
CPX_1225	ACTB	P60709	CPX-1225	ECO:0005547	GO:2000045;GO:2000781;GO:2000819;GO:0035060;GO:0006338;GO:0003690;GO:0016887;GO:0000785;GO:0030071;GO:0005524;GO:0008301;GO:0005546;GO:0045597;GO:0006357;GO:0070316;GO:0045663;GO:0140658						11790558;18809673;23644491;11073988;9843504;28408647;10884406;9845365;12620226				MONDO:0015452;MONDO:0011053;MONDO:0004992
CPX_1226	ACTB	P60709	CPX-1226	ECO:0005547	GO:2000045;GO:2000781;GO:2000819;GO:0016514;GO:0006338;GO:0003690;GO:0016887;GO:0000785;GO:0030071;GO:0005524;GO:0008301;GO:0005546;GO:0045597;GO:0006357;GO:0070316;GO:0045663;GO:0140658						11790558;18809673;23644491;11073988;9843504;28408647;10884406;9845365;12620226				MONDO:0015452;MONDO:0011053;MONDO:0004992
CPX_1227	ACTB	P60709	CPX-1227	ECO:0005547	GO:2000045;GO:2000781;GO:2000819;GO:0035060;GO:0006338;GO:0003690;GO:0016887;GO:0000785;GO:0030071;GO:0005524;GO:0008301;GO:0005546;GO:0045597;GO:0006357;GO:0070316;GO:0045663;GO:0140658						11790558;18809673;9843504;23644491;11073988;28408647;10884406;9845365;12620226;28695822				MONDO:0015452;MONDO:0011053;MONDO:0004992
CPX_1228	ACTB	P60709	CPX-1228	ECO:0005547	GO:2000045;GO:2000781;GO:2000819;GO:0016514;GO:0006338;GO:0003690;GO:0016887;GO:0000785;GO:0030071;GO:0005524;GO:0008301;GO:0005546;GO:0045597;GO:0006357;GO:0070316;GO:0045663;GO:0140658						11790558;18809673;23644491;11073988;9843504;28408647;10884406;9845365;12620226;28695822				MONDO:0015452;MONDO:0011053;MONDO:0004992
CPX_125	ATP1A1;ATP1B1	P05023;P05026	CPX-125	ECO:0000353	GO:0006883;GO:0005890;GO:0005391;GO:0005524;GO:0030955;GO:0031402;GO:1990573;GO:0036376;GO:0010248;GO:1901691;GO:1902600;GO:0015078;GO:0030007				EBI-46435129	R-HSA-936770	35803952;18075585;25772291;19542013;36926029;21228272		18353
CPX_137	VCP	P55072	CPX-137	ECO:0000353	GO:0032553;GO:0034098;GO:0030970;GO:0031593;GO:0036503				EBI-7931325	R-HSA-5654992	17202270;10811609;22232657;12847084;11740563;23226521		13065
CPX_1997	PFKM	P08237	CPX-1997	ECO:0000353	GO:0005945;GO:0003872;GO:0006096				EBI-514822	R-HSA-71483	11949936				MONDO:0009295
CPX_1998	PFKL	P17858	CPX-1998	ECO:0000353	GO:0005945;GO:0003872;GO:0006096				EBI-514784	R-HSA-70465	11949936
CPX_1999	PFKP	Q01813	CPX-1999	ECO:0000353	GO:0005945;GO:0003872;GO:0006096				EBI-514822	R-HSA-71453	11949936
CPX_2000	PFKL;PFKM	P08237;P17858	CPX-2000	ECO:0000353	GO:0005945;GO:0003872;GO:0006096				EBI-514807	R-HSA-70461	11949936
CPX_2001	PFKL;PFKM	P08237;P17858	CPX-2001	ECO:0000353	GO:0005945;GO:0003872;GO:0006096				EBI-514812	R-HSA-70463	11949936
CPX_2002	PFKL;PFKM	P08237;P17858	CPX-2002	ECO:0000353	GO:0005945;GO:0003872;GO:0006096				EBI-514817	R-HSA-71475	11949936
CPX_2005	CDK2	P24941	CPX-2005	ECO:0005546	GO:0097123;GO:0004693					R-HSA-187952			17989;46608
CPX_2006	CDK2	P24941	CPX-2006	ECO:0000353	GO:0097124;GO:0004693				EBI-1039274				17989;46608
CPX_2009	CDK2	P24941	CPX-2009	ECO:0000353	GO:0097127;GO:0000086				EBI-767792
CPX_2010	CDK4	P11802	CPX-2010	ECO:0000353	GO:0097128;GO:0004693;GO:0000082				EBI-519196	R-HSA-113844;R-HSA-75812;R-HSA-75814;R-HSA-68331
CPX_2011	CDK4	P11802	CPX-2011	ECO:0000353	GO:0004693;GO:0000082;GO:0097129				EBI-768365				17989;46608
CPX_2012	CDK4	P11802	CPX-2012	ECO:0000353	GO:0097130;GO:0004693;GO:0000082				EBI-768369				17989;46608
CPX_2013	CDK6	Q00534	CPX-2013	ECO:0000353	GO:0097133;GO:0000082;GO:0004693				EBI-20735421		8114739		17989;46608
CPX_2014	CDK6	Q00534	CPX-2014	ECO:0000353	GO:0097131;GO:0000082;GO:0004693				EBI-375368		8114739		17989;46608
CPX_2015	CDK2	P24941	CPX-2015	ECO:0000353	GO:0097134;GO:0000082;GO:0004693				EBI-519628	R-HSA-8848421	15838514
CPX_2016	CDK2	P24941	CPX-2016	ECO:0000353	GO:0097135;GO:0000082				EBI-375320	R-HSA-68372;R-HSA-68368	15838514		17989;46608
CPX_2154	GMPR2	Q9P2T1	CPX-2154	ECO:0000353	GO:0003920;GO:0006201;GO:0070402;GO:0006179;GO:1902560;GO:0019002				EBI-9005496	R-HSA-514630
CPX_2158	HBA;HBB	P68871;P69905	CPX-2158	ECO:0000353	GO:0005344;GO:0015670;GO:0015671;GO:0030185;GO:0005833;GO:0070026;GO:0019825;GO:1902670		CHEBI:30413		EBI-1029796	R-HSA-2168856;R-HSA-2168866;R-HSA-1237312;R-HSA-1237320	16765986;7518430;8292032				MONDO:0007705;MONDO:0018749;MONDO:0019402;MONDO:0016487;MONDO:0016486;MONDO:0011382;MONDO:0011399;MONDO:0013512;MONDO:0015579
CPX_2201	CDK5	Q00535	CPX-2201	ECO:0000353	GO:0016533;GO:0004693;GO:0000307				EBI-1041602	R-HSA-421098;R-HSA-421107	18507738		17989;46608
CPX_2208	FARSA;FARSB	Q9NSD9;Q9Y285	CPX-2208	ECO:0000353	GO:0000049;GO:0005524;GO:0004826;GO:0006432;GO:0009328;GO:0005737				EBI-15842069		20223217		19413		MONDO:0100215
CPX_2214	RBX1	P62877	CPX-2214	ECO:0005547	GO:0031462;GO:0061630;GO:2000104				EBI-2659440	R-HSA-8863158	27222660;15601820;34700328;22649776
CPX_2217	RBX1	P62877	CPX-2217	ECO:0005547	GO:0031462;GO:0061630;GO:0140627					R-HSA-8863158	27222660;33398168;22649776
CPX_2218	RBX1	P62877	CPX-2218	ECO:0000353	GO:0031462;GO:0061630;GO:0140627				EBI-2659471	R-HSA-8863196	32627813;29779948;15601820;33398168
CPX_2219	RBX1	P62877	CPX-2219	ECO:0005547	GO:0031462;GO:0140627;GO:0061630					R-HSA-8863196	33398170;27222660;22649776;29779948
CPX_2220	RBX1	P62877	CPX-2220	ECO:0005547	GO:0031462;GO:0061630;GO:0043161						32627813;22649776;31273098;34214466;27222660
CPX_2221	RBX1	P62877	CPX-2221	ECO:0005547	GO:0031462;GO:0061630;GO:0140627						35978186;27222660;32627813;22649776
CPX_2222	RBX1	P62877	CPX-2222	ECO:0005547	GO:0031462;GO:0043161;GO:0061630						27222660;31273098;34214466;22649776
CPX_2223	RBX1	P62877	CPX-2223	ECO:0005547	GO:0031462;GO:0061630;GO:0140627;GO:1990116						32627813;29779948;33909987;22649776
CPX_2226	RBX1	P62877	CPX-2226	ECO:0005547	GO:0031462;GO:0061630;GO:0140627						27222660;22649776;29779948;32627813
CPX_2228	RBX1	P62877	CPX-2228	ECO:0005547	GO:0031462;GO:0061630;GO:0140627						27222660;22649776;34743205
CPX_2229	RBX1	P62877	CPX-2229	ECO:0000353	GO:0140627;GO:0031462;GO:0061630				EBI-7062335		21822215;23460923;27222660;22649776
CPX_2239	CUL1;RBX1;SKP1	P62877;P63208;Q13616	CPX-2239	ECO:0000353	GO:0031146;GO:0043130;GO:0019005;GO:0061630;GO:0006879				EBI-46418605		34445249;19762597;33234069;11961546;15520277
CPX_2241	CUL1;RBX1;SKP1	P62877;P63208;Q13616	CPX-2241	ECO:0005546	GO:0019005;GO:0031146;GO:0043130;GO:0061630;GO:0010824						11961546;15520277;34445249;35438057;29348145
CPX_2250	RBX1	P62877	CPX-2250	ECO:0000353	GO:0031462;GO:0061630;GO:0000122				EBI-2660468	R-HSA-976093	28591624;22649776;27222660;15601820;25661653			orphanet:238557
CPX_2272	SKP1	P63208	CPX-2272	ECO:0005547	GO:0000785;GO:0031507;GO:0035102;GO:0045892;GO:0140862						22325352;27568929;33202645;34680880
CPX_2319	CUL1;RBX1;SKP1	P62877;P63208;Q13616	CPX-2319	ECO:0005546	GO:0006355;GO:0019005;GO:0031146;GO:0043130;GO:0061630						33234069;11961546;15520277;34445249;36372232
CPX_2343	CUL1;RBX1;SKP1	P62877;P63208;Q13616	CPX-2343	ECO:0005547	GO:0019005;GO:0031146;GO:0043130;GO:0061630						34445249;34818544;11961546;15520277;33234069
CPX_2354	SKP1	P63208	CPX-2354	ECO:0005547	GO:0000785;GO:0031507;GO:0035102;GO:0045892;GO:0140862						22325352;27568929;33202645;34680880
CPX_2365	CUL1;RBX1;SKP1	P62877;P63208;Q13616	CPX-2365	ECO:0005547	GO:0019005;GO:0031146;GO:0043130;GO:0061630;GO:0010564						10097128;15520277;34445249
CPX_2375	PDIA3	P30101	CPX-2375	ECO:0000353	GO:0042605;GO:0002502;GO:0061779				EBI-7172063		14732712
CPX_2399	RBX1	P62877	CPX-2399	ECO:0005547	GO:0031464;GO:0061630;GO:0043130;GO:0040029;GO:0045995					R-HSA-976149	16949367;30111536
CPX_2403	RBX1	P62877	CPX-2403	ECO:0005547	GO:0031464;GO:0043130;GO:0061630;GO:1902412;GO:0080135					R-HSA-976149	16949367;34758320;31586112
CPX_2404	RBX1	P62877	CPX-2404	ECO:0005547	GO:1902412;GO:0080135;GO:0043130;GO:0061630;GO:0031465					R-HSA-976149	16949367;31586112;34758320
CPX_2405	RBX1	P62877	CPX-2405	ECO:0005547	GO:0010506;GO:0042127;GO:0031464;GO:0043130;GO:0061630;GO:0060964					R-HSA-976149	32627813;31267705;33869224;34065512;16949367
CPX_2406	RBX1	P62877	CPX-2406	ECO:0005547	GO:0031465;GO:0043130;GO:0061630;GO:0010506;GO:0042127;GO:0060964					R-HSA-976149	16949367;31267705;32627813;33869224;34065512
CPX_2407	RBX1	P62877	CPX-2407	ECO:0005547	GO:0031465;GO:0040029;GO:0043130;GO:0045995;GO:0061630					R-HSA-976149	30111536;16949367
CPX_2411	RBX1	P62877	CPX-2411	ECO:0005547	GO:0031297;GO:0003688;GO:0031464;GO:0043130;GO:0061630						16949367;33503431;30018425
CPX_2412	RBX1	P62877	CPX-2412	ECO:0005547	GO:0031297;GO:0003688;GO:0031464;GO:0043130;GO:0061630						16949367;33503431;30018425
CPX_2413	RBX1	P62877	CPX-2413	ECO:0005547	GO:0040029;GO:0031464;GO:0043130;GO:0061630						34720086;33636084;16949367
CPX_2414	RBX1	P62877	CPX-2414	ECO:0005547	GO:0040029;GO:0031465;GO:0061630;GO:0043130						34720086;33636084;16949367
CPX_2415	RBX1	P62877	CPX-2415	ECO:0005547	GO:0031464;GO:0043130;GO:0061630;GO:0007283						16949367;29907856
CPX_2416	RBX1	P62877	CPX-2416	ECO:0005547	GO:0007283;GO:0031465;GO:0043130;GO:0061630						16949367;29907856
CPX_2419	HBA;HBD	P02042;P69905	CPX-2419	ECO:0000353	GO:0005833;GO:0015670;GO:0019825;GO:0005344;GO:1902670;GO:0015671		CHEBI:30413				15449937;11307949				MONDO:0013512;MONDO:0011399
CPX_2428	CSNK2A2;CSNK2B	P19784;P67870	CPX-2428	ECO:0005546	GO:0004674;GO:0005956						11574463;12396231		17989;46608
CPX_2431	STK11	Q15831	CPX-2431	ECO:0005546	GO:0004674;GO:0005737;GO:1902554					R-HSA-380967	19892943		17989;46608		MONDO:0008280
CPX_2437	CSNK2A1;CSNK2A2;CSNK2B	P19784;P67870;P68400	CPX-2437	ECO:0005546	GO:0004674;GO:0005956						11574463;12396231		17989;46608
CPX_2438	CUL1;RBX1;SKP1	P62877;P63208;Q13616	CPX-2438	ECO:0005546	GO:0031146;GO:0043130;GO:0019005;GO:0061630						33234069;11961546;34445249;35438057;15520277
CPX_2469	DARS1;EPRS1;IARS1;KARS1;LARS1;MARS1;QARS1;RARS1	P07814;P14868;P41252;P47897;P54136;P56192;Q15046;Q9P2J5	CPX-2469	ECO:0005547	GO:0004823;GO:0004819;GO:0004815;GO:0004827;GO:0004824;GO:0004825;GO:0004814;GO:0004822;GO:0006418;GO:0005737;GO:0004818;GO:0017101					R-HSA-379688	19131329;32644155		11688;20121;19649;20792;23540;14305;20301;13481;11060
CPX_2470	ATP6AP1;ATP6V0A1;ATP6V0C;ATP6V1A;ATP6V1D;ATP6V1F;ATP6V1H	P27449;P38606;Q15904;Q16864;Q93050;Q9UI12;Q9Y5K8	CPX-2470	ECO:0005547	GO:0007042;GO:0033176;GO:0046961;GO:0048388;GO:0016020;GO:1902600					R-HSA-1222549	32001091;33065002		57720		MONDO:0019573
CPX_2476	EPRS1;GAPDH	P04406;P07814	CPX-2476	ECO:0005547	GO:0097452;GO:1901194;GO:0003730						29152905;15479637;22386318
CPX_2489	CUL1;RBX1;SKP1	P62877;P63208;Q13616	CPX-2489	ECO:0005546	GO:0019005;GO:0031146;GO:0043130;GO:0061630						22972877;11961546;15520277;33234069;34445249
CPX_2492	CUL1;RBX1;SKP1	P62877;P63208;Q13616	CPX-2492	ECO:0000353	GO:0019005;GO:0043130;GO:0061630;GO:0031146;GO:0030510				EBI-6946629		21572392;11961546;15520277;33234069;34445249
CPX_2512	CUL1;RBX1;SKP1	P62877;P63208;Q13616	CPX-2512	ECO:0005546	GO:0019005;GO:0031146;GO:0043130;GO:0061630;GO:1901524						11961546;15520277;33234069;34445249;36896912
CPX_2516	CUL1;RBX1;SKP1	P62877;P63208;Q13616	CPX-2516	ECO:0005546	GO:0031146;GO:0019005;GO:0043130;GO:0061630						32576198;11961546;15520277;33234069;34445249
CPX_2538	CUL1;RBX1;SKP1	P62877;P63208;Q13616	CPX-2538	ECO:0005546	GO:0043130;GO:0061630;GO:0031146;GO:0019005						11961546;15520277;10945468;33234069;33692209
CPX_2553	CUL1;RBX1;SKP1	P62877;P63208;Q13616	CPX-2553	ECO:0005546	GO:0031146;GO:0043130;GO:0061630;GO:0042981						25654763;11961546;15520277;34445249;33234069
CPX_2554	CUL1;RBX1;SKP1	P62877;P63208;Q13616	CPX-2554	ECO:0005546	GO:0019005;GO:0031146;GO:0043130;GO:0061630						15520277;33234069;34445249;11961546
CPX_262	VCP	P55072	CPX-262	ECO:0000353	GO:0005524;GO:0006511;GO:1990730;GO:0016887;GO:0005737				EBI-15930651		28819009;18208387;21914798		13065
CPX_2627	SKP1	P63208	CPX-2627	ECO:0005547	GO:0000785;GO:0031507;GO:0035102;GO:0045892;GO:0140862						33202645;22325352;27568929;34680880
CPX_2658	CUL1;RBX1;SKP1	P62877;P63208;Q13616	CPX-2658	ECO:0005546	GO:0019005;GO:0031146;GO:0043130;GO:0061630;GO:0051726						23707388;27215384;33234069;11961546;15520277;34445249
CPX_2683	CUL1;RBX1;SKP1	P62877;P63208;Q13616	CPX-2683	ECO:0005546	GO:0042981;GO:0019005;GO:0031146;GO:0043130;GO:0061630						35438057;25654763;11961546;35906197;15520277;33234069;34445249
CPX_2748	CUL1;RBX1;SKP1	P62877;P63208;Q13616	CPX-2748	ECO:0005546	GO:0043130;GO:0031146;GO:0019005;GO:0042752;GO:0061630						34445249;11961546;33234069;15520277;23452855
CPX_2757	RBX1	P62877	CPX-2757	ECO:0005547	GO:0031464;GO:0061630;GO:0043130;GO:0000109;GO:0006289					R-HSA-6781841	22118460;12732143
CPX_2758	RBX1	P62877	CPX-2758	ECO:0005547	GO:0031465;GO:0000109;GO:0043130;GO:0061630;GO:0006289						22118460
CPX_2759	RBX1	P62877	CPX-2759	ECO:0005547	GO:0031464;GO:0043130;GO:0061630					R-HSA-5655461	35101445;34553266;25108355
CPX_2762	RBX1	P62877	CPX-2762	ECO:0005547	GO:0043130;GO:0061630;GO:0031465						25108355;34553266
CPX_2765	RBX1	P62877	CPX-2765	ECO:0005547	GO:0061630;GO:0043130;GO:0031465;GO:0032814						31693911;30564455;31693891
CPX_2766	RBX1	P62877	CPX-2766	ECO:0005547	GO:0061630;GO:0043130;GO:0032814;GO:0031464						31693891
CPX_2769	RBX1	P62877	CPX-2769	ECO:0000353	GO:0031464;GO:0043130;GO:0061630			7OKQ			34595758
CPX_2770	RBX1	P62877	CPX-2770	ECO:0005546	GO:0031465;GO:0043130;GO:0061630						34595758
CPX_2773	CUL1;RBX1;SKP1	P62877;P63208;Q13616	CPX-2773	ECO:0005546	GO:0019005;GO:0031146;GO:0043130;GO:0061630;GO:0014033						11961546;15520277;33234069;34445249;30190310
CPX_2777	RBX1	P62877	CPX-2777	ECO:0005547	GO:0030174;GO:0031465;GO:0043130;GO:0061630;GO:1901987					R-HSA-5655461	16861906;19332548;34068957
CPX_2778	RBX1	P62877	CPX-2778	ECO:0005547	GO:0031465;GO:0043130;GO:0061630;GO:1901987						25499913;33854239
CPX_2782	RBX1	P62877	CPX-2782	ECO:0005547	GO:0031464;GO:0043130;GO:0061630;GO:2000036					R-HSA-976149	30442713;29691401
CPX_2783	RBX1	P62877	CPX-2783	ECO:0005547	GO:0031465;GO:0043130;GO:0061630;GO:2000036					R-HSA-976149	29691401;30442713
CPX_2784	RBX1	P62877	CPX-2784	ECO:0005547	GO:0031464;GO:0043130;GO:0061630					R-HSA-976149	28212551;15784617
CPX_2785	RBX1	P62877	CPX-2785	ECO:0005547	GO:0031464;GO:0043130;GO:0061630					R-HSA-976149	16949367
CPX_2786	RBX1	P62877	CPX-2786	ECO:0005547	GO:0031465;GO:0043130;GO:0061630					R-HSA-976149	16949367
CPX_2787	RBX1	P62877	CPX-2787	ECO:0005547	GO:0031464;GO:0043130;GO:0061630;GO:1904178					R-HSA-976149	19966799;16949367;27113764
CPX_2795	RBX1	P62877	CPX-2795	ECO:0005547	GO:0030174;GO:0043130;GO:0061630;GO:1901987;GO:0031464					R-HSA-5655461	34068957;16861906;19332548
CPX_2797	RBX1	P62877	CPX-2797	ECO:0005547	GO:0061630;GO:1901987;GO:0043130;GO:0031464						25499913;33854239
CPX_2799	RBX1	P62877	CPX-2799	ECO:0005547	GO:0031464;GO:0061630;GO:0043130;GO:0008283					R-HSA-976149	19966799;30945288
CPX_2804	RBX1	P62877	CPX-2804	ECO:0005547	GO:0031464;GO:0043130;GO:0061630					R-HSA-976149	15784617;28212551
CPX_2809	RBX1	P62877	CPX-2809	ECO:0005547	GO:0031465;GO:0043130;GO:0061630;GO:1904178					R-HSA-976149	16949367;27113764
CPX_2816	RBX1	P62877	CPX-2816	ECO:0005547	GO:0031465;GO:0043130;GO:0061630;GO:0040029						19966799;16949367;34429321;33288900
CPX_2817	RBX1	P62877	CPX-2817	ECO:0005547	GO:0043130;GO:0061630;GO:0042981;GO:0031464					R-HSA-976118	16949367;33898171
CPX_2818	RBX1	P62877	CPX-2818	ECO:0005547	GO:0040029;GO:0043130;GO:0061630;GO:0031464						19966799;16949367;33288900;34429321
CPX_2819	RBX1	P62877	CPX-2819	ECO:0005547	GO:0042981;GO:0031465;GO:0043130;GO:0061630					R-HSA-976118	33898171;16949367
CPX_2832	CUL1;RBX1;SKP1	P62877;P63208;Q13616	CPX-2832	ECO:0000353	GO:0019005;GO:0031146;GO:0043130;GO:0061630				EBI-44439349		11961546;15520277;33234069;33692209
CPX_2845	STK11	Q15831	CPX-2845	ECO:0000353	GO:0005737;GO:0004674;GO:1902554				EBI-16181998	R-HSA-380967	19892943		17989;46608		MONDO:0008280
CPX_2859	RBX1	P62877	CPX-2859	ECO:0005547	GO:0008283;GO:0043130;GO:0061630;GO:0031465					R-HSA-976149	19966799;30945288
CPX_2860	GUCY1B1	Q02153	CPX-2860	ECO:0005546	GO:0038060;GO:0004383;GO:0008074		CHEBI:30413			R-HSA-392012	23505436;2466984		13665
CPX_2865	GCLC;GCLM	P48506;P48507	CPX-2865	ECO:0000353	GO:0004357;GO:0016595;GO:0005524;GO:0006750;GO:0017109				EBI-28996567	R-HSA-174377	9841880;9675072		13285		MONDO:0009259
CPX_2868	STK11	Q15831	CPX-2868	ECO:0005546	GO:0004674;GO:0005737;GO:1902554					R-HSA-380967	19892943		17989;46608		MONDO:0008280
CPX_2869	STK11	Q15831	CPX-2869	ECO:0005546	GO:0004674;GO:0005737;GO:1902554					R-HSA-380967	19892943		17989;46608		MONDO:0008280
CPX_2873	CUL1;RBX1;SKP1	P62877;P63208;Q13616	CPX-2873	ECO:0005546	GO:0043130;GO:0031146;GO:0019005;GO:0061630						34731788;11961546;15520277;33234069
CPX_2897	SOD1	P00441	CPX-2897	ECO:0000353	GO:0004784;GO:0019430;GO:1902693		CHEBI:29036;CHEBI:29105		EBI-8545323						MONDO:0004976
CPX_2927	HBA;HBE1	P02100;P69905	CPX-2927	ECO:0000353	GO:0005344;GO:0015670;GO:0015671;GO:0005833;GO:0019825;GO:1902670		CHEBI:30413		EBI-9207629		9665850;11159543;7543751;19740759				MONDO:0007705;MONDO:0011399
CPX_2928	HBE1;HBZ	P02008;P02100	CPX-2928	ECO:0000353	GO:0005344;GO:0015670;GO:0015671;GO:0005833;GO:0019825;GO:1902670		CHEBI:30413		EBI-9207586		11159543;7543751;19740759;9665850
CPX_2929	HBB;HBZ	P02008;P68871	CPX-2929	ECO:0000353	GO:1902670;GO:0019825;GO:0005344;GO:0015670;GO:0015671;GO:0005833		CHEBI:30413		EBI-9207641		24100324;11159543;6539334;19740759				MONDO:0007705;MONDO:0018749;MONDO:0019402;MONDO:0016487;MONDO:0016486;MONDO:0011382
CPX_2930	HBG1;HBZ	P02008;P69891	CPX-2930	ECO:0000353	GO:1902670;GO:0019825;GO:0005344;GO:0015670;GO:0015671;GO:0005833		CHEBI:30413		EBI-9208365		11159543;7543751;19740759;6683087			orphanet:46532
CPX_2931	HBG2;HBZ	P02008;P69892	CPX-2931	ECO:0000353	GO:0005344;GO:0015670;GO:0015671;GO:0005833;GO:1902670;GO:0019825		CHEBI:30413		EBI-9208365		11159543;7543751;19740759;6683087				MONDO:0017238;MONDO:0018749
CPX_2932	HBA;HBG1	P69891;P69905	CPX-2932	ECO:0005546	GO:0005833;GO:1902670;GO:0019825;GO:0005344;GO:0015670;GO:0015671		CHEBI:30413				19740759;881729				MONDO:0007705;MONDO:0018749;MONDO:0011399
CPX_2933	HBA;HBG2	P69892;P69905	CPX-2933	ECO:0000353	GO:0005344;GO:0015670;GO:0015671;GO:0005833;GO:1902670;GO:0019825		CHEBI:30413		EBI-8660961		19740759;881729				MONDO:0018749;MONDO:0007705;MONDO:0011399;MONDO:0017238
CPX_2934	HBG1	P69891	CPX-2934	ECO:0000353	GO:0005833						11514664			orphanet:46532
CPX_2936	HBB	P68871	CPX-2936	ECO:0000353	GO:0005344;GO:0019825;GO:1902670;GO:0005833;GO:0015670;GO:0015671		CHEBI:30413				8114097;19740759;10080899				MONDO:0007705;MONDO:0018749;MONDO:0011382;MONDO:0019402;MONDO:0016487;MONDO:0016486
CPX_3057	PKM	P14618	CPX-3057	ECO:0005547	GO:0006468;GO:0001934;GO:0004672;GO:0045860;GO:1990360						24508027;23576436
CPX_3058	PKM	P14618	CPX-3058	ECO:0000353	GO:0004743;GO:0006096;GO:1990361		CHEBI:28013		EBI-9351780		24508027;23576436
CPX_3093	PKM	P14618	CPX-3093	ECO:0000353	GO:0004743;GO:0006096;GO:1902912				EBI-16017283		22922757
CPX_3094	PKLR	P30613	CPX-3094	ECO:0000353	GO:0004743;GO:0006096;GO:1902912		CHEBI:28013	4ima			23270483		18157
CPX_3095	PKLR	P30613	CPX-3095	ECO:0000353	GO:0004743;GO:0006096;GO:1902912		CHEBI:28013	2vgb					18157	orphanet:766		MIM:102900;MIM:266200
CPX_3111	SLC2A1	P11166	CPX-3111	ECO:0000353	GO:0005536;GO:1904659;GO:1990350;GO:0005355				EBI-959434	R-HSA-70400;R-HSA-5653881	15449578;1429721		60376		MONDO:0012805;MONDO:0010983;MONDO:0011724
CPX_3141	CDK5	Q00535	CPX-3141	ECO:0005546	GO:0016533;GO:0004693;GO:0000307						18507738		17989;46608
CPX_3142	CDK5	Q00535	CPX-3142	ECO:0000353	GO:0016533;GO:0004693;GO:0000307				EBI-1041602		16039528;18507738		17989;46608
CPX_3153	PTEN	P60484	CPX-3153	ECO:0000353	GO:1990455;GO:0048015;GO:0046856;GO:0016314;GO:0051717;GO:0051800;GO:0004438;GO:0005547;GO:0032266;GO:0043325;GO:0043533				EBI-9637178
CPX_3288	HSP90AA1	P07900	CPX-3288	ECO:0000353	GO:1990565;GO:0022417;GO:0045859;GO:0032435;GO:0019887				EBI-9371424		19387550;18359116
CPX_3291	CUL1;RBX1;SKP1	P62877;P63208;Q13616	CPX-3291	ECO:0005546	GO:0042752;GO:0019005;GO:0043130;GO:0061630;GO:0031146						17463251;11961546;15520277;33234069;34445249
CPX_3292	CUL1;RBX1;SKP1	P62877;P63208;Q13616	CPX-3292	ECO:0005546	GO:0050727;GO:0043130;GO:0031146;GO:0019005;GO:0061630						23542741;11961546;15520277;33234069;34445249
CPX_3295	CUL1;RBX1;SKP1	P62877;P63208;Q13616	CPX-3295	ECO:0000353	GO:0031146;GO:0019005;GO:0061630;GO:0043130;GO:0000082				EBI-15528504		11961546;34445249;33234069;15520277
CPX_3323	OGT	O15294	CPX-3323	ECO:0005547	GO:0042393;GO:1902459;GO:0003700;GO:0070822;GO:0005634;GO:1902455;GO:0030512;GO:0030336;GO:0000122;GO:0004407						11238380;14559996;20142042;24189169;33800128		58196
CPX_338	VPS4A	Q9UN37	CPX-338	ECO:0005547	GO:0016887;GO:0031468;GO:0001778;GO:0046761;GO:0006997;GO:0097352;GO:0006914;GO:0005886;GO:0005524;GO:0005643;GO:0030496;GO:0036258;GO:1904949;GO:0061952;GO:0061764;GO:0071985;GO:0090148						21925211
CPX_4084	ACTB	P60709	CPX-4084	ECO:0005547	GO:0008284;GO:0140288;GO:0006338;GO:0016887;GO:0000785;GO:0005524;GO:0045596;GO:0006357;GO:1902459;GO:0140658						PPR59167;11790558;23644491;9843504;28408647;30397315;12620226;29374058;30510198				MONDO:0004992
CPX_4203	ACTB	P60709	CPX-4203	ECO:0005547	GO:0008284;GO:0140288;GO:0006338;GO:0016887;GO:0000785;GO:0005524;GO:0045596;GO:0006357;GO:1902459;GO:0140658						PPR59167;11790558;23644491;9843504;28408647;30397315;12620226;29374058;30510198				MONDO:0004992
CPX_4206	ACTB	P60709	CPX-4206	ECO:0005547	GO:0008284;GO:0140288;GO:0006338;GO:0016887;GO:0000785;GO:0005524;GO:0045596;GO:0006357;GO:1902459;GO:0140658						PPR59167;11790558;23644491;9843504;28408647;30397315;12620226;29374058;30510198				MONDO:0004992
CPX_4207	ACTB	P60709	CPX-4207	ECO:0005547	GO:0008284;GO:0140288;GO:0006338;GO:0016887;GO:0000785;GO:0005524;GO:0045596;GO:0006357;GO:1902459;GO:0140658						PPR59167;11790558;23644491;9843504;28408647;30397315;12620226;29374058;30510198				MONDO:0004992
CPX_4223	ACTB	P60709	CPX-4223	ECO:0005547	GO:0008284;GO:0140288;GO:0006338;GO:0016887;GO:0000785;GO:0005524;GO:0045596;GO:0006357;GO:1902459;GO:0140658						PPR59167;11790558;23644491;9843504;28408647;30397315;12620226;29374058;30510198				MONDO:0004992
CPX_4224	ACTB	P60709	CPX-4224	ECO:0005547	GO:0008284;GO:0140288;GO:0006338;GO:0016887;GO:0000785;GO:0005524;GO:0045596;GO:0006357;GO:1902459;GO:0140658						PPR59167;11790558;23644491;9843504;28408647;30397315;12620226;29374058;30510198				MONDO:0004992
CPX_4225	ACTB	P60709	CPX-4225	ECO:0005547	GO:0008284;GO:0140288;GO:0006338;GO:0016887;GO:0000785;GO:0005524;GO:0045596;GO:0006357;GO:1902459;GO:0140658						PPR59167;11790558;23644491;9843504;28408647;30397315;12620226;29374058;30510198				MONDO:0004992
CPX_4226	ACTB	P60709	CPX-4226	ECO:0005547	GO:0008284;GO:0140288;GO:0006338;GO:0016887;GO:0000785;GO:0005524;GO:0045596;GO:0006357;GO:1902459;GO:0140658						PPR59167;11790558;23644491;9843504;28408647;30397315;12620226;29374058;30510198				MONDO:0004992
CPX_439	CSNK1A1	P48729	CPX-439	ECO:0005547	GO:0004674;GO:0043161;GO:0008013;GO:0030877						25200911;23169527		17989;46608
CPX_440	CSNK1A1	P48729	CPX-440	ECO:0005547	GO:0043161;GO:0030877;GO:0004674;GO:0008013						25200911;23169527		17989;46608
CPX_441	CSNK1A1;GSK3A	P48729;P49840	CPX-441	ECO:0005547	GO:0043161;GO:0004674;GO:0008013;GO:0030877						23169527;25200911		17989;46608
CPX_442	CSNK1A1;GSK3A	P48729;P49840	CPX-442	ECO:0005547	GO:0004674;GO:0043161;GO:0008013;GO:0030877						25200911;23169527		46608;17989
CPX_443	CSNK1A1;GSK3A	P48729;P49840	CPX-443	ECO:0005547	GO:0030877;GO:0004674;GO:0008013;GO:0043161						25200911;23169527		46608;17989
CPX_4742	CAT	P04040	CPX-4742	ECO:0000353	GO:0005777;GO:0004096;GO:0061692;GO:0042744;GO:0062151		CHEBI:16474;CHEBI:30413		EBI-3926190	R-HSA-76028	18379038;19479899;28384098;10656833;21904028
CPX_477	RBX1	P62877	CPX-477	ECO:0005543	GO:0031464;GO:0005634;GO:0043130;GO:0006974;GO:0034644;GO:0061630;GO:0003684						22118460			orphanet:276261
CPX_502	HEXA;HEXB	P06865;P07686	CPX-502	ECO:0000353	GO:1905379;GO:0043202;GO:0030203;GO:0004563				EBI-12592751	R-HSA-1605656	16698036;25645918;11707436;6458607		48276;47940;47968;64372;64384		MONDO:0010100;MONDO:0010006;MONDO:0017720
CPX_5633	PRKAA1;PRKAB1;PRKAG1	P54619;Q13131;Q9Y478	CPX-5633	ECO:0000353	GO:0004679;GO:0031669;GO:0005524;GO:0031588;GO:0016208;GO:0047322			6c9h		R-HSA-380961;R-HSA-6805467	30423971		17989;46608;20333;23172;12801;53904
CPX_5641	FXN	Q16595	CPX-5641	ECO:0005547	GO:1990229;GO:0005739;GO:0031071;GO:0004322;GO:0016226		CHEBI:597326			R-HSA-1362404	29219157;27519411;34199378;29097656		43892;11148
CPX_5786	PRKAA1;PRKAB1	Q13131;Q9Y478	CPX-5786	ECO:0005546	GO:0004679;GO:0031669;GO:0005524;GO:0031588;GO:0016208;GO:0047322					R-HSA-380961;R-HSA-6805467	30423971		12801;17989;20333;23172;46608;53904
CPX_5787	PRKAB1;PRKAG1	P54619;Q9Y478	CPX-5787	ECO:0000353	GO:0004679;GO:0031669;GO:0005524;GO:0031588;GO:0016208;GO:0047322;GO:0005634			5iso		R-HSA-6805467;R-HSA-380961	30423971		17989;46608;20333;23172
CPX_5790	PRKAG1	P54619	CPX-5790	ECO:0000353	GO:0004679;GO:0031669;GO:0005524;GO:0031588;GO:0016208;GO:0047322			6b2e		R-HSA-380961;R-HSA-6805467	17038425;29657085;30423971		17989;20333;23172;46608
CPX_5791	PRKAA1;PRKAG1	P54619;Q13131	CPX-5791	ECO:0000353	GO:0004679;GO:0031669;GO:0005524;GO:0031588;GO:0016208;GO:0047322			4rer		R-HSA-6805467;R-HSA-380961	17038425;25412657;30423971		12801;17989;20333;23172;46608;53904
CPX_5824	HSPA8	P11142	CPX-5824	ECO:0000353	GO:0036002;GO:0005681;GO:0000974;GO:0000398				EBI-26973677		20176811;23742842;26381213
CPX_5841	PRKAA1	Q13131	CPX-5841	ECO:0005546	GO:0004679;GO:0005524;GO:0031588;GO:0016208					R-HSA-6805467;R-HSA-380961	25412657;30423971		46608
CPX_5842	PRKAA1;PRKAB1	Q13131;Q9Y478	CPX-5842	ECO:0005546	GO:0004679;GO:0005524;GO:0031588;GO:0016208					R-HSA-6805467;R-HSA-380961	25412657;30423971		46608
CPX_5843	PRKAB1	Q9Y478	CPX-5843	ECO:0005546	GO:0004679;GO:0005524;GO:0031588;GO:0016208					R-HSA-6805467;R-HSA-380961	25412657;30423971		46608
CPX_5844	PRKAB1	Q9Y478	CPX-5844	ECO:0005546	GO:0004679;GO:0005524;GO:0031588;GO:0016208					R-HSA-6805467;R-HSA-380961	25412657;30423971		46608
CPX_5846	PRKAA1	Q13131	CPX-5846	ECO:0005546	GO:0004679;GO:0005524;GO:0031588;GO:0016208					R-HSA-6805467;R-HSA-380961	25412657;30423971		46608
CPX_6143	RUVBL1;RUVBL2	Q9Y230;Q9Y265	CPX-6143	ECO:0000353	GO:0016887;GO:0005524;GO:0044183;GO:0050821;GO:0097255				EBI-9821490		31738558;29662061		13065
CPX_6150	RUVBL1;RUVBL2	Q9Y230;Q9Y265	CPX-6150	ECO:0005547	GO:0005524;GO:0016887;GO:0101031;GO:0044183;GO:0050821						29844425;31738558		13065
CPX_6152	RUVBL1;RUVBL2	Q9Y230;Q9Y265	CPX-6152	ECO:0005547	GO:0005524;GO:0016887;GO:0101031;GO:0044183;GO:0050821						29844425		13065
CPX_6153	RUVBL1;RUVBL2	Q9Y230;Q9Y265	CPX-6153	ECO:0005547	GO:0005524;GO:0016887;GO:0101031;GO:0044183;GO:0050821						29844425;31738558		13065
CPX_6183	PRKCI	P41743	CPX-6183	ECO:0000353	GO:0070160;GO:0120157;GO:0004674;GO:0045197				EBI-286254	R-HSA-419976;R-HSA-419984	18005931		17989;46608
CPX_6193	PRKCI	P41743	CPX-6193	ECO:0005546	GO:0070160;GO:0120157;GO:0004674;GO:0045197					R-HSA-419976;R-HSA-419984	18005931		17989;46608
CPX_6194	PRKCI	P41743	CPX-6194	ECO:0005546	GO:0070160;GO:0120157;GO:0004674;GO:0045197					R-HSA-419976;R-HSA-419984	18005931		17989;46608
CPX_6195	PRKCZ	Q05513	CPX-6195	ECO:0005546	GO:0070160;GO:0120157;GO:0004674;GO:0045197					R-HSA-419976;R-HSA-419984	18005931		17989;46608
CPX_6196	PRKCZ	Q05513	CPX-6196	ECO:0005546	GO:0070160;GO:0120157;GO:0004674;GO:0045197					R-HSA-419976;R-HSA-419984	18005931		17989;46608
CPX_6197	PRKCZ	Q05513	CPX-6197	ECO:0005546	GO:0070160;GO:0120157;GO:0004674;GO:0045197					R-HSA-419976;R-HSA-419984	18005931		17989;46608
CPX_6282	TMEM30A	Q9NV96	CPX-6282	ECO:0000353	GO:0005886;GO:0005524;GO:0016887;GO:1990531;GO:0140345				EBI-26441578		27458383;20961850;26567335;30509129;25315773		38567		MONDO:0008892;MONDO:0009469
CPX_6285	TMEM30A	Q9NV96	CPX-6285	ECO:0000353	GO:0005886;GO:0005524;GO:0016887;GO:1990531;GO:0140346				EBI-25507980		27458383;31416931;20961850;30509129;25315773;26567335		38567
CPX_6301	TMEM30A	Q9NV96	CPX-6301	ECO:0000353	GO:0005886;GO:0005524;GO:0016887;GO:1990531;GO:0140346				EBI-9539361		27458383;21454556;20961850;20947505;26567335;25315773		38567	orphanet:1766
CPX_6302	TMEM30A	Q9NV96	CPX-6302	ECO:0000353	GO:0005886;GO:0005524;GO:0016887;GO:1990531;GO:0140345				EBI-9527233		27458383;20961850;30509129;26567335;25315773		38567
CPX_6304	TMEM30A	Q9NV96	CPX-6304	ECO:0005546	GO:0016020;GO:0005524;GO:0016887;GO:1990531;GO:0140333;GO:0140327						27458383;20961850;30509129;26567335;25315773		38567
CPX_6305	TMEM30A	Q9NV96	CPX-6305	ECO:0000353	GO:0005886;GO:0140327;GO:0005524;GO:0016887;GO:1990531				EBI-9527124		27458383;20961850;30509129;26567335;25315773		38567
CPX_6307	TMEM30A	Q9NV96	CPX-6307	ECO:0000353	GO:0005886;GO:0005524;GO:0016887;GO:1990531;GO:0140345;GO:0140351				EBI-26444362		27458383;20961850;30509129;25947375;30530492;26567335		38567
CPX_6308	TMEM30A	Q9NV96	CPX-6308	ECO:0000353	GO:0016020;GO:0005524;GO:0016887;GO:1990531;GO:0031902;GO:0140345;GO:0140351				EBI-26444523		27458383;20961850;30509129;26567335;32172343;25947375		38567
CPX_6309	TMEM30A	Q9NV96	CPX-6309	ECO:0000353	GO:0005886;GO:0005524;GO:0016887;GO:1990531;GO:0140351				EBI-26444569		27458383;20961850;30509129;26567335;30530492;25947375		38567
CPX_6310	ATP11A;TMEM30A	P98196;Q9NV96	CPX-6310	ECO:0000353	GO:0005886;GO:0005524;GO:0016887;GO:1990531;GO:0140346;GO:0090555				EBI-26444585		30509129;27458383;26567335;20961850;25315773		38567
CPX_6311	ATP11B;TMEM30A	Q9NV96;Q9Y2G3	CPX-6311	ECO:0000353	GO:0016020;GO:0005524;GO:0016887;GO:1990531;GO:0031901;GO:0140327				EBI-26444292		27458383;26567335;20961850;30509129;25315773;31571211;25947375		38567
CPX_6312	ATP11C;TMEM30A	Q8NB49;Q9NV96	CPX-6312	ECO:0000353	GO:0005886;GO:0005524;GO:0016887;GO:1990531;GO:0140346;GO:0090555				EBI-25508137		27458383;26567335;20961850;30509129;25315773;21914794		38567
CPX_648	RBX1	P62877	CPX-648	ECO:0005543	GO:0031464;GO:0005634;GO:0043130;GO:0006974;GO:0034644;GO:0061630;GO:0003684						22118460				MONDO:0010306;MONDO:0010213
CPX_6573	LDHA	P00338	CPX-6573	ECO:0000353	GO:0004459;GO:0006090;GO:0006089;GO:1990204			4l4r		R-HSA-70508	24816116;15117937;33505966;31146503		23444		MONDO:0016527
CPX_6592	LDHA;LDHB	P00338;P07195	CPX-6592	ECO:0005546	GO:0004459;GO:0006090;GO:0006089;GO:1990204					R-HSA-70504	24816116;15117937;33505966;31146503		23444		MONDO:0016527
CPX_6594	LDHA;LDHB	P00338;P07195	CPX-6594	ECO:0005546	GO:0004459;GO:0006090;GO:0006089;GO:1990204					R-HSA-70513	24816116;15117937;33505966;31146503		23444		MONDO:0016527
CPX_6598	LDHA;LDHB	P00338;P07195	CPX-6598	ECO:0005546	GO:0004459;GO:0006090;GO:0006089;GO:1990204					R-HSA-70506	24816116;15117937;33505966;31146503		23444		MONDO:0016527
CPX_6599	LDHB	P07195	CPX-6599	ECO:0000353	GO:0004459;GO:0006090;GO:0006089;GO:1990204				EBI-24436564	R-HSA-70516	24816116;15117937;33505966;31146503		23444		MONDO:0016527
CPX_6663	SPTLC1;SPTLC2	O15269;O15270	CPX-6663	ECO:0000353	GO:0005789;GO:0004758;GO:0017059;GO:0046512		CHEBI:597326		EBI-26963993	R-HSA-428140	33558761;19416851		14761		MONDO:0018213
CPX_6664	SPTLC1;SPTLC2	O15269;O15270	CPX-6664	ECO:0005546	GO:0005789;GO:0004758;GO:0017059;GO:0046512		CHEBI:597326			R-HSA-428140	33558761;19416851		14761;33683		MONDO:0018213
CPX_6665	SPTLC1	O15269	CPX-6665	ECO:0005546	GO:0005789;GO:0004758;GO:0017059;GO:0046512		CHEBI:597326			R-HSA-428177	33558761;19416851		35679;35675;14761		MONDO:0018213
CPX_6681	SPTLC1	O15269	CPX-6681	ECO:0000353	GO:0005789;GO:0004758;GO:0017059;GO:0046512		CHEBI:597326		EBI-15778074	R-HSA-428177	19648650;33558761;19416851		14761;33683;35675;35679		MONDO:0018213
CPX_686	HEXB	P07686	CPX-686	ECO:0000353	GO:1905379;GO:0043202;GO:0030203;GO:0004563			1o7a		R-HSA-1605749	12706724;6458607		48276;47940;47968;64372;64384		MONDO:0010006
CPX_687	HEXA	P06865	CPX-687	ECO:0005546	GO:1905379;GO:0043202;GO:0030203;GO:0004563						16698036;25645918;11707436;6458607		64384;64372;47968;47940;48276
CPX_6904	ATP6AP1;ATP6V0C;ATP6V1A;ATP6V1D;ATP6V1F;ATP6V1H	P27449;P38606;Q15904;Q16864;Q9UI12;Q9Y5K8	CPX-6904	ECO:0005547	GO:0000139;GO:0061795;GO:0033176;GO:0046961;GO:1902600					R-HSA-1222549	32001091;33065002		57720		MONDO:0019573
CPX_6905	ATP6AP1;ATP6V0C;ATP6V1A;ATP6V1D;ATP6V1F;ATP6V1H	P27449;P38606;Q15904;Q16864;Q9UI12;Q9Y5K8	CPX-6905	ECO:0005547	GO:0005886;GO:0010008;GO:0005765;GO:0007035;GO:0007042;GO:0033176;GO:0046961;GO:1902600					R-HSA-1222549	32001091;33065002		57720		MONDO:0019573
CPX_6912	ATP6AP1;ATP6V0C;ATP6V1A;ATP6V1D;ATP6V1F;ATP6V1H	P27449;P38606;Q15904;Q16864;Q9UI12;Q9Y5K8	CPX-6912	ECO:0005547	GO:0005886;GO:0033176;GO:0046961;GO:1902600;GO:0051452					R-HSA-1222549	32001091;33065002		57720		MONDO:0019573
CPX_696	PRMT5	O14744	CPX-696	ECO:0005547	GO:0005634;GO:0034709;GO:0008276;GO:0048026;GO:0000387				EBI-12595199	R-HSA-191849	34358446;21081503;11756452		48108
CPX_7142	MDH1;ME1	P40925;P48163	CPX-7142	ECO:0000353	GO:0006734;GO:0030060;GO:0004736;GO:0008948;GO:0006739;GO:0005737				EBI-27104332		34547241		20844;21432;18253
CPX_73	PIK3C3	Q8NEB9	CPX-73	ECO:0000353	GO:0016303;GO:0005524;GO:0097352;GO:0036092;GO:0045022;GO:0016241;GO:0006622;GO:0035032		CHEBI:29035		EBI-10688703	R-HSA-74693;R-HSA-188015	16467569		12709
CPX_74	PIK3C3	Q8NEB9	CPX-74	ECO:0000353	GO:0010506;GO:0016303;GO:0005524;GO:0036092;GO:0035032		CHEBI:29035		EBI-10688923		16467569
CPX_7561	SKP1	P63208	CPX-7561	ECO:0005547	GO:0000785;GO:0031507;GO:0035102;GO:0045892;GO:0140862						27568929;33202645;34680880;22325352
CPX_7747	CUL1;RBX1;SKP1	P62877;P63208;Q13616	CPX-7747	ECO:0005547	GO:0019005;GO:0031146;GO:0010564;GO:0043130;GO:0061630						15520277;34445249;35414786
CPX_7761	CUL1;RBX1;SKP1	P62877;P63208;Q13616	CPX-7761	ECO:0005547	GO:0019005;GO:0031146;GO:0043130;GO:0061630;GO:0060173						15520277;34445249;35414786;10471509
CPX_7762	CUL1;RBX1;SKP1	P62877;P63208;Q13616	CPX-7762	ECO:0005547	GO:0060271;GO:0051298;GO:0019005;GO:0031146;GO:0043130;GO:0061630						21725316;15520277;34445249;35414786;34368969
CPX_7763	CUL1;RBX1;SKP1	P62877;P63208;Q13616	CPX-7763	ECO:0005547	GO:0019005;GO:0031146;GO:0043130;GO:0061630;GO:0007346						24298052;17298674;38008853;15520277;34445249;36395886
CPX_7784	CUL1;RBX1;SKP1	P62877;P63208;Q13616	CPX-7784	ECO:0005547	GO:0019005;GO:0031146;GO:0043130;GO:0061630						15520277;34445249;35982156;34478796
CPX_7785	CUL1;RBX1;SKP1	P62877;P63208;Q13616	CPX-7785	ECO:0005547	GO:0019005;GO:0031146;GO:0043130;GO:0061630						15520277
CPX_7786	CUL1;RBX1;SKP1	P62877;P63208;Q13616	CPX-7786	ECO:0005547	GO:0019005;GO:0031146;GO:0043130;GO:0061630						15520277;20498703
CPX_7801	RNF123;UBAC1	Q5XPI4;Q9BSL1	CPX-7801	ECO:0000353	GO:0019941;GO:0051726;GO:0000151;GO:0061630;GO:0043130				EBI-1061423		16227581
CPX_7821	CUL1;RBX1;SKP1	P62877;P63208;Q13616	CPX-7821	ECO:0005547	GO:0019005;GO:0031146;GO:0043130;GO:0061630						15520277;20498703;10097128;35273593
CPX_7822	CUL1;RBX1;SKP1	P62877;P63208;Q13616	CPX-7822	ECO:0005547	GO:0019005;GO:0031146;GO:0043130;GO:0061630						26171402;15520277
CPX_7846	CUL1;RBX1;SKP1	P62877;P63208;Q13616	CPX-7846	ECO:0005547	GO:0019005;GO:0031146;GO:0010564;GO:0043130;GO:0061630						20596027;15520277;34445249
CPX_7847	CUL1;RBX1;SKP1	P62877;P63208;Q13616	CPX-7847	ECO:0005547	GO:1904415;GO:0019005;GO:0031146;GO:0043130;GO:0061630						34515398;34445249;15520277;35525855
CPX_7881	CUL1;RBX1;SKP1	P62877;P63208;Q13616	CPX-7881	ECO:0005547	GO:0019005;GO:0031146;GO:0043130;GO:0061630;GO:0050727						34445249;15520277;35127719
CPX_7882	CUL1;RBX1;SKP1	P62877;P63208;Q13616	CPX-7882	ECO:0005547	GO:2000001;GO:0019005;GO:0031146;GO:0043130;GO:0061630						15520277;33784509;34445249
CPX_7904	CUL1;RBX1;SKP1	P62877;P63208;Q13616	CPX-7904	ECO:0005547	GO:0019005;GO:0031146;GO:0043130;GO:0061630						15520277;35634770;34445249
CPX_7905	CUL1;RBX1;SKP1	P62877;P63208;Q13616	CPX-7905	ECO:0005547	GO:0019005;GO:0031146;GO:0043130;GO:0061630						15520277;27855403;34445249
CPX_7906	CUL1;RBX1;SKP1	P62877;P63208;Q13616	CPX-7906	ECO:0005547	GO:0019005;GO:0031146;GO:0043130;GO:0061630						36261086;34445249;15520277
CPX_7921	CUL1;RBX1;SKP1	P62877;P63208;Q13616	CPX-7921	ECO:0005547	GO:0019005;GO:0031146;GO:0043130;GO:0061630						34445249;31024008;18094045;15520277
CPX_7922	CUL1;RBX1;SKP1	P62877;P63208;Q13616	CPX-7922	ECO:0005547	GO:0032006;GO:0019005;GO:0031146;GO:0043130;GO:0061630						34445249;35025031;23263282;15520277
CPX_7923	CUL1;RBX1;SKP1	P62877;P63208;Q13616	CPX-7923	ECO:0005547	GO:0019005;GO:0031146;GO:0043130;GO:0061630						34244497;34445249;28515150;15520277
CPX_7924	CUL1;RBX1;SKP1	P62877;P63208;Q13616	CPX-7924	ECO:0000353	GO:0061663;GO:0019005;GO:0031146;GO:0043130;GO:0061630				EBI-1168068		23478441;34445249;17098746;15520277
CPX_7925	CUL1;RBX1;SKP1	P62877;P63208;Q13616	CPX-7925	ECO:0005547	GO:0019005;GO:0031146;GO:0043130;GO:0061630						24703837;34445249;15520277
CPX_7926	CUL1;RBX1;SKP1	P62877;P63208;Q13616	CPX-7926	ECO:0005547	GO:0019005;GO:0031146;GO:0043130;GO:0061630						34445249;15520277
CPX_7927	CUL1;RBX1;SKP1	P62877;P63208;Q13616	CPX-7927	ECO:0005547	GO:0019005;GO:0031146;GO:0043130;GO:0061630						31646557;34445249;15520277
CPX_7928	CUL1;RBX1;SKP1	P62877;P63208;Q13616	CPX-7928	ECO:0005547	GO:0019005;GO:0031146;GO:0043130;GO:0061630						34445249;15520277
CPX_7929	CUL1;RBX1;SKP1	P62877;P63208;Q13616	CPX-7929	ECO:0005547	GO:0019005;GO:0031146;GO:0043130;GO:0061630						34445249;15520277;33767426
CPX_7930	CUL1;RBX1;SKP1	P62877;P63208;Q13616	CPX-7930	ECO:0000353	GO:0019005;GO:0031146;GO:0043130;GO:0061630				EBI-46445632		34445249;15520277;26085330
CPX_7962	CUL1;RBX1;SKP1	P62877;P63208;Q13616	CPX-7962	ECO:0005547	GO:0019005;GO:0031146;GO:0043130;GO:0061630						34445249;15520277
CPX_7963	CUL1;RBX1;SKP1	P62877;P63208;Q13616	CPX-7963	ECO:0005547	GO:0019005;GO:0031146;GO:0043130;GO:0061630						25582197;32828318;34445249;15520277
CPX_7965	CUL1;RBX1;SKP1	P62877;P63208;Q13616	CPX-7965	ECO:0005547	GO:0019005;GO:0031146;GO:0043130;GO:0061630						34513836;34445249;15520277
CPX_7966	CUL1;RBX1;SKP1	P62877;P63208;Q13616	CPX-7966	ECO:0005547	GO:0019005;GO:0031146;GO:0043130;GO:0061630						31432621;34445249;15520277
CPX_7967	CUL1;RBX1;SKP1	P62877;P63208;Q13616	CPX-7967	ECO:0005547	GO:0019005;GO:0031146;GO:0043130;GO:0061630						23776131;34445249;15520277;36115843
CPX_7968	CUL1;RBX1;SKP1	P62877;P63208;Q13616	CPX-7968	ECO:0005547	GO:0019005;GO:0031146;GO:0043130;GO:0061630						34445249;15520277;36799168
CPX_7971	CUL1;RBX1;SKP1	P62877;P63208;Q13616	CPX-7971	ECO:0005547	GO:0019005;GO:0031146;GO:0043130;GO:0061630						36269678;34445249;15520277;35940557;26124108
CPX_7972	CUL1;RBX1;SKP1	P62877;P63208;Q13616	CPX-7972	ECO:0005547	GO:0019005;GO:0031146;GO:0043130;GO:0061630						34445249;15520277;25944903;18354498;15531760;34178666
CPX_7973	CUL1;RBX1;SKP1	P62877;P63208;Q13616	CPX-7973	ECO:0005547	GO:0019005;GO:0031146;GO:0043130;GO:0061630						34445249;15520277;16797541
CPX_7975	CUL1;RBX1;SKP1	P62877;P63208;Q13616	CPX-7975	ECO:0005547	GO:0019005;GO:0031146;GO:0043130;GO:0061630						34445249;15520277;33842473
CPX_7976	CUL1;RBX1;SKP1	P62877;P63208;Q13616	CPX-7976	ECO:0005547	GO:0043130;GO:0061630;GO:0019005;GO:0031146						34445249;15520277
CPX_7977	CUL1;RBX1;SKP1	P62877;P63208;Q13616	CPX-7977	ECO:0005547	GO:0043130;GO:0061630;GO:0019005;GO:0031146						35813202;34445249;15520277
CPX_7979	CUL1;RBX1;SKP1	P62877;P63208;Q13616	CPX-7979	ECO:0005547	GO:0043130;GO:0061630;GO:0019005;GO:0031146						34445249;15520277
CPX_7981	CUL1;RBX1;SKP1	P62877;P63208;Q13616	CPX-7981	ECO:0005547	GO:0043130;GO:0061630;GO:0019005;GO:0031146						34445249;15520277;32101031;35886949
CPX_7982	CUL1;RBX1;SKP1	P62877;P63208;Q13616	CPX-7982	ECO:0005547	GO:0043130;GO:0061630;GO:0019005;GO:0031146						34445249;15520277;35598880
CPX_7983	CUL1;RBX1;SKP1	P62877;P63208;Q13616	CPX-7983	ECO:0005547	GO:0043130;GO:0061630;GO:0019005;GO:0031146						34445249;15520277;36129980
CPX_8002	CUL1;RBX1;SKP1	P62877;P63208;Q13616	CPX-8002	ECO:0005547	GO:0019005;GO:0031146;GO:0043130;GO:0061630						34445249;15520277;36937431
CPX_8003	CUL1;RBX1;SKP1	P62877;P63208;Q13616	CPX-8003	ECO:0005547	GO:0031146;GO:0043130;GO:0061630;GO:0019005						15520277;34445249;33008920
CPX_8004	SKP1	P63208	CPX-8004	ECO:0005547	GO:0051124;GO:0043161;GO:0000151;GO:0043130;GO:0061630						34445249;15520277;29997255
CPX_8005	CUL1;RBX1;SKP1	P62877;P63208;Q13616	CPX-8005	ECO:0005547	GO:0019005;GO:0031146;GO:0043130;GO:0061630						34445249;15520277;30171069
CPX_8006	CUL1;RBX1;SKP1	P62877;P63208;Q13616	CPX-8006	ECO:0005547	GO:0019005;GO:0031146;GO:0043130;GO:0061630						34445249;15520277;35489071
CPX_8007	RBX1	P62877	CPX-8007	ECO:0005547	GO:0031463;GO:0061630;GO:0043161;GO:0043130					R-HSA-976101	24959344;35580799;29249570
CPX_8009	ATP1A1;ATP1B1	P05023;P05026	CPX-8009	ECO:0000353	GO:0005890;GO:0006883;GO:1990573;GO:0036376;GO:0010248;GO:1902600;GO:0030007;GO:0005391;GO:0005524;GO:0030955;GO:0031402;GO:1901691;GO:0015078				EBI-46435122	R-HSA-936770	21228272;18075585;25772291;19542013;36926029		18353
CPX_8025	RBX1	P62877	CPX-8025	ECO:0005547	GO:0031463;GO:0043161;GO:0061630;GO:0043130					R-HSA-976101	24959344;35580799;29249570;26607111
CPX_8041	RBX1	P62877	CPX-8041	ECO:0005547	GO:0031463;GO:0043161;GO:0061630;GO:0043130					R-HSA-976101	35580799;24959344;29249570;26607111;37285722
CPX_8061	RBX1	P62877	CPX-8061	ECO:0005547	GO:0031463;GO:0061630;GO:0043161;GO:0043130					R-HSA-976101	24959344;35580799;29249570
CPX_8063	RBX1	P62877	CPX-8063	ECO:0005547	GO:0031463;GO:0061630;GO:0043161;GO:0043130					R-HSA-976101	24959344;35580799;29249570;31652307;34838542
CPX_8064	RBX1	P62877	CPX-8064	ECO:0005547	GO:0031463;GO:0061630;GO:0043161;GO:0043130					R-HSA-976101	24959344;35580799;29249570;16166635
CPX_8083	RBX1	P62877	CPX-8083	ECO:0005547	GO:0031463;GO:0061630;GO:0043161;GO:0043130					R-HSA-976101	24959344;35580799;29249570;17543862
CPX_8084	RBX1	P62877	CPX-8084	ECO:0005547	GO:0031463;GO:0061630;GO:0043161;GO:0043130					R-HSA-976101	24959344;35580799;29249570;21828050;37378318
CPX_8085	RBX1	P62877	CPX-8085	ECO:0005547	GO:0031463;GO:0061630;GO:0043161;GO:0043130					R-HSA-976101	24959344;35580799;29249570;19158078
CPX_8087	RBX1	P62877	CPX-8087	ECO:0005547	GO:0031463;GO:0061630;GO:0043161;GO:0043130					R-HSA-976101	24959344;35580799;29249570
CPX_8088	RBX1	P62877	CPX-8088	ECO:0005547	GO:0031463;GO:0061630;GO:0043161;GO:0043130					R-HSA-976101	24959344;35580799;29249570;23349464
CPX_8089	RBX1	P62877	CPX-8089	ECO:0005547	GO:0031463;GO:0061630;GO:0043161;GO:0043130					R-HSA-976101	35580799;24959344;36652337;29249570
CPX_809	OGT	O15294	CPX-809	ECO:0005547	GO:0043996;GO:0043995;GO:0044016;GO:0045893;GO:0001046;GO:0044545;GO:0042800;GO:0046972;GO:0043997					R-HSA-3321855	24788516;25971333;24244196;20018852		45948
CPX_8090	RBX1	P62877	CPX-8090	ECO:0005547	GO:0031463;GO:0061630;GO:0043161;GO:0043130					R-HSA-976101	35580799;24959344;17543862;29249570
CPX_8091	RBX1	P62877	CPX-8091	ECO:0005547	GO:0031463;GO:0061630;GO:0043161;GO:0043130					R-HSA-976101	24959344;35580799;29249570
CPX_8095	VCP	P55072	CPX-8095	ECO:0000353	GO:0016887;GO:1904949;GO:0031593;GO:0036503				EBI-15930556		28819009;21645854;21739474		13065
CPX_8096	VCP	P55072	CPX-8096	ECO:0005547	GO:0006511;GO:0005524;GO:0031593;GO:1904949;GO:0016887						17202270;36825201;22232657;12847084;11740563;23226521;27716483;28819009		33712450
CPX_8097	RBX1	P62877	CPX-8097	ECO:0005547	GO:0031463;GO:0061630;GO:0043161;GO:0043130					R-HSA-976101	33199366;35580799;24959344;29249570
CPX_8101	VCP	P55072	CPX-8101	ECO:0005547	GO:0031593;GO:0034098;GO:1904949;GO:0043161;GO:0005524;GO:0016887					R-HSA-9755500	36329031;28274878;22466964;36825201		13065
CPX_8102	RBX1	P62877	CPX-8102	ECO:0005547	GO:0031463;GO:0061630;GO:0043161;GO:0043130					R-HSA-976101	29481904;35580799;29249570;24959344
CPX_8103	RBX1	P62877	CPX-8103	ECO:0005547	GO:0031463;GO:0061630;GO:0043161;GO:0043130					R-HSA-976101	17062563;35580799;24959344;29249570
CPX_8104	VCP	P55072	CPX-8104	ECO:0005547	GO:0005524;GO:0034098;GO:0031593;GO:1904949;GO:0016887;GO:0036503						22232657;35408984;36825201;28819009		13065
CPX_8105	VCP	P55072	CPX-8105	ECO:0000353	GO:0006511;GO:0031593;GO:1904949;GO:0016887;GO:0005524;GO:0034098				EBI-2011323		36825201;33712450;18775313		13065
CPX_8106	RBX1	P62877	CPX-8106	ECO:0005547	GO:0031463;GO:0061630;GO:0043161;GO:0043130					R-HSA-976101	33681987;35580799;24959344;29249570
CPX_8107	RBX1	P62877	CPX-8107	ECO:0005547	GO:0031463;GO:0061630;GO:0043161;GO:0043130					R-HSA-976101	15601839;24959344;35580799;29249570
CPX_8108	CUL1;RBX1;SKP1	P62877;P63208;Q13616	CPX-8108	ECO:0005547	GO:0019005;GO:0031146;GO:0043130;GO:0061630						35301243;34445249;15520277
CPX_8109	RBX1	P62877	CPX-8109	ECO:0005547	GO:0031463;GO:0061630;GO:0043161;GO:0043130					R-HSA-976101	37011832;35580799;24959344;29249570
CPX_8110	RBX1	P62877	CPX-8110	ECO:0005547	GO:0031463;GO:0061630;GO:0043161;GO:0043130					R-HSA-976101	27641145;35580799;24959344;29249570;19995937
CPX_8121	VCP	P55072	CPX-8121	ECO:0000353	GO:1904949;GO:0016887;GO:0043335				EBI-20736391		33058883;36825201;37264685;28819009		13065
CPX_8122	RBX1	P62877	CPX-8122	ECO:0000353	GO:0031463;GO:0061630;GO:0043161;GO:0043130				EBI-55023332	R-HSA-976101	37788672;35580799;24959344;29249570;29769719;36394357
CPX_8123	RBX1	P62877	CPX-8123	ECO:0005547	GO:0031463;GO:0061630;GO:0043161;GO:0043130					R-HSA-976101	35580799;24959344;29249570;34169920
CPX_8124	VCP	P55072	CPX-8124	ECO:0000353	GO:1904949;GO:0016887;GO:0043335				EBI-20736241		36825201;37264685;33058883;28819009		13065
CPX_8125	RBX1	P62877	CPX-8125	ECO:0005547	GO:0031463;GO:0061630;GO:0043161;GO:0043130					R-HSA-976101	35580799;24959344;29249570;35066002
CPX_8126	RBX1	P62877	CPX-8126	ECO:0005547	GO:0031463;GO:0061630;GO:0043161;GO:0043130					R-HSA-976101	35580799;24959344;29249570;34491895
CPX_8128	VCP	P55072	CPX-8128	ECO:0000353	GO:1904949;GO:0016887;GO:0043335;GO:0043130				EBI-24286980		19818707;36825201;28819009		13065
CPX_8129	VCP	P55072	CPX-8129	ECO:0000353	GO:0005524;GO:1904949;GO:0016887;GO:0043335;GO:0043130			3ebb			19887378;36825201;28819009		13065
CPX_8130	RBX1	P62877	CPX-8130	ECO:0005547	GO:0031463;GO:0061630;GO:0043161;GO:0043130					R-HSA-976101	35580799;24959344;29249570
CPX_8131	RBX1	P62877	CPX-8131	ECO:0005547	GO:0031463;GO:0061630;GO:0043161;GO:0043130					R-HSA-976101	35580799;24959344;29249570
CPX_8132	VCP	P55072	CPX-8132	ECO:0005547	GO:1904949;GO:0016887;GO:0043335;GO:0043130						19818707;36825201;28819009;24163436;2173386		13065
CPX_8133	VCP	P55072	CPX-8133	ECO:0000353	GO:1904949;GO:0016887;GO:0043335;GO:0043130;GO:0000423				EBI-2106280		19818707;36825201;28819009;31847414;30120381		13065
CPX_8134	VCP	P55072	CPX-8134	ECO:0000353	GO:0061630;GO:0043161;GO:1904949;GO:0016887;GO:0043335;GO:0043130				EBI-1783206		19818707;36825201;28819009;16275660;35386193		13065
CPX_8135	RBX1	P62877	CPX-8135	ECO:0005547	GO:0031463;GO:0061630;GO:0043161;GO:0043130					R-HSA-976101	35580799;24959344;29249570
CPX_8141	ATP1A1;ATP1B1	P05023;P05026	CPX-8141	ECO:0005610	GO:0005890;GO:0006883;GO:1990573;GO:0036376;GO:0010248;GO:1902600;GO:0030007;GO:0005391;GO:0005524;GO:0030955;GO:0031402;GO:1901691;GO:0015078					R-HSA-936770	18075585;25772291;19542013		18353
CPX_8142	ATP1A1;ATP1B1	P05023;P05026	CPX-8142	ECO:0000353	GO:0005890;GO:0006883;GO:1990573;GO:0036376;GO:0010248;GO:1902600;GO:0030007;GO:0005391;GO:0005524;GO:0030955;GO:0031402;GO:1901691;GO:0015078				EBI-46435113	R-HSA-936770	18075585;25772291;19542013;36926029;21228272		18353
CPX_8143	ATP1A1;ATP1B1	P05023;P05026	CPX-8143	ECO:0005546	GO:0005890;GO:0006883;GO:1990573;GO:0036376;GO:0010248;GO:1902600;GO:0030007;GO:0005391;GO:0005524;GO:0030955;GO:0031402;GO:1901691;GO:0015078					R-HSA-936770	18075585;25772291;19542013;36926029;21228272		18353
CPX_8144	ATP1A1;ATP1B1	P05023;P05026	CPX-8144	ECO:0005546	GO:0015078;GO:0005890;GO:0006883;GO:1990573;GO:0036376;GO:0010248;GO:1902600;GO:0030007;GO:0005391;GO:0005524;GO:0030955;GO:0031402;GO:1901691					R-HSA-936770	25772291;19542013;36926029;18075585;21228272		18353
CPX_8146	ATP1A1;ATP1B1	P05023;P05026	CPX-8146	ECO:0005546	GO:0005890;GO:0006883;GO:1990573;GO:0036376;GO:0010248;GO:1902600;GO:0030007;GO:0015078;GO:0005391;GO:0005524;GO:0030955;GO:0031402;GO:1901691					R-HSA-936770	19542013;36926029;18075585;21228272;25772291		18353
CPX_8147	RBX1	P62877	CPX-8147	ECO:0005547	GO:0031463;GO:0043161;GO:0061630;GO:0043130					R-HSA-976101	35580799;24959344;29249570
CPX_8148	PRMT5	O14744	CPX-8148	ECO:0000353	GO:2000234;GO:0005737;GO:0034709;GO:0008276				EBI-10104289		21081503;34358446		48108
CPX_8149	PRMT5	O14744	CPX-8149	ECO:0005547	GO:0034709;GO:2000234;GO:0008276						21081503;34358446;33624332
CPX_8150	RBX1	P62877	CPX-8150	ECO:0005547	GO:0031463;GO:0043161;GO:0061630;GO:0043130					R-HSA-976101	35580799;24959344;29249570
CPX_8151	RBX1	P62877	CPX-8151	ECO:0005547	GO:0031463;GO:0043161;GO:0061630;GO:0043130					R-HSA-976101	28872460;35580799;24959344;29249570
CPX_8185	SLC3A2;SLC7A5	P08195;Q01650	CPX-8185	ECO:0000353	GO:1902495;GO:0015175;GO:0089718;GO:0150104				EBI-21300370	R-HSA-352221	30867591;33758168		27950;70947;72807;73011;70943;29703;68572;70939;71823;71811;71819
CPX_8186	SLC3A2	P08195	CPX-8186	ECO:0000353	GO:1902495;GO:0015175;GO:0089718				EBI-24541536	R-HSA-352162	33758168;36310334		27950;29703;68572;70939;70943;70947;71811;71819;71823;73011;72807
CPX_8187	SLC3A2	P08195	CPX-8187	ECO:0000353	GO:1902495;GO:0015175;GO:0089718				EBI-46442610	R-HSA-379424	9878049;36830670;23940088;11311135		70831;74971;74963
CPX_8188	SLC3A2;SLC7A6	P08195;Q92536	CPX-8188	ECO:0005546	GO:1902495;GO:0015175;GO:0089718					R-HSA-379421	10903140;36830670;23940088;11311135
CPX_8189	SLC3A2	P08195	CPX-8189	ECO:0005546	GO:1902495;GO:0015175;GO:0089718						10863037;36830670;10734121		74019;74023;74027;74031;74063;74035;74039;74047;74043;74059;74055;74051;74299;29455
CPX_8190	SLC3A2	P08195	CPX-8190	ECO:0005547	GO:1902495;GO:0089718;GO:0015327				EBI-48415172		11417227;36830670;34880232		70995;74567;71191
CPX_8201	RBX1	P62877	CPX-8201	ECO:0005547	GO:0031463;GO:0043161;GO:0061630;GO:0043130					R-HSA-976101	35580799;24959344;29249570
CPX_8202	RBX1	P62877	CPX-8202	ECO:0005547	GO:0031463;GO:0043161;GO:0061630;GO:0043130					R-HSA-976101	35580799;24959344;29249570
CPX_8221	RBX1	P62877	CPX-8221	ECO:0005547	GO:0031463;GO:0043161;GO:0061630;GO:0043130					R-HSA-976101	35580799;24959344;29249570
CPX_8222	RBX1	P62877	CPX-8222	ECO:0005547	GO:0031463;GO:0043161;GO:0061630;GO:0043130					R-HSA-976101	35580799;24959344;29249570
CPX_8241	RBX1	P62877	CPX-8241	ECO:0005547	GO:0031463;GO:0043161;GO:0061630;GO:0043130					R-HSA-976101	36504893;24959344;29249570;35580799
CPX_8242	RBX1	P62877	CPX-8242	ECO:0005547	GO:0031463;GO:0043161;GO:0061630;GO:0043130					R-HSA-976101	35580799;24959344;29249570;33977871
CPX_8261	RBX1	P62877	CPX-8261	ECO:0005547	GO:0031463;GO:0043161;GO:0061630;GO:0043130					R-HSA-976101	37432316;24959344;29249570;25940086
CPX_8262	RBX1	P62877	CPX-8262	ECO:0005547	GO:0031463;GO:0043161;GO:0061630;GO:0043130					R-HSA-976101	30986853;24959344;29249570;25940086				MONDO:0014326
CPX_8263	RBX1	P62877	CPX-8263	ECO:0005547	GO:0031463;GO:0043161;GO:0061630;GO:0043130					R-HSA-976101	32071084;24959344;29249570;25940086				MONDO:0014326
CPX_846	RUVBL1;RUVBL2	Q9Y230;Q9Y265	CPX-846	ECO:0000353	GO:0000987;GO:0001046;GO:0045893;GO:0006275;GO:0008094;GO:0031011;GO:0051726;GO:0033044;GO:0045995;GO:0006282;GO:0000723;GO:0045739;GO:1904507;GO:0006338;GO:0060382;GO:0140658				EBI-3892074	R-HSA-5689568	27257055;25407439;27641337;26340092;24792115;20971067;25016522;23979016;21303910	efo_0003060	13065
CPX_914	CSNK2A1;CSNK2B	P67870;P68400	CPX-914	ECO:0000353	GO:0004674;GO:0005956				EBI-3928226		12396231;22506723;11574463;24594356;24175891		17989;46608
CPX_928	GUCY1A1;GUCY1B1	Q02108;Q02153	CPX-928	ECO:0000353	GO:0038060;GO:0004383;GO:0008074		CHEBI:30413		EBI-10949659	R-HSA-392012	2466984;23505436;36972843		13665
CPX_948	MAT2A;MAT2B	P31153;Q9NZL9	CPX-948	ECO:0000353	GO:0048269;GO:0006556;GO:0004478;GO:0005524				EBI-10624876	R-HSA-353576	25075345		21080
CPX_974	RUVBL1;RUVBL2	Q9Y230;Q9Y265	CPX-974	ECO:0005547	GO:0000786;GO:0042393;GO:0006338;GO:0140713;GO:0006355;GO:0140658						25176633;15647280;17101442;16634648		13065
CPX_978	ACTB;RUVBL1;RUVBL2	P60709;Q9Y230;Q9Y265	CPX-978	ECO:0005547	GO:0010485;GO:0043998;GO:0000786;GO:0005524;GO:0000400;GO:0043138;GO:0042981;GO:0016887;GO:2000779;GO:0035267;GO:0051726;GO:0045893;GO:0001046;GO:1905168						27153538;15647280;12963728;14966270		13065;45948
CPX_99	CSNK1A1	P48729	CPX-99	ECO:0005547	GO:0030877;GO:0008013;GO:0043161;GO:0004674						25200911		46608;17989
