	genes	drugbank	pubchem.compound
0	AARS1	DB00160	
1	ABCA1	DB00163;DB00171;DB00675;DB01016;DB01599;DB11635	14985;2733525;2733526;3488;4912;5957
2	ABCB1	DB00027;DB00052;DB00080;DB00091;DB00104;DB00171;DB00175;DB00176;DB00188;DB00196;DB00199;DB00203;DB00206;DB00207;DB00213;DB00215;DB00216;DB00220;DB00224;DB00227;DB00234;DB00243;DB00246;DB00248;DB00252;DB00253;DB00255;DB00257;DB00273;DB00276;DB00279;DB00281;DB00285;DB00286;DB00295;DB00300;DB00315;DB00316;DB00317;DB00320;DB00321;DB00328;DB00333;DB00334;DB00338;DB00341;DB00342;DB00343;DB00344;DB00346;DB00349;DB00351;DB00358;DB00360;DB00363;DB00365;DB00373;DB00381;DB00382;DB00390;DB00391;DB00394;DB00396;DB00398;DB00401;DB00421;DB00428;DB00439;DB00440;DB00441;DB00443;DB00448;DB00451;DB00454;DB00455;DB00457;DB00458;DB00468;DB00470;DB00472;DB00476;DB00477;DB00480;DB00481;DB00482;DB00490;DB00495;DB00501;DB00502;DB00503;DB00508;DB00518;DB00520;DB00523;DB00530;DB00537;DB00539;DB00540;DB00541;DB00555;DB00557;DB00563;DB00564;DB00570;DB00571;DB00584;DB00585;DB00586;DB00588;DB00590;DB00602;DB00603;DB00608;DB00612;DB00613;DB00615;DB00619;DB00622;DB00623;DB00635;DB00637;DB00641;DB00648;DB00652;DB00655;DB00656;DB00661;DB00669;DB00674;DB00675;DB00678;DB00683;DB00688;DB00690;DB00694;DB00696;DB00698;DB00701;DB00709;DB00715;DB00717;DB00726;DB00734;DB00736;DB00741;DB00751;DB00758;DB00762;DB00768;DB00773;DB00776;DB00778;DB00783;DB00788;DB00796;DB00802;DB00813;DB00818;DB00829;DB00831;DB00834;DB00836;DB00845;DB00853;DB00860;DB00862;DB00863;DB00864;DB00872;DB00875;DB00877;DB00882;DB00908;DB00909;DB00916;DB00921;DB00932;DB00945;DB00950;DB00957;DB00959;DB00966;DB00967;DB00970;DB00972;DB00973;DB00975;DB00977;DB00993;DB00997;DB01006;DB01016;DB01023;DB01024;DB01026;DB01030;DB01037;DB01045;DB01048;DB01050;DB01054;DB01069;DB01072;DB01076;DB01079;DB01086;DB01087;DB01100;DB01103;DB01104;DB01110;DB01115;DB01117;DB01118;DB01128;DB01136;DB01137;DB01142;DB01149;DB01151;DB01162;DB01165;DB01167;DB01169;DB01174;DB01175;DB01182;DB01183;DB01184;DB01190;DB01193;DB01195;DB01196;DB01197;DB01200;DB01202;DB01203;DB01204;DB01208;DB01211;DB01212;DB01217;DB01222;DB01224;DB01229;DB01232;DB01233;DB01234;DB01238;DB01239;DB01242;DB01244;DB01248;DB01253;DB01254;DB01259;DB01261;DB01263;DB01264;DB01267;DB01268;DB01323;DB01339;DB01340;DB01380;DB01388;DB01394;DB01396;DB01418;DB01420;DB01583;DB01587;DB01590;DB01601;DB01611;DB01645;DB02010;DB02261;DB02587;DB02659;DB02901;DB03203;DB03467;DB03825;DB04216;DB04348;DB04540;DB04573;DB04630;DB04690;DB04832;DB04840;DB04845;DB04851;DB04855;DB04868;DB04876;DB04877;DB04881;DB04905;DB04908;DB04951;DB04960;DB05015;DB05039;DB05239;DB05294;DB05449;DB05521;DB05667;DB05676;DB05773;DB05889;DB05928;DB06016;DB06176;DB06191;DB06207;DB06212;DB06228;DB06234;DB06237;DB06240;DB06287;DB06288;DB06290;DB06292;DB06374;DB06403;DB06414;DB06419;DB06420;DB06448;DB06480;DB06589;DB06603;DB06605;DB06616;DB06626;DB06636;DB06670;DB06695;DB06702;DB06772;DB07565;DB08816;DB08820;DB08822;DB08827;DB08828;DB08860;DB08864;DB08865;DB08868;DB08873;DB08874;DB08881;DB08882;DB08889;DB08893;DB08896;DB08899;DB08901;DB08906;DB08907;DB08910;DB08912;DB08916;DB08918;DB08930;DB08931;DB08934;DB08995;DB09026;DB09027;DB09030;DB09031;DB09034;DB09038;DB09039;DB09048;DB09054;DB09061;DB09063;DB09065;DB09073;DB09074;DB09075;DB09076;DB09078;DB09079;DB09082;DB09099;DB09102;DB09118;DB09160;DB09161;DB09183;DB09198;DB09213;DB09237;DB09239;DB09241;DB09270;DB09274;DB09280;DB09287;DB09291;DB09296;DB09297;DB09299;DB09330;DB11077;DB11251;DB11362;DB11363;DB11430;DB11544;DB11574;DB11575;DB11581;DB11586;DB11613;DB11632;DB11633;DB11635;DB11641;DB11652;DB11672;DB11689;DB11693;DB11697;DB11712;DB11718;DB11732;DB11739;DB11751;DB11753;DB11757;DB11760;DB11763;DB11770;DB11791;DB11793;DB11796;DB11800;DB11817;DB11827;DB11828;DB11853;DB11855;DB11869;DB11886;DB11901;DB11951;DB11952;DB11963;DB11967;DB11978;DB11979;DB11986;DB11995;DB12001;DB12005;DB12015;DB12026;DB12035;DB12070;DB12095;DB12141;DB12147;DB12236;DB12240;DB12332;DB12364;DB12395;DB12411;DB12455;DB12457;DB12466;DB12471;DB12483;DB12489;DB12500;DB12541;DB12548;DB12582;DB12597;DB12612;DB12674;DB12713;DB12799;DB12825;DB12836;DB12874;DB12887;DB12923;DB12930;DB12941;DB12978;DB13007;DB13125;DB13179;DB13208;DB13867;DB13874;DB13878;DB13879;DB13919;DB13943;DB13944;DB13946;DB13951;DB13952;DB13953;DB13954;DB13955;DB13956;DB13997;DB14003;DB14009;DB14057;DB14061;DB14062;DB14063;DB14064;DB14065;DB14066;DB14067;DB14068;DB14069;DB14070;DB14071;DB14072;DB14086;DB14126;DB14146;DB14538;DB14539;DB14540;DB14541;DB14542;DB14543;DB14544;DB14545;DB14568;DB14631;DB14635;DB14641;DB14649;DB14669;DB14681;DB14723;DB14737;DB14761;DB14840;DB14845;DB14895;DB14962;DB14973;DB14989;DB15011;DB15035;DB15091;DB15097;DB15102;DB15133;DB15149;DB15233;DB15305;DB15328;DB15442;DB15444;DB15456;DB15463;DB15566;DB15568;DB15569;DB15673;DB15685;DB15688;DB15719;DB15822;DB15982;DB16021;DB16098;DB16217;DB16220;DB16222;DB16236;DB16261;DB16267;DB16390;DB16407;DB16650;DB16691;DB16703;DB16732;DB16826;DB17472	10034073;10077129;10077130;10096344;10113978;10127622;10182969;10184653;10184665;10257882;10275777;10280735;10288191;10311306;10324367;10346039;10348973;10531;10631;10635;107969;107970;10959536;110634;11065;11154555;11167602;11238823;11250647;11304743;114743;11478676;11511120;11519069;11519070;115212;115237;11525740;115366;11556711;11561674;11610526;11625818;11626560;11677589;11683;11711114;11751549;11753673;118023034;118513932;119373;119442;11949646;11954236;11979606;1203;121304016;121490161;122125;123596;123631;124081896;124087;12560;126941;127150;12947;130564;134587348;134780;135565884;13791;13810;14184;146570;146571;148124;148192;148195;148201;149096;150311;156391;15787;158550;159324;15951505;15951529;15981397;160352;16051951;16076883;16078;16119813;16214875;16220172;16222096;163296;16362;16533;16678941;16722836;16757572;16923;16961;176870;176871;1775;19090;193962;1983;20055008;20055431;20469;2082;208898;208908;213039;2157;21585658;2159;2160;2162;216237;216239;216322;216326;2165;21700;2179;21800;2187;219025;221493;222786;2244;2247;2265;2267;2337;23642301;23652731;23663992;23665584;23667301;23667642;23674541;23680530;23725423;23725625;2375;23890;2405;241903;24360;2477;24776445;24785956;24812758;24826799;24831714;24872560;24873435;24889392;24958200;24965990;24989044;25062766;25141092;25145656;25151504;25154713;25154714;25166913;25171648;25181577;25185057;2520;2540;2541;2543;2554;2585;259331;261004;26133;2662;26757;2678;2719;2723754;2724385;2726;2733525;2733526;2756;2764;2771;2789;2794;2800;2801;2812;2818;2826718;29327;2966;2995;3005573;3010818;3016;30323;3033;3033050;3033637;3033819;3033887;3034034;3037122;3052762;3062316;3081361;3108;31101;3151;3157;31703;3241;3333;3345;3348;3356;3365;3372;3386;34180;34312;34457;3488;35370;3559;3599;36314;36431;36462;3652;3658;36708;3672;3676;3696;3715;3823;387447;3878;3883;3902;39147;39186;392622;3955;3957;3961;39764;39765;39912;4046;4058;40632;406563;4095;41022;41114;4168;4173;4189;4192;4211;4212;42611257;43032;4369359;43815;439246;44093;441074;441207;441243;441277;441278;441371;441404;441409;44181886;44205240;44259;44383;443884;443953;443967;444036;44462760;44472635;44482554;44516822;445643;44603531;44610678;446598;447043;4474;44814423;44819241;4485;448537;448601;449171;4499;4507;45138674;45267103;45375808;4543;457193;4585;4594;46188928;46199646;46208890;46215462;46216142;46216796;46220502;46224413;464205;4679;468595;46871657;468908;46927777;471161;47576;4763;47936;4893;492405;4927;4932;4943;4946;49803313;49806720;49831257;49841217;49846579;5002;50088;5018304;5035;5039;5073;50905713;50922675;51039094;51082;51263;5212;5280343;5280961;5281004;5281056;5281064;5281071;5281078;5281613;5281881;5281884;5281915;5282318;5282402;5282451;5282452;5284373;5284583;5284596;5284616;5284627;5288826;5291;52919;52938427;5311037;5311101;5311454;5312125;53232;53235510;53239799;5324346;5328940;5329102;5330286;5352062;5355;5358;5381226;5384200;5388961;5388962;5388983;5388992;5394;5405;54360;54454;5462355;5464092;5464110;54674461;54676537;54682461;54687;54713659;54726191;54746;54767916;5479530;54900;54911;5493444;55182;55245;55283;5533;5566;5568;5578;5584;56330;5656;56640146;56649450;56944144;56959;57327016;5734;57379345;5743;5744;5745;5750;5754;5755;5756;5757;5770;5819;5833;5834;58557659;5865;5877;5920;5957;5978;5991;5994;5995;5997;6014;60496;60606;60663;60699;60700;60750;60795;60822;60823;60825;60835;60838;60854;60857;6099;6135;6167;6230;6239;62770;6279;62853;62857;62878;62920;62923;62935;62969;62978;62999;63002;63021;6314;6323490;636369;638024;6398764;64142;6435922;6438151;644019;644073;6442177;644241;6445540;6450551;6451149;6451164;6456015;64761;64927;64936;65016;65157;65327;6540478;65478;65648;65856;65999;6603149;6603542;6604200;66558664;66562429;667466;67171867;67356;6741;67462786;67505836;67683363;68498031;68539;68546;68553;68592;68617;68748835;68770;6915744;6917864;6917964;6918092;6918248;6918289;6918295;6918427;6918485;6918486;6918493;6918537;6918554;6918558;6918638;6918837;6918995;71171;71371;71420;71492247;71496458;71576678;71587624;71657455;71661251;71764;72165228;72370;72950888;72972216;74763937;74989;74990;76966913;77993;77995;78357807;8228;84029;86291590;86472;89683805;89921642;90479276;90480031;91558;91810695;92727;9403;9416;9560989;9568613;9568614;9574768;9651;969516;9782;9787;9798860;9809714;9809715;9812710;9822750;9823820;9825285;9826451;9827459;9827599;9849808;9853053;9854073;9854489;9865528;9869929;9870009;9871419;9875401;9887712;9911830;9913767;9915743;9918581;9931054;9931953;9931954;9941095;9963148
3	ABCB4	DB06207;DB06414	193962;5312125
4	ABCC1	DB00115;DB00143;DB00171;DB00224;DB00286;DB00328;DB00345;DB00365;DB00396;DB00399;DB00445;DB00470;DB00499;DB00503;DB00541;DB00563;DB00570;DB00586;DB00602;DB00619;DB00661;DB00693;DB00694;DB00701;DB00709;DB00762;DB00773;DB00834;DB00845;DB00970;DB00997;DB01016;DB01030;DB01032;DB01045;DB01048;DB01050;DB01072;DB01076;DB01137;DB01138;DB01165;DB01174;DB01177;DB01204;DB01229;DB01232;DB01248;DB01645;DB01708;DB02375;DB02659;DB03467;DB03825;DB04216;DB04348;DB04851;DB05294;DB05812;DB06176;DB06335;DB08855;DB08868;DB08881;DB09061;DB09161;DB09213;DB13783;DB14009;DB14011;DB14737;DB14962;DB15719	10608;107969;107970;11243969;123596;124886;126941;132971;148124;148192;149096;15787;158550;16078;16212801;16850;2148;221493;23667301;23667642;241903;2520;2543;2794;30323;3033;3081361;31703;3397;34180;3488;36314;36462;3672;3715;392622;39912;41867;4212;42611257;42890;439246;441243;44148067;443971;457193;468908;4763;4911;49800073;5018304;51082;5280343;5280961;5281672;5291;5342;5352062;5381226;5388983;5388992;5462355;55245;5881;5957;5978;5994;60822;60823;60825;60838;62770;62969;636362;644019;65016;65348;68740;6918092;74990;9812710;9821849;9963148
5	ABCC10	DB00091;DB00203;DB00300;DB00441;DB00541;DB00563;DB00570;DB00661;DB00694;DB00773;DB00783;DB00987;DB00997;DB01030;DB01229;DB01248;DB04348;DB13952;DB13953;DB13954;DB13955;DB13956;DB14126	11954236;126941;13791;148124;2520;30323;31703;36314;36462;464205;47751;5212;5284373;5388983;5388992;5757;5978;60750;6252;6253;62770;62853;62969;6398764;6918092;9403
6	ABCC4	DB00143;DB00158;DB00171;DB00198;DB00203;DB00286;DB00300;DB00328;DB00352;DB00398;DB00481;DB00482;DB00495;DB00533;DB00544;DB00563;DB00586;DB00619;DB00661;DB00709;DB00712;DB00718;DB00731;DB00770;DB00814;DB00880;DB00917;DB00975;DB00999;DB01009;DB01032;DB01033;DB01048;DB01050;DB01069;DB01076;DB01098;DB01138;DB01268;DB01327;DB01586;DB01708;DB02527;DB02659;DB04348;DB08884;DB09213;DB09299;DB12332;DB12411;DB13146;DB14126;DB14761	11954236;121304016;121490161;123596;124886;126941;15787;160352;216239;221493;23667301;23667642;23675322;23684814;2520;2662;2723601;3033;3108;31401;33255;3385;3394;35370;3639;3672;3715;3825;39912;406563;446157;46215462;464205;468908;4911;4927;5018304;5035;5090;5212;5280360;5280723;5282455;5291;53240376;5329102;5342;54677470;54900;5881;5957;60026;6014;6037;60822;60823;60825;62853;62969;6398764;6456015;65028;667490;71492247;78000;9574768;9931953;9931954
7	ABCC5	DB00143;DB00203;DB00495;DB00515;DB00544;DB00642;DB00718;DB00770;DB00917;DB00975;DB01032;DB01033;DB01045;DB01076;DB01138;DB02527;DB08818;DB11672;DB14635	124886;160352;24759;3108;3385;35370;446556;4911;5212;5280360;5280723;5342;5381226;5702198;60822;60823;62853;667490;6918197;969516
8	ABCG2	DB00091;DB00158;DB00175;DB00201;DB00213;DB00220;DB00242;DB00255;DB00285;DB00286;DB00317;DB00338;DB00391;DB00394;DB00396;DB00398;DB00437;DB00439;DB00444;DB00448;DB00457;DB00470;DB00481;DB00482;DB00495;DB00503;DB00515;DB00526;DB00530;DB00541;DB00544;DB00549;DB00563;DB00570;DB00602;DB00619;DB00624;DB00631;DB00642;DB00655;DB00669;DB00675;DB00688;DB00694;DB00698;DB00709;DB00740;DB00762;DB00773;DB00783;DB00795;DB00843;DB00845;DB00853;DB00921;DB00958;DB00966;DB00970;DB00973;DB00997;DB01016;DB01024;DB01030;DB01048;DB01051;DB01079;DB01094;DB01097;DB01098;DB01129;DB01204;DB01232;DB01234;DB01238;DB01248;DB01254;DB01268;DB01645;DB01685;DB01708;DB02115;DB02703;DB03467;DB03496;DB04216;DB04348;DB04540;DB04690;DB04847;DB04851;DB04854;DB04868;DB04881;DB05239;DB05294;DB05467;DB05928;DB06210;DB06228;DB06234;DB06237;DB06288;DB06290;DB06374;DB06448;DB06589;DB06605;DB06636;DB06654;DB06772;DB06813;DB08828;DB08860;DB08864;DB08880;DB08881;DB08896;DB08901;DB08907;DB08912;DB08916;DB08930;DB08931;DB08934;DB09027;DB09038;DB09054;DB09061;DB09065;DB09073;DB09074;DB09078;DB09079;DB09102;DB09118;DB09183;DB09274;DB09279;DB09291;DB09296;DB09297;DB09299;DB09330;DB11363;DB11581;DB11613;DB11632;DB11633;DB11644;DB11652;DB11682;DB11689;DB11697;DB11712;DB11718;DB11732;DB11751;DB11757;DB11760;DB11763;DB11791;DB11793;DB11796;DB11800;DB11817;DB11820;DB11827;DB11853;DB11855;DB11886;DB11901;DB11943;DB11952;DB11963;DB11967;DB11978;DB11995;DB12001;DB12010;DB12015;DB12020;DB12026;DB12070;DB12095;DB12141;DB12151;DB12218;DB12255;DB12267;DB12332;DB12411;DB12457;DB12483;DB12500;DB12548;DB12597;DB12612;DB12713;DB12874;DB12887;DB12941;DB12978;DB13055;DB13125;DB13874;DB13878;DB13879;DB13943;DB13944;DB13946;DB13952;DB13953;DB13954;DB13955;DB13956;DB13997;DB14009;DB14011;DB14086;DB14538;DB14539;DB14540;DB14541;DB14542;DB14543;DB14544;DB14649;DB14723;DB14737;DB14840;DB14962;DB15091;DB15097;DB15102;DB15133;DB15149;DB15233;DB15305;DB15328;DB15442;DB15456;DB15569;DB15685;DB15822;DB15982;DB16021;DB16098;DB16217;DB16267;DB16390;DB16407;DB16650;DB16703;DB16826;DB17083;DB17472	10113978;10127622;10182969;10184653;10257882;10288191;10311306;10339178;10348973;107971;10959536;11001318;11167602;11256664;11304743;11478676;11511120;11525740;11610526;11625818;11671467;11711114;11753673;118023034;118513932;119182;119373;11947679;11949646;1203;121490161;123596;123631;124081896;126941;130564;134018;135449331;13791;14720269;148121;148124;148195;150311;160352;16078;16124688;16214875;16222096;16722836;16757572;16961;176870;176871;20279;20469;2094;2159;216239;21700;23634441;23642301;23663939;23663992;23667301;23725625;24360;24776445;24812758;24826799;24831714;24872560;24873435;24889392;24958200;24989044;25008120;25062766;25145656;25151504;25154713;25154714;25166913;25171648;25181577;2519;25227436;2543;2662;2733525;2733526;2794;3000226;30323;3033050;3062316;3081361;31703;3385;34180;3488;35370;36462;3883;3899;392622;406563;4212;42611257;439246;441243;441404;44148067;44205240;44462760;44516822;446157;446556;44814423;44819241;448537;45138674;452548;45375808;457193;4594;46188928;46199646;46208890;46215462;46216142;46216796;46220502;4679;468908;46927777;471161;483477;487101;4893;49803313;49806720;49846579;5029;5035;5070;50905713;50922675;51039094;51082;5280343;5280961;5281078;5282451;5282452;5282455;5284373;5287969;5288320;5291;52938427;5311037;5311454;53235510;53239799;5329102;5330286;5353980;5355;5358;5388983;5388992;5394;54674461;54684141;54687;54713659;54726191;54767916;54900;5656;56640146;56649450;5702198;5717;5741;5743;5744;5757;58557659;5881;5978;5994;5997;6013;6037;60699;60700;60795;60825;60838;6241;62770;62923;64142;644019;644073;644241;6451164;6456015;65157;65999;6604200;66558664;66562429;67171867;67505836;67683363;68165256;6842999;68498031;68546;68748835;6917864;6918092;6918197;6918485;6918995;71492247;71496458;71576678;71587624;72165228;72281;74763937;74990;76966913;78357807;86291590;89683805;89921642;90480031;9403;9416;9574768;9809714;9809715;9812710;9823820;9854073;9869929;9875401;9910986;9911830;9918581;9931953;9931954;9963148
9	ABO	DB02196;DB03435;DB03501;DB03772;DB04141;DB04678;DB04679;DB04680;DB04681;DB07341;DB07357;DB07378;DB07633	
10	ACAT2	DB01915;DB01992	
11	ACHE	DB00122;DB00358;DB00382;DB00411;DB00449;DB00483;DB00545;DB00674;DB00677;DB00733;DB00805;DB00843;DB00863;DB00898;DB00940;DB00944;DB00981;DB00989;DB01010;DB01122;DB01199;DB01245;DB01364;DB01400;DB01805;DB02166;DB02226;DB02343;DB02404;DB02673;DB02825;DB02845;DB03005;DB03128;DB03283;DB03348;DB03359;DB03740;DB03814;DB04021;DB04114;DB04556;DB04614;DB04615;DB04616;DB04617;DB04859;DB04864;DB04892;DB04924;DB06525;DB07555;DB07701;DB07756;DB07846;DB08167;DB08357;DB08615;DB08996;DB09511;DB09526;DB12816;DB13503;DB14006	122173976;129791;174;187;192706;2723754;3033887;3631;3792;4046;4456;45006123;4991;5039;5359318;5741;5831;5983;6603542;6789253;6918078;702;7550;77991;8246;8307;854026;9651
12	ACLY	DB11936	10472693
13	ACO1	DB06757	
14	ACP1	DB00173;DB04214	
15	ACSL1	DB00131;DB00171	5957
16	ACSL4	DB00159;DB00197;DB00412	446284;5281055;5591;77999
17	ACSS2	DB00131;DB00171;DB09395	517045;5957
18	ACTB	DB04216;DB12695	16741;5280343
19	ACTG1	DB09130;DB11638	107770
20	ADA	DB00194;DB00277;DB00552;DB00640;DB00974;DB00975;DB01223;DB01280;DB02096;DB02472;DB02616;DB02830;DB03000;DB03015;DB03220;DB03370;DB03572;DB04218;DB04440;DB05057;DB07711;DB07783;DB07785;DB07786;DB14598;DB14600	2153;3011155;3108;439693;6049;6093170;60961;65632
21	ADCY10	DB02587	47936
22	ADCY2	DB02587;DB06843;DB09121	47936
23	ADH5	DB00157;DB00898;DB01020;DB03017;DB03704;DB04153;DB09511;DB09526;DB11077;DB12612	122173976;174;27661;52938427;702
24	ADK	DB00131;DB00171;DB00640;DB00811;DB01048;DB07173;DB07280	37542;441300;468908;5957;60961
25	ADSS2	DB00128;DB00787;DB05540	2022
26	AGT	DB01593;DB09130;DB14487	11192
27	AHCY	DB03216;DB03273;DB03769;DB09130	
28	AK1	DB00300;DB00640;DB01717;DB09299;DB14126	11954236;464205;60961;71492247;9574768
29	AKR1A1	DB00157;DB00898;DB00997;DB02383;DB03461;DB06077;DB06207;DB08904;DB09130;DB09511;DB09526	122173976;174;31703;44241743;5312125;702
30	AKR1B1	DB00143;DB00157;DB00605;DB00694;DB00997;DB01039;DB01689;DB02007;DB02020;DB02021;DB02101;DB02132;DB02383;DB02518;DB02712;DB02834;DB02994;DB03461;DB04272;DB05327;DB05383;DB05533;DB06077;DB06246;DB07028;DB07030;DB07063;DB07093;DB07139;DB07187;DB07450;DB07498;DB07999;DB08000;DB08084;DB08098;DB08449;DB08772;DB11859;DB16707	124886;153948;1548887;2146;262961;30323;311;31703;3339;44241743;5472495;62770
31	AKR1C3	DB00157;DB00328;DB00776;DB00959;DB00997;DB01039;DB01536;DB01561;DB01698;DB02056;DB02266;DB02901;DB03461;DB06077;DB07700;DB09074;DB13124;DB13751	10635;14982;23680530;23725625;31703;3339;34312;3715;44241743;5280805;5877;6741
32	ALAD	DB00855;DB02068;DB02239;DB02260;DB02272;DB02878;DB04560;DB04781	123608;137
33	ALDH1A1	DB00157;DB00162;DB00755;DB04447;DB09462	444795;445354;638034;753
34	ALDH3A1	DB00157	
35	ALDH3B1	DB00157	
36	ALDH9A1	DB00157	
37	ALDOA	DB01593;DB02512;DB04326;DB04733;DB08240;DB11638;DB14487;DB14533;DB14548	107770;11192;668
38	ALPL	DB00165;DB01143;DB09338;DB09498	1054;2141;5388879;6019
39	ANPEP	DB00973;DB06196;DB06773;DB16627	150311;6918172;6918173
40	APRT	DB00131;DB00173;DB01632;DB03506;DB04272	311
41	AQP1	DB00819;DB02451;DB09338	1986
42	AQP3	DB09020;DB11365	2391
43	ARF6	DB01864;DB04315;DB08231	
44	ARG1	DB00129;DB01983;DB02381;DB02499;DB02689;DB03144;DB03731;DB03904;DB04197;DB04530;DB04585;DB04648;DB06757	1176
45	ASL	DB00125;DB02267;DB03814	
46	ATIC	DB00116;DB00563;DB00642;DB01700;DB01972;DB02309;DB03442;DB04057	126941;446556;6804;6918197
47	ATP1A1	DB00390;DB00511;DB00774;DB00903;DB01021;DB01078;DB01092;DB01158;DB01188;DB01244;DB01250;DB01345;DB01370;DB01378;DB01396;DB01430;DB06157;DB09020;DB09479;DB13620;DB13749;DB13996;DB14498;DB14499;DB14500;DB14514;DB14515;DB14517;DB14518;DB16690	2391;24507;2724385;3278;3647;439501;441207;45480172;50088;517044;5560;8896
48	ATP1A3	DB01092;DB01250;DB09020;DB09479;DB16690	2391;439501
49	ATP1B1	DB01250;DB09020;DB09479;DB16690	2391
50	ATP1B2	DB01250;DB09020;DB09479;DB16690	2391
51	ATP1B3	DB01250;DB09020;DB09479;DB16690	2391
52	ATP2B1	DB00867;DB01159;DB01189;DB01236	3040551;42113;5206
53	ATP2B4	DB00867;DB01159;DB01189;DB01236	3040551;42113;5206
54	ATP6AP1	DB01133	
55	ATP6V0A1	DB01133	
56	ATP6V0C	DB01133	
57	ATP6V1A	DB00630;DB01077;DB01133;DB06733;DB06734	16760285;2088;3305;6436223
58	ATP6V1B2	DB01133;DB05260;DB07347	
59	ATP6V1C1	DB01133;DB01694;DB09552	11102
60	ATP6V1D	DB01133	
61	ATP6V1E1	DB01133	
62	ATP6V1F	DB01133	
63	ATP6V1G1	DB01133	
64	ATP6V1H	DB01133	
65	ATP7A	DB00515;DB00526;DB00958;DB09130	10339178;11947679;5702198
66	ATP7B	DB00515;DB00526;DB00958;DB09130	10339178;11947679;5702198
67	BLVRA	DB00157	
68	BLVRB	DB00140;DB00157;DB02073;DB03247;DB03461;DB04345;DB04363;DB09241	23666409;493570;6099
69	CA1	DB00232;DB00273;DB00310;DB00311;DB00381;DB00423;DB00436;DB00562;DB00606;DB00703;DB00774;DB00819;DB00869;DB00880;DB00909;DB00999;DB01021;DB01031;DB01144;DB01194;DB01325;DB01593;DB08155;DB08156;DB08157;DB08846;DB09460;DB09472;DB14487	10340;11192;1986;2162;2315;24436;2732;2910;3639;3647;4100;4107;4121;5281855;5284549;5284627;5560;5734;60496;6307;6435922;68844;6918132
70	CA2	DB00232;DB00273;DB00311;DB00391;DB00436;DB00482;DB00562;DB00580;DB00606;DB00695;DB00703;DB00774;DB00819;DB00869;DB00880;DB00909;DB00999;DB01021;DB01031;DB01144;DB01194;DB01325;DB01671;DB01748;DB01784;DB01942;DB01964;DB02069;DB02087;DB02220;DB02221;DB02292;DB02429;DB02479;DB02535;DB02602;DB02610;DB02679;DB02861;DB02866;DB02894;DB02986;DB03039;DB03221;DB03262;DB03270;DB03294;DB03333;DB03385;DB03526;DB03594;DB03596;DB03598;DB03697;DB03844;DB03877;DB03904;DB03950;DB03975;DB04002;DB04081;DB04089;DB04180;DB04203;DB04371;DB04394;DB04549;DB04600;DB04601;DB04763;DB06891;DB06954;DB07048;DB07050;DB07363;DB07467;DB07476;DB07596;DB07632;DB07710;DB07742;DB08046;DB08083;DB08155;DB08156;DB08157;DB08165;DB08202;DB08301;DB08329;DB08416;DB08418;DB08645;DB08659;DB08765;DB08782;DB08846;DB09460;DB09472;DB14533;DB14548;DB16021	10340;1176;119607;1986;2315;24436;2662;2910;3440;3639;3647;4100;4121;5281855;5284549;5284627;5355;5560;5734;6307;68844;6918132
71	CA3	DB00273;DB00311;DB00391;DB00482;DB00562;DB00580;DB00606;DB00703;DB00819;DB00869;DB00909;DB01144;DB01194;DB08846;DB12418;DB16021	119607;1986;2662;2910;4100;5281855;5284549;5284627;5355;5734;68844;6918132
72	CA4	DB00232;DB00273;DB00311;DB00436;DB00562;DB00606;DB00703;DB00774;DB00819;DB00869;DB00909;DB01021;DB01144;DB01194;DB08846;DB09460	10340;1986;2315;2910;3647;4100;4121;5281855;5284549;5284627;5560;5734;68844;6918132
73	CACNA1A	DB00153;DB00228;DB00252;DB00421;DB00622;DB00653;DB00661;DB00825;DB00836;DB01054;DB01244;DB04398;DB06283;DB06446;DB06751;DB09089;DB09231;DB09232;DB09235;DB09236;DB09238;DB11093;DB11148;DB11348;DB13746;DB14481	1254;13136;16135415;16666;1712095;1775;24083;2482;2520;3955;4008;41114;4474;4507;50088;5280793;5282138;5311217;5388977;5833;62969;6437861;656667;71420
74	CAD	DB00128;DB00130;DB03459	5961
75	CARS1	DB00151;DB06151	5862
76	CAT	DB01213;DB09061;DB09096;DB09116;DB11091;DB14009;DB14011	3406;44148067;644019;7187
77	CBR1	DB00414;DB00502;DB00694;DB00776;DB00997;DB01039;DB01046;DB01698;DB02709;DB03394;DB03556;DB04216;DB04463;DB04844;DB05197;DB06263;DB09212;DB11672;DB12161;DB13124;DB14635	114897;157920;23663407;30323;3035016;31703;3339;34312;3559;3965;445154;5280343;5280805;52919;6018;62770;969516
78	CBR3	DB00694;DB00776;DB00997;DB12161	30323;31703;34312;62770
79	CD38	DB09331;DB14811;DB16370	
80	CDC42	DB02623;DB04315	
81	CDIPT	DB03106	
82	CDK4	DB02733;DB03496;DB09073;DB11730;DB12001;DB12010;DB15442	11478676;11671467;25008120;44631912;46220502;5287969;5330286;57334219;71576678;9910986
83	CFTR	DB00171;DB00887;DB01016;DB01050;DB01645;DB02587;DB04395;DB04522;DB04941;DB06266;DB08820;DB09213;DB09280;DB11712;DB15444	134587348;15787;16220172;16678941;2471;3488;3672;39562;39912;46199646;47936;5280961;5957
84	CKB	DB00148;DB00300;DB00787;DB13191;DB13749;DB14126	11954236;2022;464205;586;6398764;9548602
85	CKM	DB00148;DB00300;DB00787;DB02490;DB04027;DB13191;DB14126	11954236;2022;464205;586;6398764;9548602
86	CLCN2	DB01046;DB05514	157920;16757521
87	CLIC1	DB09130;DB11638	107770
88	CMPK1	DB00441;DB00709;DB01048;DB01262;DB03403;DB03435;DB03664;DB04444;DB08934	451668;45375808;468908;60750;60825
89	COMT	DB00118;DB00252;DB00255;DB00286;DB00323;DB00494;DB00668;DB00714;DB00783;DB00841;DB00968;DB00977;DB00988;DB01064;DB01141;DB01420;DB02105;DB02342;DB03336;DB03907;DB04820;DB06152;DB07462;DB08049;DB11632;DB13956;DB15488	13791;1775;23666118;23667301;34755;36811;3779;38853;441411;448537;4659569;477468;5281081;5757;5807;5815;5816;5991;5995;66414;681;76966913;9410
90	CPT1A	DB00583;DB01016;DB01074	10917;3488
91	CSNK1A1	DB12010	11671467;25008120
92	CSNK1G1	DB08325	
93	CSNK1G3	DB04751;DB07488;DB07489;DB07664	
94	CSNK2A1	DB00171;DB01765;DB02170;DB02709;DB03035;DB03127;DB03924;DB04216;DB04395;DB04462;DB04719;DB04720;DB04721;DB07715;DB07802;DB08338;DB08340;DB08345;DB08353;DB08354;DB08360;DB08362;DB08473;DB08660;DB08846;DB12010	11671467;25008120;3220;445154;5280343;5281855;5957
95	CSNK2A2	DB07546;DB12010	11671467;25008120
96	CSNK2B	DB00171;DB04216	5280343;5957
97	CTH	DB00114;DB00151;DB02328;DB03928;DB04217;DB06151	1051;5862
98	CTPS1	DB00130	5961
99	CYB5A	DB04009;DB11136;DB14526;DB14527;DB14528;DB14529;DB14530	
100	CYB5B	DB12695	16741
101	CYB5R3	DB00157;DB03147;DB09130	
102	CYBRD1	DB13257;DB14520	
103	DARS1	DB00128	
104	DCXR	DB02831;DB03461	
105	DGKA	DB00163;DB14001	14985
106	DGKD	DB00144;DB14001	
107	DHFR	DB00157;DB00158;DB00205;DB00555;DB00563;DB00642;DB00798;DB01131;DB01157;DB02104;DB02427;DB02559;DB02583;DB02919;DB03060;DB03125;DB03351;DB03461;DB03695;DB03886;DB03987;DB06358;DB06813;DB07140;DB07141;DB07142;DB07144;DB08234;DB08406;DB08448;DB08642;DB08878	126941;148121;169371;213043;3467;3878;446556;4993;5583;6037;6918197;9570076
108	DHRS11	DB03461	
109	DNPEP	DB00142	
110	DTYMK	DB01643;DB03150;DB03195;DB03233;DB03280;DB03666;DB03845;DB04395	
111	EBP	DB00675	2733525;2733526
112	EEF2	DB02059;DB03223;DB04315;DB08348;DB11823;DB12688	182137;44632368
113	ENO1	DB01593;DB09130;DB11638;DB14487;DB14533;DB14548	107770;11192
114	ENO2	DB02726	
115	ENOPH1	DB07912;DB09325	5235
116	EPHX1	DB00252;DB00808	1775;3702
117	EPRS1	DB00142;DB00172;DB02510;DB02684;DB03376	
118	ESD	DB00143	124886
119	FABP1	DB02074;DB02216;DB02659;DB04224	221493;445639
120	FABP5	DB03796	985
121	FADS1	DB00132;DB00159;DB09328;DB11358;DB13168	446284;5280934
122	FADS2	DB00132;DB11358;DB13168	5280934
123	FAH	DB01677;DB01762;DB01832	444972
124	FARSA	DB00120	6140
125	FARSB	DB00120	6140
126	FASN	DB01034;DB01083	3034010;5282054
127	FDPS	DB00282;DB00399;DB00630;DB00710;DB00884;DB01785;DB02508;DB02552;DB04714;DB06255;DB06548;DB07780;DB07841	130956;16760285;2088;23670359;4674;5245;60852;68740
128	FKBP1A	DB00337;DB00864;DB01712;DB01723;DB01951;DB02311;DB02888;DB03338;DB03621;DB04012;DB04094;DB05814;DB08231;DB08520;DB08597	11524144;445643;6509979
129	FTH1	DB00893;DB01011;DB01592;DB06784;DB13995;DB14488;DB14489;DB14490;DB14491;DB14501	109374151;27284;6433164;76964591
130	FTL	DB00893;DB01011;DB02285;DB06784;DB09147;DB09517;DB13995	109374151;27284
131	FXN	DB01592;DB14488;DB14489;DB14490;DB14491;DB14501	6433164;76964591
132	FYN	DB01254;DB02078;DB12010;DB16656	11671467;25008120;3062316
133	G6PD	DB03085;DB03461;DB05107;DB11638	107770
134	GALE	DB01861;DB02196;DB03041;DB03095;DB03397;DB03501	
135	GALK1	DB04395	
136	GAPDH	DB00157;DB02059;DB03893;DB07347;DB09092;DB09130;DB11638	107770
137	GAPDHS	DB00157;DB01593;DB02205;DB03331;DB04477;DB11638;DB14487;DB14533;DB14548	107770;11192
138	GARS1	DB00145	750
139	GART	DB00642;DB02236;DB03546	446556;6918197
140	GCLC	DB00142;DB00151;DB00163;DB06151;DB14001;DB14002	14985;5862
141	GCLM	DB00142;DB00151;DB06151	5862
142	GFUS	DB00157	
143	GLO1	DB00143;DB00328;DB03130;DB03330;DB03345;DB03602;DB04132;DB08179	124886;3715
144	GLRX	DB00143	124886
145	GLUL	DB00082;DB00130;DB00134;DB00142;DB00466;DB01212;DB06774;DB08794;DB11118	1548943;5479530;5961;876
146	GMDS	DB02547;DB04315	
147	GMPR	DB01972	6804
148	GMPS	DB00130;DB00142;DB00993	2265;5961
149	GNPDA1	DB02379;DB02445;DB03951	
150	GOT1	DB00114;DB00128;DB00142;DB00151;DB00210;DB04299;DB06151;DB09130	1051;5862;60164
151	GOT2	DB00114;DB00128;DB00142;DB00151;DB02783;DB06151	1051;5862
152	GPHN	DB01942;DB03366;DB03766	
153	GPI	DB02007;DB02076;DB02093;DB02548;DB03042;DB03581;DB03937;DB04493;DB09130;DB11638	107770
154	GPT	DB00114;DB00142;DB00160;DB00780	1051;3675
155	GPX1	DB00143;DB03310;DB09061;DB09096;DB09221;DB11091;DB11127;DB11590;DB14009;DB14011	124886;16682923;24934;44148067;644019;65359;7187
156	GPX4	DB00143;DB03310;DB09096	124886;65359;7187
157	GRIA1	DB00142;DB00237;DB00555;DB00753;DB00898;DB01028;DB01189;DB01236;DB04982;DB05047;DB06247;DB08883;DB09289;DB09511;DB09526;DB13146	122173976;164509;174;3763;3878;4116;42113;5206;68870;702;9924495
158	GSK3A	DB12010	11671467;25008120
159	GSR	DB00143;DB00157;DB00262;DB01644;DB02153;DB02553;DB02895;DB03147;DB03310;DB03867;DB07393;DB07714;DB09061;DB09130;DB11135;DB11590;DB14009;DB14011	124886;16682923;2578;44148067;644019;65359
160	GSS	DB00143;DB00145;DB00151;DB03408;DB04395;DB06151;DB09130	12035;124886;5862;750
161	GSTA2	DB00143;DB00163;DB00291;DB00321;DB00608;DB00636;DB00903;DB00993;DB01008;DB03310;DB03619;DB14001;DB14002	11065;124886;14985;2160;222528;2265;2478;2708;2719;2796;3278;64927;65359
162	GSTM1	DB00143;DB00291;DB00316;DB00321;DB00515;DB00526;DB00608;DB00958;DB00993;DB01008;DB01020;DB01834;DB02165;DB02458;DB03310;DB03314;DB03619;DB04187;DB11672;DB14924	10339178;11065;11947679;124886;1983;2160;222528;2265;2478;2708;2719;27661;5702198;64927;65359;969516
163	GSTM2	DB00143;DB00291;DB00321;DB02458;DB03310;DB03619;DB04701	11065;124886;2160;222528;2708;65359
164	GSTM3	DB00143;DB00163;DB00291;DB00321;DB03310;DB03619;DB14001;DB14002;DB14924	11065;124886;14985;2160;222528;2708;65359
165	GSTM4	DB00143;DB00291;DB00321;DB03003;DB03032;DB03310;DB03597;DB03619;DB03706;DB04132	11065;124886;2160;222528;2708;65359
166	GSTO1	DB00143;DB00163;DB14001;DB14002	124886;14985
167	GSTP1	DB00143;DB00163;DB00197;DB00291;DB00316;DB00321;DB00363;DB00515;DB00526;DB00773;DB00903;DB00958;DB01008;DB01030;DB01242;DB01834;DB01915;DB02633;DB03003;DB03310;DB03619;DB03686;DB03814;DB04132;DB04972;DB05460;DB06246;DB07849;DB08370;DB11672;DB11831;DB13014;DB14001;DB14002;DB14635;DB14924	10339178;11065;11947679;124886;14985;1983;2160;222528;2478;2708;2801;2818;3278;36462;5281051;5472495;5591;5702198;65359;68539;6918092;969516
168	GSTT1	DB00143;DB00291;DB00321;DB00515;DB00526;DB00773;DB00958;DB01030;DB03310;DB03619;DB09221	10339178;11065;11947679;124886;2160;222528;2708;36462;5702198;65359;6918092
169	GSTZ1	DB00143;DB04447;DB08809;DB09462;DB14924	124886;25975;753
170	GUCY1A1	DB09401	
171	GUCY1B1	DB09401;DB15456	54674461
172	GUK1	DB00577;DB00787;DB01972	135398742;2022;6804
173	GYG1	DB01861;DB03435	
174	HAGH	DB00143;DB03889	124886
175	HARS1	DB00117	6274
176	HBA	DB00893;DB01011;DB01592;DB01593;DB02126;DB06154;DB07427;DB07428;DB07645;DB08077;DB08262;DB08486;DB08632;DB09112;DB09130;DB09140;DB09147;DB09517;DB13257;DB13995;DB14487;DB14488;DB14489;DB14490;DB14491;DB14501;DB14533;DB14548;DB14975;DB15617	109374151;11192;23668193;27284;6433164;71602803;76964591
177	HBB	DB00893;DB01011;DB01593;DB02126;DB06154;DB07427;DB07428;DB07645;DB08077;DB08262;DB08486;DB08632;DB09112;DB09130;DB09140;DB09147;DB09517;DB13995;DB14487;DB14533;DB14548	109374151;11192;23668193;27284
178	HCK	DB01809;DB01962;DB04216;DB06616;DB12010	11671467;25008120;5280343;5328940
179	HEXB	DB00205;DB02813;DB03747;DB03861;DB09301	4993
180	HINT1	DB00131;DB01972;DB02162;DB02183;DB03349;DB08934	45375808;6804
181	HK1	DB01914;DB02007;DB02379;DB04395;DB06266;DB09150;DB09341;DB09502;DB15690	39562;450503
182	HNMT	DB00613;DB01103;DB01752;DB04655;DB05381;DB07106;DB13875	2165;5818;6239;774
183	HPGDS	DB00143;DB00291;DB00321;DB01897;DB03310;DB03619;DB07613;DB07614;DB07615;DB07616;DB07917;DB08313;DB08695;DB08790	11065;124886;2160;222528;2708;5282230;65359
184	HPRT1	DB00352;DB00993;DB01033;DB01632;DB02309;DB03153;DB04356	2265;2723601;667490
185	HSD17B11	DB02854	
186	HSP90AA1	DB00615;DB00716;DB02359;DB02424;DB02550;DB02754;DB02840;DB03093;DB03137;DB03504;DB03749;DB03809;DB03899;DB04054;DB04216;DB04254;DB04505;DB04588;DB05134;DB06070;DB06956;DB06957;DB06958;DB06961;DB06964;DB06969;DB07100;DB07317;DB07319;DB07324;DB07325;DB07495;DB07502;DB07594;DB07601;DB07877;DB08194;DB08197;DB08436;DB08442;DB08443;DB08557;DB08786;DB08787;DB08788;DB08789;DB09130;DB09221;DB12442	50294;5280343;5288382;5288674;6323490;6440175;9852573
187	HSPA8	DB01254;DB07045;DB09130;DB11638	107770;3062316
188	IARS1	DB00167	6306
189	IDH1	DB01727;DB03461;DB09374;DB14568;DB16267	71657455
190	IMPA1	DB01356;DB03542;DB14507;DB14508;DB14509	11125;3028194
191	IMPDH2	DB00157;DB00603;DB00688;DB00811;DB00993;DB01024;DB01033;DB03070;DB03948;DB04566;DB06103	2265;23665584;37542;446541;5281078;667490;6918995
192	INPP5B	DB03158	
193	INSR	DB00030;DB00046;DB00047;DB00071;DB01277;DB01306;DB01307;DB01309;DB03909;DB05115;DB05120;DB06075;DB08513;DB09129;DB09456;DB09564;DB11564;DB11567;DB11568;DB12010;DB12267;DB14751;DB15399;DB16637	11671467;118984375;118984454;16132418;16132438;16137271;24785538;25008120;68165256
194	ISYNA1	DB01840;DB04516;DB09462	753
195	ITPA	DB00993;DB04272	2265;311
196	JAK3	DB04716;DB06321;DB08877;DB08895;DB11763;DB11817;DB12010;DB14924;DB14973;DB15035	10174505;11671467;135565884;25008120;25062766;25126798;25127112;44205240;9926791
197	KARS1	DB00123	
198	KCNN4	DB00257;DB00468;DB00721;DB00867;DB01054;DB01110;DB01159;DB02587;DB09089	2812;3034034;3040551;4189;4507;47936;5388977;68553;91558
199	KRAS	DB07771;DB07780;DB15568;DB15569	
200	LAP3	DB02386;DB07448;DB08766	
201	LARS1	DB00149;DB00650	6106
202	LCMT1	DB00149;DB00650	6106
203	LDHA	DB00157;DB02483;DB02701;DB03940;DB09118;DB09130;DB11638;DB17635	107770;5311454;936
204	LDHB	DB00157;DB02401;DB03940;DB09118;DB11638	107770;5311454
205	LSS	DB02016;DB03696	1949
206	LTA4H	DB01197;DB02062;DB02352;DB03366;DB03424;DB05177;DB06828;DB06851;DB06917;DB07094;DB07099;DB07102;DB07104;DB07196;DB07237;DB07258;DB07259;DB07260;DB07292;DB08040;DB08466;DB11781	15547703;44093;72172
207	LYN	DB01254;DB03023;DB06616;DB08901;DB09079;DB12010	11671467;24826799;25008120;3062316;5328940;9809714;9809715
208	MAP2K1	DB02152;DB03115;DB05239;DB06616;DB06892;DB07046;DB07101;DB08130;DB08208;DB08911;DB11689;DB11967;DB14904	10127622;10288191;11707110;16214875;16222096;3035817;5328940;9826528
209	MAP2K2	DB06616;DB08911;DB11689;DB11967;DB12010;DB14904	10127622;10288191;11671467;11707110;16214875;25008120;5328940
210	MAP2K3	DB12010;DB14904	11671467;25008120
211	MAP2K6	DB12010;DB14904	11671467;25008120
212	MAPK1	DB00945;DB01017;DB01169;DB02116;DB02482;DB02587;DB02733;DB04338;DB06195;DB06641;DB06877;DB07010;DB07264;DB07788;DB07794;DB07905;DB08513;DB08521;DB11120;DB13930	11719003;148177;160355;2244;261004;4592;47936;54675783
213	MAPK3	DB00605;DB00945;DB01017;DB01169;DB02587;DB02733;DB04604;DB06195;DB08862;DB13930	11719003;1548887;160355;2244;261004;47936;54675783
214	MAPKAPK2	DB02010;DB07234;DB07406;DB07430;DB07431;DB07728;DB08358	44259
215	MARS1	DB00134	876
216	MAT2A	DB00118;DB00134	34755;876
217	MAT2B	DB00134	876
218	MDH1	DB00157;DB03461;DB11638	107770
219	ME1	DB00157;DB03461	
220	MGST2	DB00143;DB01008;DB14924	124886;2478
221	MIF	DB01880;DB02728;DB07718;DB07888;DB08333;DB08334;DB08335;DB08765	689043
222	MTAP	DB00173;DB02158;DB02281;DB02282;DB02933	439176
223	MTHFD1	DB00116;DB00157;DB02358;DB03461;DB04322	
224	NADSYN1	DB00130;DB00142	5961
225	NAGK	DB00141	439174
226	NAMPT	DB05217;DB12731;DB12980	
227	NAPEPLD	DB14009	
228	NARS1	DB00174	
229	NME1	DB00300;DB00441;DB00640;DB00709;DB00718;DB00787;DB01048;DB01262;DB01593;DB02181;DB02345;DB02569;DB02607;DB02887;DB03103;DB03491;DB04068;DB04315;DB04366;DB04542;DB08934;DB09130;DB09299;DB14126;DB14487;DB14533;DB14548	11192;11954236;2022;451668;45375808;464205;468908;60750;60825;60961;6398764;71492247;9574768
230	NME2	DB00300;DB00640;DB00709;DB00718;DB00787;DB01048;DB01262;DB04315;DB09299;DB14126	11954236;2022;451668;464205;468908;60825;60961;6398764;71492247;9574768
231	NMNAT3	DB02596;DB03227;DB04099	
232	NOS3	DB00125;DB00155;DB00360;DB00435;DB00997;DB01110;DB01686;DB01821;DB01833;DB01997;DB02027;DB02044;DB02048;DB02077;DB02141;DB02207;DB02234;DB02335;DB02589;DB02911;DB02979;DB02994;DB03065;DB03100;DB03144;DB03305;DB03332;DB03707;DB03910;DB03918;DB03963;DB03974;DB04018;DB04223;DB04534;DB04559;DB06154;DB07001;DB07244;DB07388;DB08018;DB08019;DB09237	31703;4189;636369;68553;9750;9822750
233	NPEPPS	DB11638;DB11781	107770;15547703
234	NQO2	DB00157;DB00170;DB01065;DB01087;DB02709;DB03147;DB03541;DB04216;DB04253;DB06695;DB07339;DB08190;DB08228;DB08744	4055;445154;5280343;6135;896
235	NSF	DB01902	
236	NT5C	DB00709;DB01048	468908;60825
237	NT5C2	DB00171;DB00811;DB06408	37542;451447;5957
238	ODC1	DB00114;DB00127;DB00203;DB00313;DB01917;DB02209;DB02824;DB03856;DB04083;DB04263;DB06243	1051;1103;123865;16760703;23663956;3009;3121;5212;62853
239	OGA	DB00428	29327
240	OXSR1	DB12010	11671467;25008120
241	P2RX1	DB01069	4927;6014
242	P2RX2	DB01069;DB15097	4927;6014
243	P2RX7	DB01069	4927;6014
244	P4HB	DB01593;DB03615;DB09130;DB11638;DB14487;DB14533;DB14548	107770;11192
245	PAFAH1B3	DB07821	
246	PAICS	DB00128	
247	PAK2	DB12010	11671467;25008120
248	PANX1	DB01032	4911
249	PARK7	DB09130	
250	PCBD1	DB04400	
251	PCK1	DB00787;DB01819;DB02008;DB03267;DB03725;DB09338	2022
252	PCMT1	DB01752	
253	PCYT1A	DB00122;DB00709;DB01048;DB14006	468908;60825
254	PCYT1B	DB00122;DB14006	
255	PCYT2	DB00709;DB01048	468908;60825
256	PDE1A	DB00201;DB00622;DB01023;DB01244;DB09283	2519;3333;41114;4474;50088;6241
257	PDE2A	DB00201;DB02315;DB05142;DB06246;DB07954;DB08811;DB09273;DB09283	2519;50942;5472495;6241
258	PDE3A	DB00201;DB00235;DB00261;DB00277;DB00922;DB01166;DB01223;DB01303;DB01427;DB04880;DB05266;DB08811;DB09283	2153;2182;2519;2754;3033825;3671;3698;4197;42786;53708;6241
259	PDE3B	DB00201;DB01113;DB01427;DB01640;DB01970;DB07954;DB09283	2519;3698;4680;6084;6241
260	PDE4D	DB00131;DB00201;DB00651;DB01088;DB01113;DB01427;DB01656;DB01791;DB01954;DB01959;DB02676;DB02918;DB03183;DB03606;DB03849;DB04149;DB04271;DB04469;DB05219;DB05266;DB05298;DB06246;DB06842;DB07051;DB07954;DB08299;DB09283	154575;2519;3025803;3671;3698;44591583;449193;4680;5092;5311181;5472495;6084;6241
261	PDE5A	DB00201;DB00203;DB00277;DB00820;DB00862;DB00975;DB01113;DB01223;DB01972;DB03597;DB05415;DB06237;DB06246;DB06267;DB07954;DB08729;DB09282;DB09283;DB12010	110634;110635;11671467;2153;25008120;2519;3108;4680;5212;5472495;6084;6241;62853;6804;6918523;9869929
262	PDE9A	DB00201;DB03597;DB07954;DB09283	2519;6241
263	PDIA3	DB01593;DB09130;DB14487;DB14533;DB14548	11192
264	PDXK	DB00147;DB00165;DB03909;DB04770;DB04776	1054;6019
265	PDXP	DB00114;DB00165	1051;1054;6019
266	PFAS	DB00130;DB00142	5961
267	PGAM1	DB09130;DB11638	107770
268	PGD	DB00563;DB00695;DB00789;DB00814;DB00851;DB00867;DB00920;DB02076;DB03962	126941;3040551;3440;3827;54677470;55466
269	PGK1	DB00709;DB00787;DB01048;DB03909;DB04510;DB09130;DB11638	107770;2022;468908;60825
270	PGK2	DB00787	2022
271	PGM1	DB02835;DB04397;DB06773	
272	PHGDH	DB00157	
273	PHOSPHO1	DB00122	
274	PIK3C3	DB06836;DB11962	
275	PIP4K2B	DB12010	11671467;25008120
276	PIP4K2C	DB12010	11671467;25008120
277	PISD	DB00144	
278	PKLR	DB00119;DB00787;DB02726;DB04551;DB16236	2022;23662274
279	PKM	DB00119;DB00787;DB01733;DB02726;DB07628;DB07692;DB07697;DB08951;DB09130;DB11263;DB11638	107770;2022;23662274;3718
280	PLA2G4A	DB00041;DB00086;DB00411;DB00445;DB00578;DB00588;DB00721;DB01083;DB01103;DB04552;DB04786;DB04827;DB05029;DB06311;DB13867	121489349;3034010;41867;444036;5311101;5361;5831;6239;65348;8514;9939609
281	PLD1	DB00122;DB05301;DB09031;DB14006	3599
282	PNP	DB00242;DB00640;DB00900;DB01667;DB02222;DB02230;DB02377;DB02391;DB02568;DB02796;DB02857;DB03101;DB03551;DB03609;DB03881;DB04076;DB04260;DB04335;DB04753;DB04754;DB04757;DB06185	11493192;20279;50599;6021;60961
283	PNPO	DB00114;DB02209;DB03247;DB03345	1051;23666409
284	PPCDC	DB03247;DB03738	23666409
285	PPIA	DB00091;DB00172;DB01742;DB02419;DB03393;DB09130;DB11638	107770;5284373;5388925
286	PPIB	DB00172;DB04447	
287	PPP1CA	DB02506	
288	PPP1CC	DB02169;DB02860;DB04738	
289	PPP2CA	DB00163;DB02506;DB06905	14985
290	PPP2CB	DB00163	14985
291	PPP2R1A	DB02506;DB06905	
292	PRDX1	DB01593;DB09130;DB09221;DB11638;DB14487;DB14533;DB14548	107770;11192
293	PRDX2	DB02153;DB04048;DB09130	
294	PRDX5	DB00995;DB03608;DB09221	16667669;2354
295	PRDX6	DB03814;DB09130	
296	PREP	DB00107;DB01684;DB03382;DB03535;DB03864;DB07148;DB08738;DB08739	439302
297	PRKAA1	DB00131;DB00171;DB00273;DB00914;DB00945;DB12010	11671467;2244;25008120;5284627;5957;8249
298	PRKAB1	DB00131;DB00273;DB00331;DB00945;DB12010	11671467;14219;2244;25008120;4091;5284627
299	PRKACA	DB01919;DB01940;DB02155;DB02482;DB02611;DB03374;DB04098;DB04522;DB04530;DB04707;DB06959;DB06977;DB07107;DB07124;DB07204;DB07235;DB07458;DB07583;DB07854;DB07855;DB07856;DB07857;DB07858;DB07859;DB07860;DB07876;DB07947;DB07995;DB07996;DB07997;DB08070;DB08073;DB08113;DB08114;DB08148;DB08149;DB08150;DB08162;DB08231;DB08568;DB08569;DB08756;DB08846;DB12010	10172943;11671467;163751;25008120;3064778;3547;448042;449241;5281855
300	PRKACB	DB02482;DB12010	11671467;25008120
301	PRKAG1	DB00131;DB00273;DB00945;DB12010	11671467;2244;25008120;5284627
302	PRKAR1A	DB01790;DB02315;DB02527;DB05798	
303	PRKAR2B	DB02527	
304	PRKCA	DB00144;DB00163;DB00675;DB02010;DB04209;DB05013;DB06451;DB06595;DB06641;DB08846;DB09096;DB11752;DB14001;DB14002	148177;14985;2733525;2733526;442042;44259;5280757;5281855;6918670;7187;9829523
305	PRKCB	DB00163;DB00675;DB01738;DB02010;DB04209;DB06486;DB08846;DB08862;DB09096;DB14001;DB14002	14985;176167;2733525;2733526;44259;5281855;7187
306	PRKCI	DB00675;DB02010;DB03777;DB04209;DB09096;DB12010	11671467;25008120;2733525;2733526;44259;7187
307	PRKCZ	DB00675;DB02010;DB04209;DB09096	2733525;2733526;44259;7187
308	PRKD1	DB11752;DB12010	11671467;25008120;5280757
309	PRMT1	DB01752	
310	PSAT1	DB00114;DB00142	1051
311	PSPH	DB01593;DB03292;DB14487;DB14533;DB14548	11192
312	PTEN	DB04327	
313	PTGES3	DB00316;DB05036;DB09130	1983
314	PTGR1	DB03461;DB04066;DB07177	637542
315	PTGS2	DB00035;DB00041;DB00154;DB00159;DB00233;DB00244;DB00250;DB00316;DB00328;DB00360;DB00461;DB00465;DB00469;DB00480;DB00482;DB00500;DB00515;DB00533;DB00554;DB00573;DB00580;DB00586;DB00605;DB00620;DB00712;DB00720;DB00749;DB00773;DB00784;DB00788;DB00795;DB00812;DB00814;DB00821;DB00856;DB00861;DB00870;DB00884;DB00887;DB00936;DB00939;DB00945;DB00963;DB00991;DB01009;DB01014;DB01030;DB01041;DB01050;DB01250;DB01283;DB01395;DB01397;DB01399;DB01401;DB01404;DB01419;DB01435;DB01600;DB01628;DB02266;DB02709;DB03477;DB03866;DB04552;DB04725;DB04743;DB05095;DB05804;DB05875;DB06195;DB06436;DB06725;DB06736;DB06774;DB06802;DB06804;DB08439;DB08819;DB08910;DB09061;DB09212;DB09213;DB09214;DB09215;DB09216;DB09217;DB09285;DB09288;DB09295;DB11071;DB11079;DB11133;DB11201;DB11323;DB11327;DB11752;DB12930;DB13167;DB13168;DB13346;DB13501;DB13514;DB13783;DB13961;DB14009;DB14011;DB14060	108082;119607;119828;123619;12594;133021;134780;151075;151166;1548887;1548943;156391;15787;15895902;160355;1983;208910;213053;216326;2206;2244;23663407;23667642;23684814;23693301;2466;2471;2662;2724368;2955;3033;3059;31195;31307;3308;338;3394;36462;3672;3715;3825;3826;3965;39912;4038;4044;4075;4409;44148067;445154;446284;4495;4553;4614;4649;4888;5018304;5090;5161;5245;5280757;5353980;5426;54676228;54677470;54690031;5702198;60726;636369;6436;644019;667550;68865;68873;6918092;71771;84003;9833407;9868491
316	PTPN1	DB01734;DB01820;DB02014;DB02072;DB02259;DB02420;DB02436;DB02615;DB02620;DB02622;DB02651;DB02662;DB02784;DB02827;DB02977;DB03102;DB03154;DB03311;DB03483;DB03557;DB03661;DB03670;DB03714;DB03982;DB04001;DB04088;DB04142;DB04204;DB04285;DB04525;DB04800;DB05506;DB06333;DB06521;DB06829;DB06887;DB07130;DB07134;DB07197;DB07263;DB07289;DB07295;DB07298;DB07480;DB07651;DB07719;DB07730;DB08001;DB08003;DB08147;DB08371;DB08397;DB08549;DB08591;DB08593;DB08783	
317	PTPN11	DB02779	
318	PTPN6	DB01133	
319	PTS	DB00688;DB01024;DB03886	5281078;6918995
320	PYCR3	DB00172	
321	PYGB	DB00114;DB03496	1051;5287969;9910986
322	QARS1	DB00130	5961
323	QDPR	DB00157;DB03814	
324	RAB5A	DB02467;DB04137;DB04315	
325	RAC1	DB00514;DB00993;DB04315	2265;5360696;5464025;5483943
326	RALA	DB04315	
327	RALBP1	DB00398;DB00541;DB00564;DB00570;DB00997;DB12411	216239;2554;31703;406563;46215462;5388983;5388992;5978
328	RAN	DB04315	
329	RDH11	DB00162	445354;638034
330	RDH14	DB00162	445354;638034
331	RFK	DB00140;DB03247	23666409;493570
332	RHOA	DB04315	
333	ROCK2	DB08162;DB08756;DB12010;DB13165;DB13931;DB16703	11671467;163751;25008120;3547;448042;66599893;90410375;9863672
334	RPE	DB00153	5280793
335	RPIA	DB01756	
336	RPS6KA3	DB00945;DB12010	11671467;2244;25008120
337	RPS6KA4	DB03247	23666409
338	RUVBL2	DB04216	5280343
339	SARS1	DB00133	
340	SCN4A	DB00243;DB00273;DB00281;DB00313;DB00555;DB00564;DB00586;DB00776;DB00818;DB00907;DB00909;DB01069;DB01161;DB01195;DB05541;DB09085;DB09088;DB09342;DB09345;DB11186;DB13154;DB13269;DB13746;DB13961	11078;16760703;23663956;23667642;2554;3033;3121;3356;34312;3676;3878;41022;446220;4927;4943;5018304;5284627;5411;56959;5734;6014;6314;73957;8612;8695;9837243
341	SCN9A	DB00243;DB00273;DB00281;DB00313;DB00555;DB00564;DB00776;DB00907;DB00909;DB01069;DB01161;DB05541;DB06201;DB06218;DB09085;DB09088;DB09342;DB09345;DB11186;DB13269;DB13746;DB13961	11078;16760703;219078;23663956;2554;3121;34312;3676;3878;446220;4927;5284627;5411;56959;5734;6014;6314;73957;8612;8695;9837243
342	SHMT1	DB00114;DB00116;DB00145;DB01055;DB02067;DB02800;DB02824	1051;750
343	SIRT2	DB15493	
344	SKP1	DB01750;DB06980;DB06981;DB06982;DB07950	
345	SLC11A2	DB06796;DB09130;DB13257;DB14520;DB15598	
346	SLC12A2	DB00214;DB00761;DB00887;DB01325;DB11098	2471;41781;4873;516893;6307
347	SLC12A4	DB00761;DB00887	2471;4873
348	SLC12A6	DB00761	4873
349	SLC12A7	DB00761	4873
350	SLC14A1	DB01005;DB03904	1176;3657
351	SLC16A1	DB00119;DB00142;DB00175;DB00313;DB00345;DB00415;DB00529;DB00563;DB00627;DB00731;DB00825;DB00936;DB01032;DB01440;DB01762;DB03066;DB03166;DB03773;DB03793;DB04074;DB04216;DB04348;DB04398;DB04552;DB07767;DB08892;DB09338	10413;11281011;1254;126941;16760703;176;2148;23662274;23663956;23663979;23666456;3121;338;3415;443971;44561;445858;4911;517055;5280343;54687;60026;612;6249;938
352	SLC16A10	DB00117;DB00119;DB00120;DB00123;DB00125;DB00128;DB00130;DB00133;DB00134;DB00135;DB00138;DB00142;DB00145;DB00149;DB00150;DB00151;DB00156;DB00160;DB00161;DB00167;DB00172;DB00174;DB00279;DB00650;DB00825;DB01235;DB01583;DB01746;DB01786;DB02556;DB02952;DB03107;DB03225;DB03839;DB03929;DB04398;DB06151;DB06262	1254;23662274;23666456;5862;5920;5961;6047;6057;6106;612;6140;6274;6287;6305;6306;71077;71371;750;876;92974
353	SLC19A1	DB00563;DB00642;DB01157;DB06813;DB11256	126941;148121;15341110;446556;5583;6918197
354	SLC19A2	DB00152	1130;6202
355	SLC1A1	DB00128;DB00142;DB00230	5486971
356	SLC1A4	DB00160	
357	SLC1A5	DB00130;DB00174;DB13146	5961
358	SLC22A16	DB00583;DB00997	10917;31703
359	SLC22A4	DB00122;DB00123;DB00125;DB00127;DB00184;DB00332;DB00345;DB00458;DB00468;DB00501;DB00536;DB00575;DB00583;DB00594;DB00661;DB00908;DB00983;DB00987;DB01005;DB01035;DB01043;DB01053;DB01137;DB01151;DB01165;DB01409;DB01917;DB03566;DB06691;DB08837;DB13943;DB13944;DB13946;DB14006;DB14754	10917;1103;149096;15232;16230;16231;181458;20179;2148;2520;2756;2803;2995;3034034;3086655;3410;3657;3696;4054;441074;441404;443971;45358055;47751;4992;5284451;53477580;5904;6252;6253;62969;65157;65327;657308;8228;89594;91558;9416
360	SLC22A7	DB00175;DB00277;DB00313;DB00328;DB00345;DB00437;DB00456;DB00493;DB00495;DB00501;DB00544;DB00563;DB00584;DB00595;DB00624;DB00759;DB00887;DB00917;DB00936;DB00943;DB01004;DB01009;DB01016;DB01017;DB01032;DB01045;DB01160;DB01211;DB01223;DB01248;DB01303;DB01326;DB01329;DB02527;DB02659;DB03553;DB09327;DB13943;DB13944;DB13946;DB14725	104747;10695961;126941;148124;160352;16760703;2094;2148;2153;221493;23663956;23663974;2471;2756;3121;338;3385;3454;3488;35370;3715;3825;441404;44187;443971;456255;4911;5280360;5353990;5381226;5388961;5388962;54675779;54675783;54687;5742673;6013;6024;65157;84029;9416
361	SLC25A4	DB00171;DB00720;DB01077;DB01736;DB02426;DB03429;DB04178	31195;3305;5957
362	SLC25A5	DB00720;DB01077	31195;3305
363	SLC25A6	DB00720;DB01077	31195;3305
364	SLC27A2	DB11936	10472693
365	SLC29A1	DB00197;DB00432;DB00441;DB00544;DB00640;DB00642;DB00811;DB00898;DB00900;DB00943;DB00987;DB01033;DB01073;DB01280;DB02745;DB09061;DB09327;DB09511;DB09526;DB12010;DB14009;DB14011	104747;1131;11671467;122173976;12790;174;25008120;3011155;30751;3385;37542;44148067;446556;47751;50599;5360525;5591;6029;60750;60961;6252;6253;6256;644019;667490;6918197;702
366	SLC2A1	DB00126;DB00237;DB00292;DB01296;DB01914;DB02709;DB08830;DB08831;DB09150;DB09341;DB09502;DB11059;DB15690	108223;445154;450503;667484
367	SLC2A2	DB00428;DB01296;DB01914;DB09150;DB09341;DB09344;DB09502;DB15690	29327;450503
368	SLC2A3	DB00126;DB01296;DB01914;DB09150;DB09341;DB09502;DB15690	450503
369	SLC2A4	DB00126;DB01296;DB01914;DB09150;DB09341;DB09502;DB15690	450503
370	SLC2A5	DB01914;DB09150;DB09344;DB09502;DB15690	450503
371	SLC30A1	DB14533;DB14548	
372	SLC31A1	DB00515;DB00526;DB00958;DB09130	10339178;11947679;5702198
373	SLC39A10	DB14533;DB14548	
374	SLC39A8	DB14533;DB14548	
375	SLC40A1	DB13257;DB14520	
376	SLC41A1	DB14513	
377	SLC43A3	DB00993	2265
378	SLC44A1	DB00122;DB14006	
379	SLC44A2	DB00122	
380	SLC6A8	DB00148;DB13191	586;9548602
381	SLC6A9	DB00145	750
382	SLC7A1	DB00123;DB00125;DB00129	
383	SLC7A6	DB00130	5961
384	SLC9A1	DB00594;DB01043;DB02624;DB06468	16230;16231;181458;4054
385	SMOX	DB00127;DB04188	1103
386	SMPD1	DB00381;DB00477;DB01151;DB12151;DB14009	2162;2726;2995;483477;60496;6435922;65327
387	SMS	DB00127	1103
388	SOD1	DB00163;DB00515;DB00526;DB00958;DB00988;DB01064;DB01593;DB01629;DB03382;DB05025;DB09061;DB09096;DB09130;DB09221;DB14001;DB14002;DB14009;DB14011;DB14487;DB14533;DB14548	10339178;11192;11947679;14985;3779;44148067;5702198;5807;644019;681;7187
389	SORD	DB00157;DB04478	
390	SPHK1	DB08868	107969;107970
391	SPTLC1	DB00114;DB00133	1051
392	SPTLC2	DB00114;DB00133	1051
393	SRM	DB00118	34755
394	SYK	DB02010;DB06834;DB07159;DB07194;DB08361;DB08846;DB12010;DB12121	11671467;25008120;44259;5281855;59473233
395	TARS1	DB00156	
396	TF	DB00515;DB00677;DB00893;DB01011;DB01294;DB01370;DB01592;DB01593;DB05260;DB06215;DB06757;DB06784;DB09130;DB11136;DB11182;DB11397;DB13257;DB13949;DB14487;DB14488;DB14489;DB14490;DB14491;DB14501;DB14517;DB14518;DB14520;DB14526;DB14527;DB14528;DB14529;DB14530;DB14533;DB14548	11192;16682734;27284;5702198;6433164;69439;76964591
397	TFR2	DB13257;DB15617	
398	TFRC	DB01592;DB13257;DB13949;DB14488;DB14489;DB14490;DB14491;DB14501;DB14520;DB15617	6433164;76964591
399	TGM2	DB00130;DB04315;DB11254	3610;5961
400	TGM3	DB00130;DB01864;DB01972;DB03152;DB04315	5961;6804
401	THTPA	DB00152	1130;6202
402	TKT	DB09130	
403	TPI1	DB01593;DB01695;DB02726;DB03026;DB03132;DB03135;DB03314;DB03379;DB03900;DB04326;DB04447;DB04510;DB07387;DB11638;DB14487;DB14533;DB14548	107770;11192;668
404	TPK1	DB00152;DB04768	1130;6202
405	TPMT	DB00436;DB00993;DB01021;DB01033;DB01250;DB01327	2265;2315;23675322;33255;5560;667490
406	TRPV2	DB00470;DB09061;DB11755;DB14009;DB14011;DB14050	34180;44148067;644019;91158
407	TSTD1	DB00464;DB09499	24477
408	TXN	DB12695	16741
409	TXNRD1	DB00126;DB01169;DB02338;DB03147;DB03566;DB04106;DB05428;DB05448;DB11127;DB11135	104799;158385;219104;24934;261004
410	UBA1	DB04119;DB04216	5280343
411	UBB	DB02542	
412	UBR4	DB04959;DB05483	
413	UMPS	DB00544;DB02890	3385
414	UROD	DB03727;DB04461	
415	VARS1	DB00161	6287
416	VCP	DB04395;DB12695	16741
417	VDAC1	DB01375;DB09061;DB14009;DB14011	44148067;644019
418	VDAC2	DB01375;DB06098	
419	VDAC3	DB01375;DB06098	
420	WARS1	DB00150;DB01831;DB04537	6305
421	YARS1	DB00135;DB01766;DB02709;DB03978;DB07205;DB08371;DB08617	445154;6057
