genes	uniprot	hgnc	hgnc.symbol	mgi
A4GALT	Q9NPC4	18149	A4GALT	3512453
AARS1	P49588	20	AARS1	2384560
AASDHPPT	Q9NRN7	14235	AASDHPPT	1914868
ABCA1	O95477	29	ABCA1	99607
ABCA7	Q8IZY2	37	ABCA7	1351646
ABCB1	P08183	40	ABCB1	97568;97570
ABCB4	P21439	45	ABCB4	97569
ABCB6	Q9NP58	47	ABCB6	1921354
ABCC1	P33527	51	ABCC1	102676
ABCC4	O15439	55	ABCC4	2443111
ABCC5	O15440	56	ABCC5	1351644
ABCE1	P61221	69	ABCE1	1195458
ABCG2	Q9UNQ0	74	ABCG2	1351624;1347061
ABHD14B	Q96IU4	28235	ABHD14B	1923741
ABHD16A	O95870	13921	ABHD16A	99476
ABHD17B	Q5VST6	24278	ABHD17B	1917816
ABO	P16442	79	ABO	2135738
ACAT2	Q9BWD1	94	ACAT2	109182;87871
ACER2	Q5QJU3	23675	ACER2	1920932
ACER3	Q9NUN7	16066	ACER3	1913440
ACHE	P22303	108	ACHE	87876
ACLY	P53396	115	ACLY	103251
ACO1	P21399	117	ACO1	87879
ACOT7	O00154	24157	ACOT7	1917275
ACP1	P24666	122	ACP1	87881
ACSL1	P33121	3569	ACSL1	102797
ACSL3	O95573	3570	ACSL3	1921455
ACSL4	O60488	3571	ACSL4	1354713
ACSL6	Q9UKU0	16496	ACSL6	894291
ACSS2	Q9NR19	15814	ACSS2	1890410
ACTA1	P68133	129	ACTA1	87902
ACTB	P60709	132	ACTB	87904
ACTC1	P68032	143	ACTC1	87905
ACTG1	P63261	144	ACTG1	87906
ACTG2	P63267	145	ACTG2	104589
ACY1	Q03154	177	ACY1	87913
ACYP1	P07311	179	ACYP1	1913454
ACYP2	P14621	180	ACYP2	1922822
ADA	P00813	186	ADA	87916
ADCY10	Q96PN6	21285	ADCY10	2660854
ADCY2	Q08462	233	ADCY2	99676
ADH5	P11766	253	ADH5	87929
ADI1	Q9BV57	30576	ADI1	2144929
ADK	P55263	257	ADK	87930
ADO	Q96SZ5	23506	ADO	2685083
ADPGK	Q9BRR6	25250	ADPGK	1919391
ADPRS	Q9NX46	21304	ADPRS	2140364
ADSL	P30566	291	ADSL	103202
ADSS2	P30520	292	ADSS2	87948
AFMID	Q63HM1	20910	AFMID	2448704
AGL	P35573	321	AGL	1924809
AGPAT1	Q99943	324	AGPAT1	1932075
AGPAT3	Q9NRZ7	326	AGPAT3	1336186
AGPAT4	Q9NRZ5	20885	AGPAT4	1915512
AGT	P01019	333	AGT	87963
AHCY	P23526	343	AHCY	87968;3643647
AK1	P00568	361	AK1	87977
AKR1A1	P14550	380	AKR1A1	1929955
AKR1B1	P15121	381	AKR1B1	1353494
AKR1C3	P42330	386	AKR1C3	2145458;1933427;2151104;2145420;1918111
AKR7A2	O43488	389	AKR7A2	107796
ALAD	P13716	395	ALAD	96853
ALDH1A1	P00352	402	ALDH1A1	1353450;1347050
ALDH3A1	P30838	405	ALDH3A1	1353451
ALDH3A2	P51648	403	ALDH3A2	1353452
ALDH3B1	P43353	410	ALDH3B1	1914939
ALDH9A1	P49189	412	ALDH9A1	1861622
ALDOA	P04075	414	ALDOA	87994
ALDOB	P05062	417	ALDOB	87995
ALDOC	P09972	418	ALDOC	101863
ALPL	P05186	438	ALPL	87983
AMDHD2	Q9Y303	24262	AMDHD2	2443978
AMPD3	Q01432	470	AMPD3	1096344
ANKH	Q9HCJ1	15492	ANKH	3045421
ANO6	Q4KMQ2	25240	ANO6	2145890
ANPEP	P15144	500	ANPEP	5000466
APEH	P13798	586	APEH	88041
APIP	Q96GX9	17581	APIP	1926788
APRT	P07741	626	APRT	88061
AQP1	P29972	633	AQP1	103201
AQP3	Q92482	636	AQP3	1333777
ARF1	P84077	652	ARF1	99431
ARF6	P62330	659	ARF6	99435
ARG1	P05089	663	ARG1	88070
ARMT1	Q9H993	17872	ARMT1	1920669
ART4	Q93070	726	ART4	1202710
ASL	P04424	746	ASL	88084
ATG14	Q6ZNE5	19962	ATG14	1261775
ATIC	P31939	794	ATIC	1351352
ATP11A	P98196	13552	ATP11A	1354735
ATP11B	Q9Y2G3	13553	ATP11B	1923545
ATP11C	Q8NB49	13554	ATP11C	1859661
ATP1A1	P05023	799	ATP1A1	88105
ATP1A3	P13637	801	ATP1A3	88107
ATP1A4	Q13733	14073	ATP1A4	1351335
ATP1B1	P05026	804	ATP1B1	88108
ATP1B2	P14415	805	ATP1B2	88109
ATP1B3	P54709	806	ATP1B3	107788
ATP2B1	P20020	814	ATP2B1	104653
ATP2B4	P23634	817	ATP2B4	88111
ATP6AP1	Q15904	868	ATP6AP1	109629
ATP6AP2	O75787	18305	ATP6AP2	1917745
ATP6V0A1	Q93050	865	ATP6V0A1	103286
ATP6V0B	Q99437	861	ATP6V0B	1890510
ATP6V0C	P27449	855	ATP6V0C	88116
ATP6V0D1	P61421	13724	ATP6V0D1	1201778
ATP6V0E1	O15342	863	ATP6V0E1	1328318
ATP6V1A	P38606	851	ATP6V1A	1201780
ATP6V1B2	P21281	854	ATP6V1B2	109618
ATP6V1C1	P21283	856	ATP6V1C1	1913585
ATP6V1D	Q9Y5K8	13527	ATP6V1D	1921084
ATP6V1E1	P36543	857	ATP6V1E1	894326
ATP6V1F	Q16864	16832	ATP6V1F	1913394
ATP6V1G1	O75348	864	ATP6V1G1	1913540
ATP6V1H	Q9UI12	18303	ATP6V1H	1914864
ATP7A	Q04656	869	ATP7A	99400
ATP7B	P35670	870	ATP7B	103297
B3GALNT1	O75752	918	B3GALNT1	1349405
BECN1	Q14457	1034	BECN1	1891828
BHMT	Q93088	1047	BHMT	3643681;1339972
BLVRA	P53004	1062	BLVRA	88170
BLVRB	P30043	1063	BLVRB	2385271
BMP2K	Q9NSY1	18041	BMP2K	2155456
BPGM	P07738	1093	BPGM	1098242
BPNT1	O95861	1096	BPNT1	1338800
BSG	P35613	1116	BSG	88208
C1GALT1	Q9NS00	24337	C1GALT1	2151071
C1GALT1C1	Q96EU7	24338	C1GALT1C1	1913493
CA1	P00915	1368	CA1	88268
CA2	P00918	1373	CA2	88269
CA3	P07451	1374	CA3	88270
CA4	P22748	1375	CA4	1096574
CAB39	Q9Y376	20292	CAB39	107438
CAB39L	Q9H9S4	20290	CAB39L	1914081
CACNA1A	O00555	1388	CACNA1A	109482
CAD	P27708	1424	CAD	1916969
CAND1	Q86VP6	30688	CAND1	1261820
CARM1	Q86X55	23393	CARM1	1913208
CARS1	P49589	1493	CARS1	1351477
CAT	P04040	1516	CAT	88271
CBR1	P16152	1548	CBR1	3646098;88284
CBR3	O75828	1549	CBR3	1309992
CD36	P16671	1663	CD36	107899
CD38	P28907	1667	CD38	107474
CDC34	P49427	1734	CDC34	1858429;102657
CDC37	Q16543	1735	CDC37	109531
CDC42	P60953	1736	CDC42	106211
CDIPT	O14735	1769	CDIPT	105491
CDK2	P24941	1771	CDK2	104772
CDK4	P11802	1773	CDK4	88357
CDK5	Q00535	1774	CDK5	101765
CDK6	Q00534	1777	CDK6	1277162
CDS2	O95674	1801	CDS2	1332236
CFTR	P13569	1884	CFTR	88388
CHAC2	Q8WUX2	32363	CHAC2	1915294
CKB	P12277	1991	CKB	88407
CKM	P06732	1994	CKM	88413
CLCN2	P51788	2020	CLCN2	105061
CLCN3	P51790	2021	CLCN3	103555
CLCN4	P51793	2022	CLCN4	104571
CLCN5	P51795	2023	CLCN5	99486
CLIC1	O00299	2062	CLIC1	2148924
CLIC2	O15247	2063	CLIC2
CLIC3	O95833	2064	CLIC3	1916704
CLIC4	Q9Y696	13518	CLIC4	1352754
CLNS1A	P54105	2080	CLNS1A	109638
CMPK1	P30085	18170	CMPK1	1913838
CMPK2	Q5EBM0	27015	CMPK2	99830
CNDP2	Q96KP4	24437	CNDP2	1913304
CNP	P09543	2158	CNP	88437
COASY	Q13057	29932	COASY	1918993
COMT	P21964	2228	COMT	88470
CP	P00450	2295	CP	88476
CPPED1	Q9BRF8	25632	CPPED1	2443300
CPT1A	P50416	2328	CPT1A	1098296
CRPPA	A4D126	37276	CRPPA	1923097
CRYL1	Q9Y2S2	18246	CRYL1	1915881
CSNK1A1	P48729	2451	CSNK1A1	1934950
CSNK1G1	Q9HCP0	2454	CSNK1G1	2660884
CSNK1G2	P78368	2455	CSNK1G2	1920014
CSNK1G3	Q9Y6M4	2456	CSNK1G3	1917675
CSNK2A1	P68400	2457	CSNK2A1	88543
CSNK2A2	P19784	2459	CSNK2A2	88547
CSNK2B	P67870	2460	CSNK2B	88548
CTH	P32929	2501	CTH	1339968
CTPS1	P17812	2519	CTPS1	1858304
CTPS2	Q9NRF8	2520	CTPS2	1933185
CUL1	Q13616	2551	CUL1	1349658
CUL2	Q13617	2552	CUL2	1918995
CUL3	Q13618	2553	CUL3	1347360
CUL4A	Q13619	2554	CUL4A	1914487
CUL4B	Q13620	2555	CUL4B	1919834
CUL5	Q93034	2556	CUL5	1922967
CYB561D2	O14569	30253	CYB561D2	1929280
CYB5A	P00167	2570	CYB5A	1926952
CYB5B	O43169	24374	CYB5B	1913677
CYB5R3	P00387	2873	CYB5R3	94893
CYBRD1	Q53TN4	20797	CYBRD1	2654575
DAGLA	Q9Y4D2	1165	DAGLA	2677061
DAGLB	Q8NCG7	28923	DAGLB	2442032
DARS1	P14868	2678	DARS1	2442544
DCAF11	Q8TEB1	20258	DCAF11	90168
DCAF6	Q58WW2	30002	DCAF6	1921356
DCAF7	P61962	30915	DCAF7	1919083
DCTPP1	Q9H773	28777	DCTPP1	1913672
DCXR	Q7Z4W1	18985	DCXR	1915130
DDB1	Q16531	2717	DDB1	1202384
DDT	P30046	2732	DDT	1298381
DERA	Q9Y315	24269	DERA	1913762
DERL1	Q9BUN8	28454	DERL1	1915069
DGKA	P23743	2849	DGKA	102952
DHFR	P00374	2861	DHFR	94890
DHRS11	Q6UWP2	28639	DHRS11	2652816
DNM2	P50570	2974	DNM2	109547
DNM3	Q9UQ16	29125	DNM3	1341299
DNPEP	Q9ULA0	2981	DNPEP	1278328
DNPH1	O43598	21218	DNPH1	3039376
DPP3	Q9NY33	3008	DPP3	1922471
DPYD	Q12882	3012	DPYD	2139667
DTYMK	P23919	3061	DTYMK	108396
DUSP23	Q9BVJ7	21480	DUSP23	1915690
EBP	Q15125	3133	EBP	107822
ECHDC1	Q9NTX5	21489	ECHDC1	1277169
EEF2	P13639	3214	EEF2	95288
ELOB	Q15370	11619	ELOB	1914923
ELOC	Q15369	11617	ELOC	1915173
EMB	Q6PCB8	30465	EMB	95321
ENO1	P06733	3350	ENO1	95393;3648653
ENO2	P09104	3353	ENO2	95394
ENO3	P13929	3354	ENO3	95395
ENOPH1	Q9UHY7	24599	ENOPH1	1915120
ENTPD1	P49961	3363	ENTPD1	102805
EPHX1	P07099	3401	EPHX1	95405
EPHX2	P34913	3402	EPHX2	99500
EPRS1	P07814	3418	EPRS1	97838
ESD	P10768	3465	ESD	3781082;95421
FABP1	P07148	3555	FABP1	95479
FABP5	Q01469	3560	FABP5	101790
FADS1	O60427	3574	FADS1	1923517
FADS2	O95864	3575	FADS2	1930079
FAF1	Q9UNN5	3578	FAF1	109419
FAF2	Q96CS3	24666	FAF2	1923827
FAH	P16930	3579	FAH	95482
FAHD1	Q6P587	14169	FAHD1	1915886
FARSA	Q9Y285	3592	FARSA	1913840
FARSB	Q9NSD9	17800	FARSB	1346035
FASN	P49327	3594	FASN	95485
FBXL20	Q96IG2	24679	FBXL20	1919444
FBXO4	Q9UKT5	13583	FBXO4	2146220
FBXO7	Q9Y3I1	13586	FBXO7	1917004
FCSK	Q8N0W3	29500	FCSK	1916071
FDPS	P14324	3631	FDPS	104888
FH	P07954	3700	FH	95530
FIG4	Q92562	16873	FIG4	2143585
FKBP1A	P62942	3711	FKBP1A	95541
FKBP2	P26885	3718	FKBP2	95542
FKBP3	Q00688	3719	FKBP3	1353460
FKBP4	Q02790	3720	FKBP4	95543
FKBP5	Q13451	3721	FKBP5	104670
FLAD1	Q8NFF5	24671	FLAD1	2443030
FLVCR1	Q9Y5Y0	24682	FLVCR1	2444881
FN3K	Q9H479	24822	FN3K	1926834
FN3KRP	Q9HA64	25700	FN3KRP	2679256
FTH1	P02794	3976	FTH1	95588
FTL	P02792	3999	FTL	95589;95590;5434102
FUT1	P19526	4012	FUT1	109375
FXN	Q16595	3951	FXN	1096879
FYN	P06241	4037	FYN	95602
G6PD	P11413	4057	G6PD	105979;105977
GALE	Q14376	4116	GALE	1921496
GALK1	P51570	4118	GALK1	95730
GALK2	Q01415	4119	GALK2	1917226
GALM	Q96C23	24063	GALM	2442420
GALNT10	Q86SR1	19873	GALNT10	1890480
GALNT2	Q10471	4124	GALNT2	894694
GALNT4	Q8N4A0	4126	GALNT4	894692
GALNT5	Q7Z7M9	4127	GALNT5	2179403
GALNT6	Q8NCL4	4128	GALNT6	1891640
GALNT7	Q86SF2	4129	GALNT7	1349449
GALT	P07902	4135	GALT	95638
GAPDH	P04406	4141	GAPDH	5434255;3782011;95640;3708786
GAPDHS	O14556	24864	GAPDHS	95653
GARS1	P41250	4162	GARS1	2449057
GART	P22102	4163	GART	95654
GBE1	Q04446	4180	GBE1	1921435
GCH1	P30793	4193	GCH1	95675
GCLC	P48506	4311	GCLC	104990
GCLM	P48507	4312	GCLM	104995
GCNT2	Q8N0V5	4204	GCNT2	1100870
GDE1	Q9NZC3	29644	GDE1	1891827
GDPD1	Q8N9F7	20883	GDPD1	1913819
GFUS	Q13630	12390	GFUS	98857
GGCT	O75223	21705	GGCT	95700
GLO1	Q04760	4323	GLO1	95742
GLRX	P35754	4330	GLRX	2135625
GLUL	P15104	4341	GLUL	95739
GMDS	O60547	4369	GMDS	1891112
GMPPA	Q96IJ6	22923	GMPPA	1916330
GMPPB	Q9Y5P6	22932	GMPPB	2660880
GMPR	P36959	4376	GMPR	1913605
GMPR2	Q9P2T1	4377	GMPR2	1917903
GMPS	P49915	4378	GMPS	2448526
GNPDA1	P46926	4417	GNPDA1	1347054
GNPDA2	Q8TDQ7	21526	GNPDA2	1915230
GOT1	P17174	4432	GOT1	95791
GOT2	P00505	4433	GOT2	95792
GPCPD1	Q9NPB8	26957	GPCPD1	104898
GPHN	Q9NQX3	15465	GPHN	109602
GPI	P06744	4458	GPI	95797
GPT	P24298	4552	GPT	95802
GPX1	P07203	4553	GPX1	104887
GPX4	P36969	4556	GPX4	104767
GRHPR	Q9UBQ7	4570	GRHPR	1923488
GRIA1	P42261	4571	GRIA1	95808
GSK3A	P49840	4616	GSK3A	2152453
GSR	P00390	4623	GSR	95804
GSS	P48637	4624	GSS	95852
GSTM1	P09488	4632	GSTM1	106026;95860;95861;1309467
GSTM2	P28161	4634	GSTM2	1915562
GSTM3	P21266	4635	GSTM3	1309466
GSTM4	Q03013	4636	GSTM4	95862
GSTM5	P46439	4637	GSTM5	95861;95860
GSTO1	P78417	13312	GSTO1	1342273
GSTP1	P09211	4638	GSTP1	95864;95865;3782108;2385078
GSTT1	P30711	4641	GSTT1	107379
GSTZ1	O43708	4643	GSTZ1	1341859
GUCY1A1	Q02108	4685	GUCY1A1	1926562
GUCY1B1	Q02153	4687	GUCY1B1	1860604
GUK1	Q16774	4693	GUK1	95871
GUSB	P08236	4696	GUSB	95872
GYG1	P46976	4699	GYG1	1351614
GYS1	P13807	4706	GYS1	101805
HACD3	Q9P035	24175	HACD3	1889341
HAGH	Q16775	4805	HAGH	95745
HAL	P42357	4806	HAL	96010
HARS1	P12081	4816	HARS1	108087
HBA	P69905	4823;4824	HBA1;HBA2	96015;96016
HBB	P68871	4827	HBB	96025;96022;96021;5474852;5474850
HBD	P02042	4829	HBD	5474852;96025;5474850;96021;96022
HBE1	P02100	4830	HBE1	96027;96024
HBG1	P69891	4831	HBG1	96023;96024
HBG2	P69892	4832	HBG2	96023;96027;96024
HBM	Q6B0K9	4826	HBM
HBQ1	P09105	4833	HBQ1	2685722;3613460
HBZ	P02008	4835	HBZ	96019
HCK	P08631	4840	HCK	96052
HDDC2	Q7Z4H3	21078	HDDC2	1916942
HDDC3	Q8N4P3	30522	HDDC3	1915945
HEXA	P06865	4878	HEXA	96073
HEXB	P07686	4879	HEXB	96074
HINT1	P49773	4912	HINT1	1321133
HK1	P19367	4922	HK1	96103
HK3	P52790	4925	HK3	2670962
HMBS	P08397	4982	HMBS	96112
HNMT	P50135	5028	HNMT	2153181
HPGDS	O60760	17890	HPGDS	1859384
HPRT1	P00492	5157	HPRT1	96217
HRAS	P01112	5173	HRAS	96224
HSD17B11	Q8NBQ5	22960	HSD17B11	2149821
HSD17B12	Q53GQ0	18646	HSD17B12	1926967
HSP90AA1	P07900	5253	HSP90AA1	96250
HSP90AB1	P08238	5258	HSP90AB1	96247
HSPA8	P11142	5241	HSPA8	105384
HUWE1	Q7Z6Z7	30892	HUWE1	1926884
IARS1	P41252	5330	IARS1	2145219
IDH1	O75874	5382	IDH1	96413
IDH2	P48735	5383	IDH2	96414
IMPA1	P29218	6050	IMPA1	1933158
IMPA2	O14732	6051	IMPA2	2149728
IMPDH2	P12268	6053	IMPDH2	109367;3705743
INPP5A	Q14642	6076	INPP5A	2686961
INPP5B	P32019	6077	INPP5B	103257
INPP5D	Q92835	6079	INPP5D	107357
INSR	P06213	6091	INSR	96575
ISYNA1	Q9NPH2	29821	ISYNA1	1919030
ITPA	Q9BY32	6176	ITPA	96622
JAK3	P52333	6193	JAK3	99928
KARS1	Q15046	6215	KARS1	1934754
KCNAB2	Q13303	6229	KCNAB2	109239
KCNK5	O95279	6280	KCNK5	1336175
KCNN4	O15554	6293	KCNN4	1277957
KLHL18	O94889	29120	KLHL18	2143315
KRAS	P01116	6407	KRAS	96680
KYAT1	Q16773	1564	KYAT1	1917516
LANCL1	O43813	6508	LANCL1	1336997
LAP3	P28838	18449	LAP3	1914238
LARS1	Q9P2J5	6512	LARS1	1913808
LCMT1	Q9UIC8	17557	LCMT1	1353593
LDHA	P00338	6535	LDHA	96759
LDHB	P07195	6541	LDHB	96763
LHPP	Q9H008	30042	LHPP	1923679
LPCAT1	Q8NF37	25718	LPCAT1	2384812
LPCAT3	Q6P1A2	30244	LPCAT3	1315211
LPIN2	Q92539	14450	LPIN2	1891341
LRRC8A	Q8IWT6	19027	LRRC8A	2652847
LSS	P48449	6708	LSS	1336155
LTA4H	P09960	6710	LTA4H	96836
LYN	P07948	6735	LYN	96892
LYPLA1	O75608	6737	LYPLA1	1344588
LYPLA2	O95372	6738	LYPLA2	1347000
LYPLAL1	Q5VWZ2	20440	LYPLAL1	2385115
MAN2C1	Q9NTJ4	6827	MAN2C1	1920994
MAP2K1	Q02750	6840	MAP2K1	1346866
MAP2K2	P36507	6842	MAP2K2	1346867
MAP2K3	P46734	6843	MAP2K3	1346868
MAP2K6	P52564	6846	MAP2K6	1346870
MAPK1	P28482	6871	MAPK1	1346858
MAPK14	Q16539	6876	MAPK14	1346865
MAPK3	P27361	6877	MAPK3	1346859
MAPKAPK2	P49137	6887	MAPKAPK2	109298
MARS1	P56192	6898	MARS1	1345633
MAT2A	P31153	6904	MAT2A	2443731
MAT2B	Q9NZL9	6905	MAT2B	1913667
MBLAC2	Q68D91	33711	MBLAC2	1920102
MBOAT2	Q6ZWT7	25193	MBOAT2	1914466
MDH1	P40925	6970	MDH1	97051
MDH2	P40926	6971	MDH2	97050
MDP1	Q86V88	28781	MDP1	1915131
ME1	P48163	6983	ME1	97043
MFSD2B	A6NFX1	37207	MFSD2B	3583946
MGST2	Q99735	7063	MGST2	2448481
MIF	P14174	7097	MIF	96982
MINPP1	Q9UNW1	7102	MINPP1	1336159
MPI	P34949	7216	MPI	97075
MPO	P05164	7218	MPO	97137
MPST	P25325	7223	MPST	2179733
MRI1	Q9BV20	28469	MRI1	1915123
MSRA	Q9UJ68	7377	MSRA	106916
MTAP	Q13126	7413	MTAP	1914152
MTHFD1	P11586	7432	MTHFD1	1342005
MTM1	Q13496	7448	MTM1	1099452
MTMR1	Q13613	7449	MTMR1	1858271
MTMR12	Q9C0I1	18191	MTMR12	2443034
MTMR2	Q13614	7450	MTMR2	1924366
MVD	P53602	7529	MVD	2179327
NADK2	Q4G0N4	26404	NADK2	1915896
NADSYN1	Q6IA69	29832	NADSYN1	1926164
NAE1	Q13564	621	NAE1	2384561
NAGK	Q9UJ70	17174	NAGK	1860418
NAMPT	P43490	30092	NAMPT	1929865
NANP	Q8TBE9	16140	NANP	1914561
NANS	Q9NR45	19237	NANS	2149820
NAPEPLD	Q6IQ20	21683	NAPEPLD	2140885
NAPRT	Q6XQN6	30450	NAPRT	2442664
NARS1	O43776	7643	NARS1	1917473
NAXD	Q8IW45	25576	NAXD	1913353
NAXE	Q8NCW5	18453	NAXE	2180167
NCEH1	Q6PIU2	29260	NCEH1	2443191
NEDD8	Q15843	7732	NEDD8	97301
NEU1	Q99519	7758	NEU1	97305
NEU2	Q9Y3R4	7759	NEU2	1344417
NEU3	Q9UQ49	7760	NEU3	1355305
NIT1	Q86X76	7828	NIT1	1350916
NIT2	Q9NQR4	29878	NIT2	1261838
NME1	P15531	7849	NME1	97355
NME2	P22392	7850	NME2	97356
NME3	Q13232	7851	NME3	1930182
NMNAT3	Q96T66	20989	NMNAT3	1921330
NOS3	P29474	7876	NOS3	97362
NPEPPS	P55786	7900	NPEPPS	1101358
NPL	Q9BXD5	16781	NPL	1921341
NPLOC4	Q8TAT6	18261	NPLOC4	2679787
NQO2	P16083	7856	NQO2	104513
NRAS	P01111	7989	NRAS	97376
NSF	P46459	8016	NSF	104560
NSFL1C	Q9UNZ2	15912	NSFL1C	3042273
NT5C	Q8TCD5	17144	NT5C	1354954
NT5C2	P49902	8022	NT5C2	2178563
NT5C3A	Q9H0P0	17820	NT5C3A	1927186
NUDT2	P50583	8049	NUDT2	1913651
NUDT3	O95989	8050	NUDT3	1928484
NUDT4	Q9NZJ9	8051	NUDT4	1918457
NUDT5	Q9UKK9	8052	NUDT5	1858232
OARD1	Q9Y530	21257	OARD1	2146818
ODC1	P11926	8109	ODC1	97402
OGA	O60502	7056	OGA	1932139
OGT	O15294	8127	OGT	1339639
OXSR1	O95747	8508	OXSR1	1917378
P2RX1	P51575	8533	P2RX1	1098235
P2RX2	Q9UBL9	15459	P2RX2	2665170
P2RX7	Q99572	8537	P2RX7	1339957
P4HB	P07237	8548	P4HB	97464
PAFAH1B1	P43034	8574	PAFAH1B1	109520
PAFAH1B2	P68402	8575	PAFAH1B2	108415
PAFAH1B3	Q15102	8576	PAFAH1B3	108414
PAICS	P22234	8587	PAICS	1914304
PAK2	Q13177	8591	PAK2	1339984
PANK2	Q9BZ23	15894	PANK2	1921700
PANK4	Q9NVE7	19366	PANK4	2387466
PANX1	Q96RD7	8599	PANX1	1860055
PARK7	Q99497	16369	PARK7	2135637
PCBD1	P61457	8646	PCBD1	94873
PCBD2	Q9H0N5	24474	PCBD2	1919812
PCK1	P35558	8724	PCK1	97501
PCMT1	P22061	8728	PCMT1	97502
PCYT1A	P49585	8754	PCYT1A	88557
PCYT1B	Q9Y5K3	8755	PCYT1B	2147987
PCYT2	Q99447	8756	PCYT2	1915921
PDE1A	P54750	8774	PDE1A	1201792
PDE2A	O00408	8777	PDE2A	2446107
PDE3A	Q14432	8778	PDE3A	1860764
PDE3B	Q13370	8779	PDE3B	1333863
PDE4D	Q08499	8783	PDE4D	99555
PDE5A	O76074	8784	PDE5A	2651499
PDE9A	O76083	8795	PDE9A	1277179
PDIA3	P30101	4606	PDIA3	95834
PDIA4	P13667	30167	PDIA4	104864
PDIA6	Q15084	30168	PDIA6	1919103
PDXK	O00764	8819	PDXK	1351869
PDXP	Q96GD0	30259	PDXP	1919282
PEMT	Q9UBM1	8830	PEMT	104535
PEPD	P12955	8840	PEPD	97542
PFAS	O15067	8863	PFAS	2684864
PFKL	P17858	8876	PFKL	97547
PFKM	P08237	8877	PFKM	97548
PFKP	Q01813	8878	PFKP	1891833
PGAM1	P18669	8888	PGAM1	97552
PGD	P52209	8891	PGD	97553
PGK1	P00558	8896	PGK1	97555
PGK2	P07205	8898	PGK2	97563
PGLS	O95336	8903	PGLS	1913421
PGM1	P36871	8905	PGM1	97565
PGM2	Q96G03	8906	PGM2	97564
PGM2L1	Q6PCE3	20898	PGM2L1	1918224
PGM3	O95394	8907	PGM3	97566
PGP	A6NDG6	8909	PGP	1914328
PHGDH	O43175	8923	PHGDH	1355330
PHOSPHO1	Q8TCT1	16815	PHOSPHO1	2447348
PHPT1	Q9NRX4	30033	PHPT1	1922704
PI4K2A	Q9BTU6	30031	PI4K2A	1934031
PI4KA	P42356	8983	PI4KA	2448506
PIEZO1	Q92508	28993	PIEZO1	3603204
PIK3C3	Q8NEB9	8974	PIK3C3	2445019
PIK3R4	Q99570	8982	PIK3R4	1922919
PIP4K2A	P48426	8997	PIP4K2A	1298206
PIP4K2B	P78356	8998	PIP4K2B	1934234
PIP4K2C	Q8TBX8	23786	PIP4K2C	2152214
PIP4P1	Q86T03	19299	PIP4P1	2448501
PIP5K1A	Q99755	8994	PIP5K1A	107929
PIP5K1C	O60331	8996	PIP5K1C	1298224
PISD	Q9UG56	8999	PISD	2445114
PKLR	P30613	9020	PKLR	97604
PKM	P14618	9021	PKM	97591
PLA2G4A	P47712	9035	PLA2G4A	1195256
PLA2G4B	P0C869	9036	PLA2G4B	2384819
PLAA	Q9Y263	9043	PLAA	104810
PLCB2	Q00722	9055	PLCB2	107465
PLCB3	Q01970	9056	PLCB3	104778
PLCG1	P19174	9065	PLCG1	97615
PLD1	Q13393	9067	PLD1	109585
PLSCR1	O15162	9092	PLSCR1	1270860;893575
PLSCR4	Q9NRQ2	16497	PLSCR4	2143267
PMM2	O15305	9115	PMM2	1859214
PNP	P00491	7892	PNP	97365;3712328
PNPLA6	Q8IY17	16268	PNPLA6	1354723
PNPO	Q9NVS9	30260	PNPO	2144151
PPA1	Q15181	9226	PPA1	97831
PPA2	Q9H2U2	28883	PPA2	1922026
PPCDC	Q96CD2	28107	PPCDC	1914062
PPCS	Q9HAB8	25686	PPCS	1915237
PPIA	P62937	9253	PPIA	97749
PPIB	P23284	9255	PPIB	97750
PPIP5K2	O43314	29035	PPIP5K2	2142810
PPME1	Q9Y570	30178	PPME1	1919840
PPP1CA	P62136	9281	PPP1CA	103016
PPP1CB	P62140	9282	PPP1CB	104871
PPP1CC	P36873	9283	PPP1CC	3647492;104872
PPP2CA	P67775	9299	PPP2CA	1321159
PPP2CB	P62714	9300	PPP2CB	1321161
PPP2R1A	P30153	9302	PPP2R1A	1926334
PPP2R1B	P30154	9303	PPP2R1B	1920949
PPP2R5B	Q15173	9310	PPP2R5B	2388480
PPP2R5D	Q14738	9312	PPP2R5D	2388481
PRDX1	Q06830	9352	PRDX1	99523
PRDX2	P32119	9353	PRDX2	109486
PRDX4	Q13162	17169	PRDX4	1859815
PRDX5	P30044	9355	PRDX5	1859821
PRDX6	P30041	16753	PRDX6	894320;1336888
PREP	P48147	9358	PREP	1270863
PRKAA1	Q13131	9376	PRKAA1	2145955
PRKAB1	Q9Y478	9378	PRKAB1	1336167
PRKACA	P17612	9380	PRKACA	97592
PRKACB	P22694	9381	PRKACB	97594
PRKAG1	P54619	9385	PRKAG1	108411
PRKAR1A	P10644	9388	PRKAR1A	104878
PRKAR1B	P31321	9390	PRKAR1B	97759
PRKAR2A	P13861	9391	PRKAR2A	108025
PRKAR2B	P31323	9392	PRKAR2B	97760
PRKCA	P17252	9393	PRKCA	97595
PRKCB	P05771	9395	PRKCB	97596
PRKCI	P41743	9404	PRKCI	99260
PRKCZ	Q05513	9412	PRKCZ	97602
PRKD1	Q15139	9407	PRKD1	99879
PRKG1	Q13976	9414	PRKG1	108174
PRMT1	Q99873	5187	PRMT1	107846
PRMT5	O14744	10894	PRMT5	1351645
PRPS1	P60891	9462	PRPS1	97775
PRPS1L1	P21108	9463	PRPS1L1	1922706
PRPS2	P11908	9465	PRPS2	97776
PRUNE1	Q86TP1	13420	PRUNE1	1925152
PSAT1	Q9Y617	19129	PSAT1	2183441
PSPH	P78330	9577	PSPH	97788
PTEN	P60484	9588	PTEN	109583
PTGES3	Q15185	16049	PTGES3	1929282;3704271
PTGR1	Q14914	18429	PTGR1	1914353
PTGS1	P23219	9604	PTGS1	97797
PTGS2	P35354	9605	PTGS2	97798
PTPA	Q15257	9308	PTPA	1346006
PTPN1	P18031	9642	PTPN1	97805
PTPN11	Q06124	9644	PTPN11	99511
PTPN3	P26045	9655	PTPN3	105307
PTPN6	P29350	9658	PTPN6	96055
PTS	Q03393	9689	PTS	1338783
PUDP	Q08623	16818	PUDP	1914615
PYCR3	Q53H96	25846	PYCR3	1913444
PYGB	P11216	9723	PYGB	97828
PYGL	P06737	9725	PYGL	97829
PYGM	P11217	9726	PYGM	97830
QARS1	P47897	9751	QARS1	1915851
QDPR	P09417	9752	QDPR	97836
QNG1	Q5T6V5	28144	QNG1	1917403
QPRT	Q15274	9755	QPRT	1914625
RAB10	P61026	9759	RAB10	105066
RAB11B	Q15907	9761	RAB11B	99425
RAB1A	P62820	9758	RAB1A	97842
RAB2A	P61019	9763	RAB2A	1928750
RAB2B	Q8WUD1	20246	RAB2B	1923588
RAB3C	Q96E17	30269	RAB3C	1914545
RAB5A	P20339	9783	RAB5A	105926
RAB5B	P61020	9784	RAB5B	105938
RAB5C	P51148	9785	RAB5C	105306
RAB6B	Q9NRW1	14902	RAB6B	107283
RAB8A	P61006	7007	RAB8A	96960
RAC1	P63000	9801	RAC1	97845
RALA	P11233	9839	RALA	1927243
RALBP1	Q15311	9841	RALBP1	108466
RAN	P62826	9846	RAN	1333112
RAP1A	P62834	9855	RAP1A	97852
RAP2B	P61225	9862	RAP2B	1921262
RARS1	P54136	9870	RARS1	1914297
RBKS	Q9H477	30325	RBKS	1918586
RBX1	P62877	9928	RBX1	1891829;3710517
RDH11	Q8TC12	17964	RDH11	102581
RDH14	Q9HBH5	19979	RDH14	1920402
RFK	Q969G6	30324	RFK	1914688
RHAG	Q02094	10006	RHAG	1202713
RHCE	P18577	10008	RHCE	1202882
RHD	Q02161	10009	RHD	1202882
RHOA	P61586	667	RHOA	1096342
RIDA	P52758	16897	RIDA	1095401
RNF123	Q5XPI4	21148	RNF123	2148796
ROCK2	O75116	10252	ROCK2	107926
RPE	Q96AT9	10293	RPE	1913896
RPIA	P49247	10297	RPIA	103254
RPS6KA3	P51812	10432	RPS6KA3	104557
RPS6KA4	O75676	10433	RPS6KA4	1930076
RPS6KA5	O75582	10434	RPS6KA5	1920336
RUVBL1	Q9Y265	10474	RUVBL1	1928760
RUVBL2	Q9Y230	10475	RUVBL2	1342299
SACM1L	Q9NTJ5	17059	SACM1L	1933169
SARS1	P49591	10537	SARS1	102809
SBF1	O95248	10542	SBF1	1925230
SCD	O00767	10571	SCD	2670997;98239;98240;1353437
SCN4A	P35499	10591	SCN4A	98250
SCN9A	Q15858	10597	SCN9A	107636
SDSL	Q96GA7	30404	SDSL	2182607
SELENBP1	Q13228	10719	SELENBP1	96825;104859
SHMT1	P34896	10850	SHMT1	98299
SHPK	Q9UHJ6	1492	SHPK	1921887
SIRT2	Q8IXJ6	10886	SIRT2	1927664
SKP1	P63208	10899	SKP1	103575
SLC11A2	P49281	10908	SLC11A2	1345279
SLC12A2	P55011	10911	SLC12A2	101924
SLC12A4	Q9UP95	10913	SLC12A4	1309465
SLC12A6	Q9UHW9	10914	SLC12A6	2135960
SLC12A7	Q9Y666	10915	SLC12A7	1342283
SLC14A1	Q13336	10918	SLC14A1	1351654
SLC16A1	P53985	10922	SLC16A1	106013
SLC16A10	Q8TF71	17027	SLC16A10	1919722
SLC16A7	O60669	10928	SLC16A7	1330284
SLC16A9	Q7RTY1	23520	SLC16A9	1914109
SLC17A7	Q9P2U7	16704	SLC17A7	1920211
SLC19A1	P41440	10937	SLC19A1	103182
SLC19A2	O60779	10938	SLC19A2	1928761
SLC1A1	P43005	10939	SLC1A1	105083
SLC1A4	P43007	10942	SLC1A4	2135601
SLC1A5	Q15758	10943	SLC1A5	105305
SLC22A16	Q86VW1	20302	SLC22A16	1918090
SLC22A4	Q9H015	10968	SLC22A4	1353479
SLC22A7	Q9Y694	10971	SLC22A7	1859559
SLC25A3	Q00325	10989	SLC25A3	1353498
SLC25A31	Q9H0C2	25319	SLC25A31	1920583
SLC25A4	P12235	10990	SLC25A4	1353495
SLC25A5	P05141	10991	SLC25A5	1353496
SLC25A6	P12236	10992	SLC25A6
SLC26A6	Q9BXS9	14472	SLC26A6	2159728
SLC27A2	O14975	10996	SLC27A2	1347099
SLC27A4	Q6P1M0	10998	SLC27A4	1347347
SLC29A1	Q99808	11003	SLC29A1	1927073
SLC2A1	P11166	11005	SLC2A1	95755
SLC2A14	Q8TDB8	18301	SLC2A14	95757
SLC2A2	P11168	11006	SLC2A2	1095438
SLC2A3	P11169	11007	SLC2A3	95757
SLC2A4	P14672	11009	SLC2A4	95758
SLC2A5	P22732	11010	SLC2A5	1928369
SLC30A1	Q9Y6M5	11012	SLC30A1	1345281
SLC31A1	O15431	11016	SLC31A1	1333843
SLC39A10	Q9ULF5	20861	SLC39A10	1914515
SLC39A8	Q9C0K1	20862	SLC39A8	1914797
SLC3A2	P08195	11026	SLC3A2	96955
SLC40A1	Q9NP59	10909	SLC40A1	1315204
SLC41A1	Q8IVJ1	19429	SLC41A1	2444823
SLC43A1	O75387	9225	SLC43A1	1931352
SLC43A2	Q8N370	23087	SLC43A2	2442746
SLC43A3	Q8NBI5	17466	SLC43A3	1931054
SLC44A1	Q8WWI5	18798	SLC44A1	2140592
SLC44A2	Q8IWA5	17292	SLC44A2	1915932
SLC4A1	P02730	11027	SLC4A1	109393
SLC4A2	P04920	11028	SLC4A2	109351
SLC52A1	Q9NWF4	30225	SLC52A1	1289288
SLC6A8	P48029	11055	SLC6A8	2147834
SLC6A9	P48067	11056	SLC6A9	95760
SLC7A1	P30825	11057	SLC7A1	88117
SLC7A5	Q01650	11063	SLC7A5	1298205
SLC7A6	Q92536	11064	SLC7A6	2142598
SLC9A1	P19634	11071	SLC9A1	102462
SLC9A6	Q92581	11079	SLC9A6	2443511
SLC9A7	Q96T83	17123	SLC9A7	2444530
SLC9B2	Q86UD5	25143	SLC9B2	2140077
SLCO1A2	P46721	10956	SLCO1A2	1351896;1351891;1351906;1351865;3643685;3647159
SLCO2B1	O94956	10962	SLCO2B1	1351872
SLK	Q9H2G2	11088	SLK	103241
SMOX	Q9NWM0	15862	SMOX	2445356
SMPD1	P17405	11120	SMPD1	98325
SMPD3	Q9NY59	14240	SMPD3	1927578
SMPDL3B	Q92485	21416	SMPDL3B	1916022
SMS	P52788	11123	SMS	109490;3705601
SOD1	P00441	11179	SOD1	98351
SORD	Q00796	11184	SORD	98266
SPHK1	Q9NYA1	11240	SPHK1	1316649
SPTLC1	O15269	11277	SPTLC1	1099431
SPTLC2	O15270	11278	SPTLC2	108074
SRM	P19623	11296	SRM	102690
SRXN1	Q9BYN0	16132	SRXN1	104971
ST3GAL1	Q11201	10862	ST3GAL1	98304
ST3GAL2	Q16842	10863	ST3GAL2	99427
STEAP3	Q658P3	24592	STEAP3	1915678
STK11	Q15831	11389	STK11	1341870
STRADB	Q9C0K7	13205	STRADB	2144047
SYK	P43405	11491	SYK	99515
SYNJ1	O43426	11503	SYNJ1	1354961
TALDO1	P37837	11559	TALDO1	1274789
TARS1	P26639	11572	TARS1	106314
TECR	Q9NZ01	4551	TECR	1915408
TF	P02787	11740	TF	98821
TFR2	Q9UP52	11762	TFR2	1354956
TFRC	P02786	11763	TFRC	98822
TGM2	P21980	11778	TGM2	98731
TGM3	Q08188	11779	TGM3	98732
THOP1	P52888	11793	THOP1	1354165
THTPA	Q9BU02	18987	THTPA	2446078
TKFC	Q3LXA3	24552	TKFC	2385084
TKT	P29401	11834	TKT	105992
TMEM109	Q9BVC6	28771	TMEM109	1915789
TMEM30A	Q9NV96	16667	TMEM30A	106402
TMT1A	Q9H8H3	24550	TMT1A	1916523;3026615;3710670
TPI1	P60174	12009	TPI1	98797
TPK1	Q9H3S4	17358	TPK1	1352500
TPMT	P51580	12014	TPMT	98812
TRIM58	Q8NG06	24150	TRIM58	2684862
TRPC6	Q9Y210	12338	TRPC6	109523
TRPV2	Q9Y5S1	18082	TRPV2	1341836
TSPO2	Q5TGU0	21256	TSPO2	1917276
TSTD1	Q8NFU3	35410	TSTD1	3648482
TXN	P10599	12435	TXN	98874
TXNDC17	Q9BRA2	28218	TXNDC17	1289248
TXNDC5	Q8NBS9	21073	TXNDC5	2145316
TXNL1	O43396	12436	TXNL1	1860078
TXNRD1	Q16881	12437	TXNRD1	1354175
UAP1	Q16222	12457	UAP1	1334459
UBA1	P22314	12469	UBA1	98890
UBA3	Q8TBC4	12470	UBA3	1341217
UBA6	A0AVT1	25581	UBA6	1913894
UBAC1	Q9BSL1	30221	UBAC1	1920995
UBB	P0CG47	12463	UBB	98888
UBE2L3	P68036	12488	UBE2L3	109240
UBE2M	P61081	12491	UBE2M	108278
UBE2N	P61088	12492	UBE2N	1934835
UBE2O	Q9C0C9	29554	UBE2O	2444266
UBE2V1	Q13404	12494	UBE2V1	1913839
UBE2V2	Q15819	12495	UBE2V2	1917870
UBR4	Q5T4S7	30313	UBR4	1916366
UBXN1	Q04323	18402	UBXN1	1289301
UBXN6	Q9BZV1	14928	UBXN6	1913780
UBXN7	O94888	29119	UBXN7	2146388
UFD1	Q92890	12520	UFD1	109353
UGP2	Q16851	12527	UGP2	2183447
UMPS	P11172	12563	UMPS	1298388
UROD	P06132	12591	UROD	98916
UROS	P10746	12592	Mgu	98917
USP5	P45974	12628	USP5	1347343
VARS1	P26640	12651	VARS1	90675
VCP	P55072	12666	VCP	99919
VCPIP1	Q96JH7	30897	VCPIP1	1917925
VDAC1	P21796	12669	VDAC1	106919
VDAC2	P45880	12672	VDAC2	106915
VDAC3	Q9Y277	12674	VDAC3	106922
VPS4A	Q9UN37	13488	VPS4A	1890520
VPS4B	O75351	10895	VPS4B	1100499
WARS1	P23381	12729	WARS1	104630
WDR77	Q9BQA1	29652	WDR77	1917715
WNK1	Q9H4A3	14540	WNK1	2442092
XPNPEP1	Q9NQW7	12822	XPNPEP1	2180003
XYLB	O75191	12839	XYLB	2142985
YARS1	P54577	12840	YARS1	2147627
YES1	P07947	12841	YES1	99147
ZDHHC2	Q9UIJ5	18469	ZDHHC2	1923452
ZDHHC20	Q5W0Z9	20749	ZDHHC20	1923215
ZDHHC3	Q9NYG2	18470	ZDHHC3	1926134
ZDHHC5	Q9C0B5	18472	ZDHHC5	1923573
