genes	uniprot	complexportal	eco	go	rnacentral	chebi	pdb	intact	reactome	pubmed	efo	rhea	orphanet	mondo	mim
ACTB	P60709	CPX-1164;CPX-1194;CPX-1195;CPX-1196;CPX-1199;CPX-1201;CPX-1202;CPX-1203;CPX-1204;CPX-1205;CPX-1206;CPX-1207;CPX-1209;CPX-1210;CPX-1211;CPX-1212;CPX-1213;CPX-1215;CPX-1216;CPX-1217;CPX-1218;CPX-1219;CPX-1220;CPX-1221;CPX-1222;CPX-1223;CPX-1224;CPX-1225;CPX-1226;CPX-1227;CPX-1228;CPX-4084;CPX-4203;CPX-4206;CPX-4207;CPX-4223;CPX-4224;CPX-4225;CPX-4226;CPX-978	ECO:0005547	GO:0140658;GO:2000045;GO:2000781;GO:2000819;GO:0035060;GO:0006338;GO:0003690;GO:0016887;GO:0000785;GO:0030071;GO:0005524;GO:0008301;GO:0005546;GO:0045597;GO:0045582;GO:0006357;GO:0070316;GO:0045663;GO:0140658;GO:2000045;GO:2000781;GO:2000819;GO:0035060;GO:0006338;GO:0003690;GO:0016887;GO:0000785;GO:0030071;GO:0005524;GO:0008301;GO:0005546;GO:0045597;GO:0006357;GO:0070316;GO:0045663;GO:0000785;GO:2000045;GO:2000781;GO:2000819;GO:0016514;GO:0006338;GO:0003690;GO:0016887;GO:0030071;GO:0005524;GO:0008301;GO:0005546;GO:1902459;GO:0006357;GO:0070316;GO:0140658;GO:0016363;GO:2000045;GO:2000781;GO:2000819;GO:0016586;GO:0006338;GO:0003690;GO:0016887;GO:0000785;GO:0030071;GO:0005524;GO:0008301;GO:0005546;GO:0045597;GO:0045582;GO:0006357;GO:0070316;GO:0045663;GO:0000776;GO:0140658;GO:0000776;GO:0016363;GO:2000045;GO:2000781;GO:2000819;GO:0016586;GO:0006338;GO:0003690;GO:0016887;GO:0000785;GO:0030071;GO:0005524;GO:0008301;GO:0005546;GO:0045597;GO:0045582;GO:0006357;GO:0070316;GO:0045663;GO:0140658;GO:2000045;GO:2000781;GO:2000819;GO:0071564;GO:0006338;GO:0003690;GO:0016887;GO:0000785;GO:0030071;GO:0005524;GO:0008301;GO:0005546;GO:0045597;GO:0006357;GO:0070316;GO:0140658;GO:2000045;GO:2000781;GO:2000819;GO:0071565;GO:0006338;GO:0003690;GO:0016887;GO:0000785;GO:0030071;GO:0005524;GO:0008301;GO:0005546;GO:0045597;GO:0006357;GO:0070316;GO:0140658;GO:2000045;GO:2000781;GO:2000819;GO:0140092;GO:0006338;GO:0003690;GO:0016887;GO:0000785;GO:0030071;GO:0005524;GO:0008301;GO:0005546;GO:0045597;GO:0006357;GO:0070316;GO:0140658;GO:2000045;GO:2000781;GO:2000819;GO:0016887;GO:0006357;GO:0003690;GO:0030071;GO:0000785;GO:0006338;GO:0005524;GO:0016514;GO:0005546;GO:0045597;GO:0045582;GO:0008301;GO:0070316;GO:0045663;GO:0140658;GO:2000045;GO:2000781;GO:2000819;GO:0035060;GO:0006338;GO:0003690;GO:0016887;GO:0000785;GO:0030071;GO:0005524;GO:0008301;GO:0005546;GO:0045597;GO:0045582;GO:0006357;GO:0070316;GO:0045663;GO:0140658;GO:2000045;GO:2000781;GO:2000819;GO:0016514;GO:0006338;GO:0003690;GO:0016887;GO:0000785;GO:0030071;GO:0005524;GO:0008301;GO:0005546;GO:0045597;GO:0045582;GO:0006357;GO:0070316;GO:0045663;GO:0140658;GO:0003690;GO:0016887;GO:0000785;GO:0030071;GO:0005524;GO:0008301;GO:0005546;GO:0045597;GO:0006357;GO:0070316;GO:2000045;GO:2000781;GO:2000819;GO:0071565;GO:0006338;GO:0140658;GO:2000045;GO:2000781;GO:2000819;GO:0016514;GO:0006338;GO:0003690;GO:0016887;GO:0000785;GO:0030071;GO:0005524;GO:0008301;GO:0005546;GO:0045597;GO:0006357;GO:0070316;GO:0045663;GO:0140658;GO:2000045;GO:2000781;GO:2000819;GO:0035060;GO:0006338;GO:0003690;GO:0016887;GO:0000785;GO:0030071;GO:0005524;GO:0008301;GO:0005546;GO:0045597;GO:0006357;GO:0070316;GO:0045663;GO:0140658;GO:0008284;GO:0140288;GO:0006338;GO:0016887;GO:0000785;GO:0005524;GO:0045596;GO:0006357;GO:1902459;GO:0140658;GO:0010485;GO:0043998;GO:0000786;GO:0005524;GO:0000400;GO:0043138;GO:0042981;GO:0016887;GO:2000779;GO:0035267;GO:0051726;GO:0045893;GO:0001046;GO:1905168						11790558;18809673;23644491;11073988;9843504;28408647;10884406;9845365;12620226;11790558;18809673;23644491;11073988;9843504;28408647;10884406;9845365;12620226;28695822;23644491;11073988;9843504;28408647;10884406;9845365;12620226;11790558;18809673;11790558;18809673;9843504;23644491;11073988;28408647;10884406;9845365;12620226;28695822;PPR59167;11790558;23644491;9843504;28408647;30397315;12620226;29374058;30510198;27153538;15647280;12963728;14966270		13065;45948		MONDO:0015452;MONDO:0011053;MONDO:0004992;MONDO:0004992
ATP11A	P98196	CPX-6310	ECO:0000353	GO:0005886;GO:0005524;GO:0016887;GO:1990531;GO:0140346;GO:0090555				EBI-26444585		30509129;27458383;26567335;20961850;25315773		38567
ATP11B	Q9Y2G3	CPX-6311	ECO:0000353	GO:0016020;GO:0005524;GO:0016887;GO:1990531;GO:0031901;GO:0140327				EBI-26444292		27458383;26567335;20961850;30509129;25315773;31571211;25947375		38567
ATP11C	Q8NB49	CPX-6312	ECO:0000353	GO:0005886;GO:0005524;GO:0016887;GO:1990531;GO:0140346;GO:0090555				EBI-25508137		27458383;26567335;20961850;30509129;25315773;21914794		38567
ATP1A1	P05023	CPX-125;CPX-8009;CPX-8141;CPX-8142;CPX-8143;CPX-8144;CPX-8146	ECO:0000353;ECO:0005610;ECO:0005546	GO:0006883;GO:0005890;GO:0005391;GO:0005524;GO:0030955;GO:0031402;GO:1990573;GO:0036376;GO:0010248;GO:1901691;GO:1902600;GO:0015078;GO:0030007;GO:0005890;GO:0006883;GO:1990573;GO:0036376;GO:0010248;GO:1902600;GO:0030007;GO:0005391;GO:0005524;GO:0030955;GO:0031402;GO:1901691;GO:0015078;GO:0015078;GO:0005890;GO:0006883;GO:1990573;GO:0036376;GO:0010248;GO:1902600;GO:0030007;GO:0005391;GO:0005524;GO:0030955;GO:0031402;GO:1901691;GO:0005890;GO:0006883;GO:1990573;GO:0036376;GO:0010248;GO:1902600;GO:0030007;GO:0015078;GO:0005391;GO:0005524;GO:0030955;GO:0031402;GO:1901691				EBI-46435129;EBI-46435122;EBI-46435113	R-HSA-936770	35803952;18075585;25772291;19542013;36926029;21228272;21228272;18075585;25772291;19542013;36926029;18075585;25772291;19542013;18075585;25772291;19542013;36926029;21228272;25772291;19542013;36926029;18075585;21228272;19542013;36926029;18075585;21228272;25772291		18353
ATP1B1	P05026	CPX-125;CPX-8009;CPX-8141;CPX-8142;CPX-8143;CPX-8144;CPX-8146	ECO:0000353;ECO:0005610;ECO:0005546	GO:0006883;GO:0005890;GO:0005391;GO:0005524;GO:0030955;GO:0031402;GO:1990573;GO:0036376;GO:0010248;GO:1901691;GO:1902600;GO:0015078;GO:0030007;GO:0005890;GO:0006883;GO:1990573;GO:0036376;GO:0010248;GO:1902600;GO:0030007;GO:0005391;GO:0005524;GO:0030955;GO:0031402;GO:1901691;GO:0015078;GO:0015078;GO:0005890;GO:0006883;GO:1990573;GO:0036376;GO:0010248;GO:1902600;GO:0030007;GO:0005391;GO:0005524;GO:0030955;GO:0031402;GO:1901691;GO:0005890;GO:0006883;GO:1990573;GO:0036376;GO:0010248;GO:1902600;GO:0030007;GO:0015078;GO:0005391;GO:0005524;GO:0030955;GO:0031402;GO:1901691				EBI-46435129;EBI-46435122;EBI-46435113	R-HSA-936770	35803952;18075585;25772291;19542013;36926029;21228272;21228272;18075585;25772291;19542013;36926029;18075585;25772291;19542013;18075585;25772291;19542013;36926029;21228272;25772291;19542013;36926029;18075585;21228272;19542013;36926029;18075585;21228272;25772291		18353
ATP6AP1	Q15904	CPX-2470;CPX-6904;CPX-6905;CPX-6912	ECO:0005547	GO:0007042;GO:0033176;GO:0046961;GO:0048388;GO:0016020;GO:1902600;GO:0000139;GO:0061795;GO:0033176;GO:0046961;GO:1902600;GO:0005886;GO:0010008;GO:0005765;GO:0007035;GO:0007042;GO:0033176;GO:0046961;GO:1902600;GO:0005886;GO:0033176;GO:0046961;GO:1902600;GO:0051452					R-HSA-1222549	32001091;33065002		57720		MONDO:0019573
ATP6V0A1	Q93050	CPX-2470	ECO:0005547	GO:0007042;GO:0033176;GO:0046961;GO:0048388;GO:0016020;GO:1902600					R-HSA-1222549	32001091;33065002		57720		MONDO:0019573
ATP6V0C	P27449	CPX-2470;CPX-6904;CPX-6905;CPX-6912	ECO:0005547	GO:0007042;GO:0033176;GO:0046961;GO:0048388;GO:0016020;GO:1902600;GO:0000139;GO:0061795;GO:0033176;GO:0046961;GO:1902600;GO:0005886;GO:0010008;GO:0005765;GO:0007035;GO:0007042;GO:0033176;GO:0046961;GO:1902600;GO:0005886;GO:0033176;GO:0046961;GO:1902600;GO:0051452					R-HSA-1222549	32001091;33065002		57720		MONDO:0019573
ATP6V1A	P38606	CPX-2470;CPX-6904;CPX-6905;CPX-6912	ECO:0005547	GO:0007042;GO:0033176;GO:0046961;GO:0048388;GO:0016020;GO:1902600;GO:0000139;GO:0061795;GO:0033176;GO:0046961;GO:1902600;GO:0005886;GO:0010008;GO:0005765;GO:0007035;GO:0007042;GO:0033176;GO:0046961;GO:1902600;GO:0005886;GO:0033176;GO:0046961;GO:1902600;GO:0051452					R-HSA-1222549	32001091;33065002		57720		MONDO:0019573
ATP6V1D	Q9Y5K8	CPX-2470;CPX-6904;CPX-6905;CPX-6912	ECO:0005547	GO:0007042;GO:0033176;GO:0046961;GO:0048388;GO:0016020;GO:1902600;GO:0000139;GO:0061795;GO:0033176;GO:0046961;GO:1902600;GO:0005886;GO:0010008;GO:0005765;GO:0007035;GO:0007042;GO:0033176;GO:0046961;GO:1902600;GO:0005886;GO:0033176;GO:0046961;GO:1902600;GO:0051452					R-HSA-1222549	32001091;33065002		57720		MONDO:0019573
ATP6V1F	Q16864	CPX-2470;CPX-6904;CPX-6905;CPX-6912	ECO:0005547	GO:0007042;GO:0033176;GO:0046961;GO:0048388;GO:0016020;GO:1902600;GO:0000139;GO:0061795;GO:0033176;GO:0046961;GO:1902600;GO:0005886;GO:0010008;GO:0005765;GO:0007035;GO:0007042;GO:0033176;GO:0046961;GO:1902600;GO:0005886;GO:0033176;GO:0046961;GO:1902600;GO:0051452					R-HSA-1222549	32001091;33065002		57720		MONDO:0019573
ATP6V1H	Q9UI12	CPX-2470;CPX-6904;CPX-6905;CPX-6912	ECO:0005547	GO:0007042;GO:0033176;GO:0046961;GO:0048388;GO:0016020;GO:1902600;GO:0000139;GO:0061795;GO:0033176;GO:0046961;GO:1902600;GO:0005886;GO:0010008;GO:0005765;GO:0007035;GO:0007042;GO:0033176;GO:0046961;GO:1902600;GO:0005886;GO:0033176;GO:0046961;GO:1902600;GO:0051452					R-HSA-1222549	32001091;33065002		57720		MONDO:0019573
CAT	P04040	CPX-4742	ECO:0000353	GO:0005777;GO:0004096;GO:0061692;GO:0042744;GO:0062151		CHEBI:16474;CHEBI:30413		EBI-3926190	R-HSA-76028	18379038;19479899;28384098;10656833;21904028
CDK2	P24941	CPX-2005;CPX-2006;CPX-2009;CPX-2015;CPX-2016	ECO:0005546;ECO:0000353	GO:0097123;GO:0004693;GO:0097124;GO:0004693;GO:0097127;GO:0000086;GO:0097134;GO:0000082;GO:0004693;GO:0097135;GO:0000082				EBI-1039274;EBI-767792;EBI-519628;EBI-375320	R-HSA-187952;R-HSA-8848421;R-HSA-68372;R-HSA-68368	15838514		17989;46608
CDK4	P11802	CPX-2010;CPX-2011;CPX-2012	ECO:0000353	GO:0097128;GO:0004693;GO:0000082;GO:0004693;GO:0000082;GO:0097129;GO:0097130;GO:0004693;GO:0000082				EBI-519196;EBI-768365;EBI-768369	R-HSA-113844;R-HSA-75812;R-HSA-75814;R-HSA-68331			17989;46608
CDK5	Q00535	CPX-2201;CPX-3141;CPX-3142	ECO:0000353;ECO:0005546	GO:0016533;GO:0004693;GO:0000307				EBI-1041602	R-HSA-421098;R-HSA-421107	18507738;16039528;18507738		17989;46608
CDK6	Q00534	CPX-2013;CPX-2014	ECO:0000353	GO:0097133;GO:0000082;GO:0004693;GO:0097131;GO:0000082;GO:0004693				EBI-20735421;EBI-375368		8114739		17989;46608
CSNK1A1	P48729	CPX-107;CPX-109;CPX-439;CPX-440;CPX-441;CPX-442;CPX-443;CPX-99	ECO:0005547	GO:0004674;GO:0043161;GO:0030877;GO:0008013;GO:0004674;GO:0008013;GO:0030877;GO:0043161;GO:0004674;GO:0043161;GO:0008013;GO:0030877;GO:0043161;GO:0030877;GO:0004674;GO:0008013;GO:0043161;GO:0004674;GO:0008013;GO:0030877;GO:0030877;GO:0004674;GO:0008013;GO:0043161;GO:0030877;GO:0008013;GO:0043161;GO:0004674						23169527;25200911;25200911;23169527;25200911		17989;46608;46608;17989
CSNK2A1	P68400	CPX-2437;CPX-914	ECO:0005546;ECO:0000353	GO:0004674;GO:0005956				EBI-3928226		11574463;12396231;12396231;22506723;11574463;24594356;24175891		17989;46608
CSNK2A2	P19784	CPX-2428;CPX-2437	ECO:0005546	GO:0004674;GO:0005956						11574463;12396231		17989;46608
CSNK2B	P67870	CPX-2428;CPX-2437;CPX-914	ECO:0005546;ECO:0000353	GO:0004674;GO:0005956				EBI-3928226		11574463;12396231;12396231;22506723;11574463;24594356;24175891		17989;46608
CUL1	Q13616	CPX-2239;CPX-2241;CPX-2319;CPX-2343;CPX-2365;CPX-2438;CPX-2489;CPX-2492;CPX-2512;CPX-2516;CPX-2538;CPX-2553;CPX-2554;CPX-2658;CPX-2683;CPX-2748;CPX-2773;CPX-2832;CPX-2873;CPX-3291;CPX-3292;CPX-3295;CPX-7747;CPX-7761;CPX-7762;CPX-7763;CPX-7784;CPX-7785;CPX-7786;CPX-7821;CPX-7822;CPX-7846;CPX-7847;CPX-7881;CPX-7882;CPX-7904;CPX-7905;CPX-7906;CPX-7921;CPX-7922;CPX-7923;CPX-7924;CPX-7925;CPX-7926;CPX-7927;CPX-7928;CPX-7929;CPX-7930;CPX-7962;CPX-7963;CPX-7965;CPX-7966;CPX-7967;CPX-7968;CPX-7971;CPX-7972;CPX-7973;CPX-7975;CPX-7976;CPX-7977;CPX-7979;CPX-7981;CPX-7982;CPX-7983;CPX-8002;CPX-8003;CPX-8005;CPX-8006;CPX-8108	ECO:0000353;ECO:0005546;ECO:0005547	GO:0031146;GO:0043130;GO:0019005;GO:0061630;GO:0006879;GO:0019005;GO:0031146;GO:0043130;GO:0061630;GO:0010824;GO:0006355;GO:0019005;GO:0031146;GO:0043130;GO:0061630;GO:0019005;GO:0031146;GO:0043130;GO:0061630;GO:0019005;GO:0031146;GO:0043130;GO:0061630;GO:0010564;GO:0031146;GO:0043130;GO:0019005;GO:0061630;GO:0019005;GO:0043130;GO:0061630;GO:0031146;GO:0030510;GO:0019005;GO:0031146;GO:0043130;GO:0061630;GO:1901524;GO:0031146;GO:0019005;GO:0043130;GO:0061630;GO:0043130;GO:0061630;GO:0031146;GO:0019005;GO:0031146;GO:0043130;GO:0061630;GO:0042981;GO:0019005;GO:0031146;GO:0043130;GO:0061630;GO:0051726;GO:0042981;GO:0019005;GO:0031146;GO:0043130;GO:0061630;GO:0043130;GO:0031146;GO:0019005;GO:0042752;GO:0061630;GO:0019005;GO:0031146;GO:0043130;GO:0061630;GO:0014033;GO:0043130;GO:0031146;GO:0019005;GO:0061630;GO:0042752;GO:0019005;GO:0043130;GO:0061630;GO:0031146;GO:0050727;GO:0043130;GO:0031146;GO:0019005;GO:0061630;GO:0031146;GO:0019005;GO:0061630;GO:0043130;GO:0000082;GO:0019005;GO:0031146;GO:0010564;GO:0043130;GO:0061630;GO:0019005;GO:0031146;GO:0043130;GO:0061630;GO:0060173;GO:0060271;GO:0051298;GO:0019005;GO:0031146;GO:0043130;GO:0061630;GO:0019005;GO:0031146;GO:0043130;GO:0061630;GO:0007346;GO:1904415;GO:0019005;GO:0031146;GO:0043130;GO:0061630;GO:0019005;GO:0031146;GO:0043130;GO:0061630;GO:0050727;GO:2000001;GO:0019005;GO:0031146;GO:0043130;GO:0061630;GO:0032006;GO:0019005;GO:0031146;GO:0043130;GO:0061630;GO:0061663;GO:0019005;GO:0031146;GO:0043130;GO:0061630;GO:0043130;GO:0061630;GO:0019005;GO:0031146;GO:0031146;GO:0043130;GO:0061630;GO:0019005				EBI-46418605;EBI-6946629;EBI-44439349;EBI-15528504;EBI-1168068;EBI-46445632		34445249;19762597;33234069;11961546;15520277;11961546;15520277;34445249;35438057;29348145;33234069;11961546;15520277;34445249;36372232;34445249;34818544;11961546;15520277;33234069;10097128;15520277;34445249;33234069;11961546;34445249;35438057;15520277;22972877;11961546;15520277;33234069;34445249;21572392;11961546;15520277;33234069;34445249;11961546;15520277;33234069;34445249;36896912;32576198;11961546;15520277;33234069;34445249;11961546;15520277;10945468;33234069;33692209;25654763;11961546;15520277;34445249;33234069;15520277;33234069;34445249;11961546;23707388;27215384;33234069;11961546;15520277;34445249;35438057;25654763;11961546;35906197;15520277;33234069;34445249;34445249;11961546;33234069;15520277;23452855;11961546;15520277;33234069;34445249;30190310;11961546;15520277;33234069;33692209;34731788;11961546;15520277;33234069;17463251;11961546;15520277;33234069;34445249;23542741;11961546;15520277;33234069;34445249;11961546;34445249;33234069;15520277;15520277;34445249;35414786;15520277;34445249;35414786;10471509;21725316;15520277;34445249;35414786;34368969;24298052;17298674;38008853;15520277;34445249;36395886;15520277;34445249;35982156;34478796;15520277;15520277;20498703;15520277;20498703;10097128;35273593;26171402;15520277;20596027;15520277;34445249;34515398;34445249;15520277;35525855;34445249;15520277;35127719;15520277;33784509;34445249;15520277;35634770;34445249;15520277;27855403;34445249;36261086;34445249;15520277;34445249;31024008;18094045;15520277;34445249;35025031;23263282;15520277;34244497;34445249;28515150;15520277;23478441;34445249;17098746;15520277;24703837;34445249;15520277;34445249;15520277;31646557;34445249;15520277;34445249;15520277;33767426;34445249;15520277;26085330;25582197;32828318;34445249;15520277;34513836;34445249;15520277;31432621;34445249;15520277;23776131;34445249;15520277;36115843;34445249;15520277;36799168;36269678;34445249;15520277;35940557;26124108;34445249;15520277;25944903;18354498;15531760;34178666;34445249;15520277;16797541;34445249;15520277;33842473;35813202;34445249;15520277;34445249;15520277;32101031;35886949;34445249;15520277;35598880;34445249;15520277;36129980;34445249;15520277;36937431;15520277;34445249;33008920;34445249;15520277;30171069;34445249;15520277;35489071;35301243;34445249;15520277
DARS1	P14868	CPX-2469	ECO:0005547	GO:0004823;GO:0004819;GO:0004815;GO:0004827;GO:0004824;GO:0004825;GO:0004814;GO:0004822;GO:0006418;GO:0005737;GO:0004818;GO:0017101					R-HSA-379688	19131329;32644155		11688;20121;19649;20792;23540;14305;20301;13481;11060
EPRS1	P07814	CPX-2469;CPX-2476	ECO:0005547	GO:0004823;GO:0004819;GO:0004815;GO:0004827;GO:0004824;GO:0004825;GO:0004814;GO:0004822;GO:0006418;GO:0005737;GO:0004818;GO:0017101;GO:0097452;GO:1901194;GO:0003730					R-HSA-379688	19131329;32644155;29152905;15479637;22386318		11688;20121;19649;20792;23540;14305;20301;13481;11060
FARSA	Q9Y285	CPX-2208	ECO:0000353	GO:0000049;GO:0005524;GO:0004826;GO:0006432;GO:0009328;GO:0005737				EBI-15842069		20223217		19413		MONDO:0100215
FARSB	Q9NSD9	CPX-2208	ECO:0000353	GO:0000049;GO:0005524;GO:0004826;GO:0006432;GO:0009328;GO:0005737				EBI-15842069		20223217		19413		MONDO:0100215
FXN	Q16595	CPX-5641	ECO:0005547	GO:1990229;GO:0005739;GO:0031071;GO:0004322;GO:0016226		CHEBI:597326			R-HSA-1362404	29219157;27519411;34199378;29097656		43892;11148
GAPDH	P04406	CPX-2476	ECO:0005547	GO:0097452;GO:1901194;GO:0003730						29152905;15479637;22386318
GCLC	P48506	CPX-2865	ECO:0000353	GO:0004357;GO:0016595;GO:0005524;GO:0006750;GO:0017109				EBI-28996567	R-HSA-174377	9841880;9675072		13285		MONDO:0009259
GCLM	P48507	CPX-2865	ECO:0000353	GO:0004357;GO:0016595;GO:0005524;GO:0006750;GO:0017109				EBI-28996567	R-HSA-174377	9841880;9675072		13285		MONDO:0009259
GMPR2	Q9P2T1	CPX-2154	ECO:0000353	GO:0003920;GO:0006201;GO:0070402;GO:0006179;GO:1902560;GO:0019002				EBI-9005496	R-HSA-514630
GSK3A	P49840	CPX-107;CPX-441;CPX-442;CPX-443	ECO:0005547	GO:0004674;GO:0043161;GO:0030877;GO:0008013;GO:0043161;GO:0004674;GO:0008013;GO:0030877;GO:0004674;GO:0043161;GO:0008013;GO:0030877;GO:0030877;GO:0004674;GO:0008013;GO:0043161						23169527;25200911;25200911;23169527		17989;46608;46608;17989
GUCY1A1	Q02108	CPX-928	ECO:0000353	GO:0038060;GO:0004383;GO:0008074		CHEBI:30413		EBI-10949659	R-HSA-392012	2466984;23505436;36972843		13665
GUCY1B1	Q02153	CPX-2860;CPX-928	ECO:0005546;ECO:0000353	GO:0038060;GO:0004383;GO:0008074		CHEBI:30413		EBI-10949659	R-HSA-392012	23505436;2466984;2466984;23505436;36972843		13665
HBA	P69905	CPX-2158;CPX-2419;CPX-2927;CPX-2932;CPX-2933	ECO:0000353;ECO:0005546	GO:0005344;GO:0015670;GO:0015671;GO:0030185;GO:0005833;GO:0070026;GO:0019825;GO:1902670;GO:0005833;GO:0015670;GO:0019825;GO:0005344;GO:1902670;GO:0015671;GO:0005344;GO:0015670;GO:0015671;GO:0005833;GO:0019825;GO:1902670;GO:0005833;GO:1902670;GO:0019825;GO:0005344;GO:0015670;GO:0015671;GO:0005344;GO:0015670;GO:0015671;GO:0005833;GO:1902670;GO:0019825		CHEBI:30413		EBI-1029796;EBI-9207629;EBI-8660961	R-HSA-2168856;R-HSA-2168866;R-HSA-1237312;R-HSA-1237320	16765986;7518430;8292032;15449937;11307949;9665850;11159543;7543751;19740759;19740759;881729				MONDO:0007705;MONDO:0018749;MONDO:0019402;MONDO:0016487;MONDO:0016486;MONDO:0011382;MONDO:0011399;MONDO:0013512;MONDO:0015579;MONDO:0013512;MONDO:0011399;MONDO:0007705;MONDO:0011399;MONDO:0007705;MONDO:0018749;MONDO:0011399;MONDO:0018749;MONDO:0007705;MONDO:0011399;MONDO:0017238
HBB	P68871	CPX-2158;CPX-2929;CPX-2936	ECO:0000353	GO:0005344;GO:0015670;GO:0015671;GO:0030185;GO:0005833;GO:0070026;GO:0019825;GO:1902670;GO:1902670;GO:0019825;GO:0005344;GO:0015670;GO:0015671;GO:0005833;GO:0005344;GO:0019825;GO:1902670;GO:0005833;GO:0015670;GO:0015671		CHEBI:30413		EBI-1029796;EBI-9207641	R-HSA-2168856;R-HSA-2168866;R-HSA-1237312;R-HSA-1237320	16765986;7518430;8292032;24100324;11159543;6539334;19740759;8114097;19740759;10080899				MONDO:0007705;MONDO:0018749;MONDO:0019402;MONDO:0016487;MONDO:0016486;MONDO:0011382;MONDO:0011399;MONDO:0013512;MONDO:0015579;MONDO:0007705;MONDO:0018749;MONDO:0019402;MONDO:0016487;MONDO:0016486;MONDO:0011382;MONDO:0007705;MONDO:0018749;MONDO:0011382;MONDO:0019402;MONDO:0016487;MONDO:0016486
HBD	P02042	CPX-2419	ECO:0000353	GO:0005833;GO:0015670;GO:0019825;GO:0005344;GO:1902670;GO:0015671		CHEBI:30413				15449937;11307949				MONDO:0013512;MONDO:0011399
HBE1	P02100	CPX-2927;CPX-2928	ECO:0000353	GO:0005344;GO:0015670;GO:0015671;GO:0005833;GO:0019825;GO:1902670		CHEBI:30413		EBI-9207629;EBI-9207586		9665850;11159543;7543751;19740759;11159543;7543751;19740759;9665850				MONDO:0007705;MONDO:0011399
HBG1	P69891	CPX-2930;CPX-2932;CPX-2934	ECO:0000353;ECO:0005546	GO:1902670;GO:0019825;GO:0005344;GO:0015670;GO:0015671;GO:0005833;GO:0005833;GO:1902670;GO:0019825;GO:0005344;GO:0015670;GO:0015671;GO:0005833		CHEBI:30413		EBI-9208365		11159543;7543751;19740759;6683087;19740759;881729;11514664			orphanet:46532	MONDO:0007705;MONDO:0018749;MONDO:0011399
HBG2	P69892	CPX-2931;CPX-2933	ECO:0000353	GO:0005344;GO:0015670;GO:0015671;GO:0005833;GO:1902670;GO:0019825		CHEBI:30413		EBI-9208365;EBI-8660961		11159543;7543751;19740759;6683087;19740759;881729				MONDO:0017238;MONDO:0018749;MONDO:0018749;MONDO:0007705;MONDO:0011399;MONDO:0017238
HBZ	P02008	CPX-2928;CPX-2929;CPX-2930;CPX-2931	ECO:0000353	GO:0005344;GO:0015670;GO:0015671;GO:0005833;GO:0019825;GO:1902670;GO:1902670;GO:0019825;GO:0005344;GO:0015670;GO:0015671;GO:0005833;GO:0005344;GO:0015670;GO:0015671;GO:0005833;GO:1902670;GO:0019825		CHEBI:30413		EBI-9207586;EBI-9207641;EBI-9208365		11159543;7543751;19740759;9665850;24100324;11159543;6539334;19740759;11159543;7543751;19740759;6683087			orphanet:46532	MONDO:0007705;MONDO:0018749;MONDO:0019402;MONDO:0016487;MONDO:0016486;MONDO:0011382;MONDO:0017238;MONDO:0018749
HEXA	P06865	CPX-502;CPX-687	ECO:0000353;ECO:0005546	GO:1905379;GO:0043202;GO:0030203;GO:0004563				EBI-12592751	R-HSA-1605656	16698036;25645918;11707436;6458607		48276;47940;47968;64372;64384;64384;64372;47968;47940;48276		MONDO:0010100;MONDO:0010006;MONDO:0017720
HEXB	P07686	CPX-502;CPX-686	ECO:0000353	GO:1905379;GO:0043202;GO:0030203;GO:0004563			1o7a	EBI-12592751	R-HSA-1605656;R-HSA-1605749	16698036;25645918;11707436;6458607;12706724;6458607		48276;47940;47968;64372;64384		MONDO:0010100;MONDO:0010006;MONDO:0017720;MONDO:0010006
HSP90AA1	P07900	CPX-3288	ECO:0000353	GO:1990565;GO:0022417;GO:0045859;GO:0032435;GO:0019887				EBI-9371424		19387550;18359116
HSPA8	P11142	CPX-5824	ECO:0000353	GO:0036002;GO:0005681;GO:0000974;GO:0000398				EBI-26973677		20176811;23742842;26381213
IARS1	P41252	CPX-2469	ECO:0005547	GO:0004823;GO:0004819;GO:0004815;GO:0004827;GO:0004824;GO:0004825;GO:0004814;GO:0004822;GO:0006418;GO:0005737;GO:0004818;GO:0017101					R-HSA-379688	19131329;32644155		11688;20121;19649;20792;23540;14305;20301;13481;11060
KARS1	Q15046	CPX-2469	ECO:0005547	GO:0004823;GO:0004819;GO:0004815;GO:0004827;GO:0004824;GO:0004825;GO:0004814;GO:0004822;GO:0006418;GO:0005737;GO:0004818;GO:0017101					R-HSA-379688	19131329;32644155		11688;20121;19649;20792;23540;14305;20301;13481;11060
LARS1	Q9P2J5	CPX-2469	ECO:0005547	GO:0004823;GO:0004819;GO:0004815;GO:0004827;GO:0004824;GO:0004825;GO:0004814;GO:0004822;GO:0006418;GO:0005737;GO:0004818;GO:0017101					R-HSA-379688	19131329;32644155		11688;20121;19649;20792;23540;14305;20301;13481;11060
LDHA	P00338	CPX-6573;CPX-6592;CPX-6594;CPX-6598	ECO:0000353;ECO:0005546	GO:0004459;GO:0006090;GO:0006089;GO:1990204			4l4r		R-HSA-70508;R-HSA-70504;R-HSA-70513;R-HSA-70506	24816116;15117937;33505966;31146503		23444		MONDO:0016527
LDHB	P07195	CPX-6592;CPX-6594;CPX-6598;CPX-6599	ECO:0005546;ECO:0000353	GO:0004459;GO:0006090;GO:0006089;GO:1990204				EBI-24436564	R-HSA-70504;R-HSA-70513;R-HSA-70506;R-HSA-70516	24816116;15117937;33505966;31146503		23444		MONDO:0016527
MARS1	P56192	CPX-2469	ECO:0005547	GO:0004823;GO:0004819;GO:0004815;GO:0004827;GO:0004824;GO:0004825;GO:0004814;GO:0004822;GO:0006418;GO:0005737;GO:0004818;GO:0017101					R-HSA-379688	19131329;32644155		11688;20121;19649;20792;23540;14305;20301;13481;11060
MAT2A	P31153	CPX-948	ECO:0000353	GO:0048269;GO:0006556;GO:0004478;GO:0005524				EBI-10624876	R-HSA-353576	25075345		21080
MAT2B	Q9NZL9	CPX-948	ECO:0000353	GO:0048269;GO:0006556;GO:0004478;GO:0005524				EBI-10624876	R-HSA-353576	25075345		21080
MDH1	P40925	CPX-7142	ECO:0000353	GO:0006734;GO:0030060;GO:0004736;GO:0008948;GO:0006739;GO:0005737				EBI-27104332		34547241		20844;21432;18253
ME1	P48163	CPX-7142	ECO:0000353	GO:0006734;GO:0030060;GO:0004736;GO:0008948;GO:0006739;GO:0005737				EBI-27104332		34547241		20844;21432;18253
OGT	O15294	CPX-3323;CPX-809	ECO:0005547	GO:0042393;GO:1902459;GO:0003700;GO:0070822;GO:0005634;GO:1902455;GO:0030512;GO:0030336;GO:0000122;GO:0004407;GO:0043996;GO:0043995;GO:0044016;GO:0045893;GO:0001046;GO:0044545;GO:0042800;GO:0046972;GO:0043997					R-HSA-3321855	11238380;14559996;20142042;24189169;33800128;24788516;25971333;24244196;20018852		58196;45948
PDIA3	P30101	CPX-2375	ECO:0000353	GO:0042605;GO:0002502;GO:0061779				EBI-7172063		14732712
PFKL	P17858	CPX-1998;CPX-2000;CPX-2001;CPX-2002	ECO:0000353	GO:0005945;GO:0003872;GO:0006096				EBI-514784;EBI-514807;EBI-514812;EBI-514817	R-HSA-70465;R-HSA-70461;R-HSA-70463;R-HSA-71475	11949936
PFKM	P08237	CPX-1997;CPX-2000;CPX-2001;CPX-2002	ECO:0000353	GO:0005945;GO:0003872;GO:0006096				EBI-514822;EBI-514807;EBI-514812;EBI-514817	R-HSA-71483;R-HSA-70461;R-HSA-70463;R-HSA-71475	11949936				MONDO:0009295
PFKP	Q01813	CPX-1999	ECO:0000353	GO:0005945;GO:0003872;GO:0006096				EBI-514822	R-HSA-71453	11949936
PIK3C3	Q8NEB9	CPX-73;CPX-74	ECO:0000353	GO:0016303;GO:0005524;GO:0097352;GO:0036092;GO:0045022;GO:0016241;GO:0006622;GO:0035032;GO:0010506;GO:0016303;GO:0005524;GO:0036092;GO:0035032		CHEBI:29035		EBI-10688703;EBI-10688923	R-HSA-74693;R-HSA-188015	16467569		12709
PKLR	P30613	CPX-3094;CPX-3095	ECO:0000353	GO:0004743;GO:0006096;GO:1902912		CHEBI:28013	4ima;2vgb			23270483		18157	orphanet:766		MIM:102900;MIM:266200
PKM	P14618	CPX-3057;CPX-3058;CPX-3093	ECO:0005547;ECO:0000353	GO:0006468;GO:0001934;GO:0004672;GO:0045860;GO:1990360;GO:0004743;GO:0006096;GO:1990361;GO:0004743;GO:0006096;GO:1902912		CHEBI:28013		EBI-9351780;EBI-16017283		24508027;23576436;22922757
PRKAA1	Q13131	CPX-5633;CPX-5786;CPX-5791;CPX-5841;CPX-5842;CPX-5846	ECO:0000353;ECO:0005546	GO:0004679;GO:0031669;GO:0005524;GO:0031588;GO:0016208;GO:0047322;GO:0004679;GO:0005524;GO:0031588;GO:0016208			6c9h;4rer		R-HSA-380961;R-HSA-6805467;R-HSA-6805467;R-HSA-380961	30423971;17038425;25412657;30423971;25412657;30423971		17989;46608;20333;23172;12801;53904;12801;17989;20333;23172;46608;53904;46608
PRKAB1	Q9Y478	CPX-5633;CPX-5786;CPX-5787;CPX-5842;CPX-5843;CPX-5844	ECO:0000353;ECO:0005546	GO:0004679;GO:0031669;GO:0005524;GO:0031588;GO:0016208;GO:0047322;GO:0004679;GO:0031669;GO:0005524;GO:0031588;GO:0016208;GO:0047322;GO:0005634;GO:0004679;GO:0005524;GO:0031588;GO:0016208			6c9h;5iso		R-HSA-380961;R-HSA-6805467;R-HSA-6805467;R-HSA-380961	30423971;25412657;30423971		17989;46608;20333;23172;12801;53904;12801;17989;20333;23172;46608;53904;17989;46608;20333;23172;46608
PRKAG1	P54619	CPX-5633;CPX-5787;CPX-5790;CPX-5791	ECO:0000353	GO:0004679;GO:0031669;GO:0005524;GO:0031588;GO:0016208;GO:0047322;GO:0004679;GO:0031669;GO:0005524;GO:0031588;GO:0016208;GO:0047322;GO:0005634			6c9h;5iso;6b2e;4rer		R-HSA-380961;R-HSA-6805467;R-HSA-6805467;R-HSA-380961	30423971;17038425;29657085;30423971;17038425;25412657;30423971		17989;46608;20333;23172;12801;53904;17989;46608;20333;23172;17989;20333;23172;46608;12801;17989;20333;23172;46608;53904
PRKCI	P41743	CPX-6183;CPX-6193;CPX-6194	ECO:0000353;ECO:0005546	GO:0070160;GO:0120157;GO:0004674;GO:0045197				EBI-286254	R-HSA-419976;R-HSA-419984	18005931		17989;46608
PRKCZ	Q05513	CPX-6195;CPX-6196;CPX-6197	ECO:0005546	GO:0070160;GO:0120157;GO:0004674;GO:0045197					R-HSA-419976;R-HSA-419984	18005931		17989;46608
PRMT5	O14744	CPX-696;CPX-8148;CPX-8149	ECO:0005547;ECO:0000353	GO:0005634;GO:0034709;GO:0008276;GO:0048026;GO:0000387;GO:2000234;GO:0005737;GO:0034709;GO:0008276;GO:0034709;GO:2000234;GO:0008276				EBI-12595199;EBI-10104289	R-HSA-191849	34358446;21081503;11756452;21081503;34358446;21081503;34358446;33624332		48108
PTEN	P60484	CPX-3153	ECO:0000353	GO:1990455;GO:0048015;GO:0046856;GO:0016314;GO:0051717;GO:0051800;GO:0004438;GO:0005547;GO:0032266;GO:0043325;GO:0043533				EBI-9637178
QARS1	P47897	CPX-2469	ECO:0005547	GO:0004823;GO:0004819;GO:0004815;GO:0004827;GO:0004824;GO:0004825;GO:0004814;GO:0004822;GO:0006418;GO:0005737;GO:0004818;GO:0017101					R-HSA-379688	19131329;32644155		11688;20121;19649;20792;23540;14305;20301;13481;11060
RAC1	P63000	CPX-1017	ECO:0005547	GO:0043020;GO:0016175;GO:0045730;GO:0005886		CHEBI:37565;CHEBI:57692				27048830;24598074;16326715		19669
RARS1	P54136	CPX-2469	ECO:0005547	GO:0004823;GO:0004819;GO:0004815;GO:0004827;GO:0004824;GO:0004825;GO:0004814;GO:0004822;GO:0006418;GO:0005737;GO:0004818;GO:0017101					R-HSA-379688	19131329;32644155		11688;20121;19649;20792;23540;14305;20301;13481;11060
RBX1	P62877	CPX-2214;CPX-2217;CPX-2218;CPX-2219;CPX-2220;CPX-2221;CPX-2222;CPX-2223;CPX-2226;CPX-2228;CPX-2229;CPX-2239;CPX-2241;CPX-2250;CPX-2319;CPX-2343;CPX-2365;CPX-2399;CPX-2403;CPX-2404;CPX-2405;CPX-2406;CPX-2407;CPX-2411;CPX-2412;CPX-2413;CPX-2414;CPX-2415;CPX-2416;CPX-2438;CPX-2489;CPX-2492;CPX-2512;CPX-2516;CPX-2538;CPX-2553;CPX-2554;CPX-2658;CPX-2683;CPX-2748;CPX-2757;CPX-2758;CPX-2759;CPX-2762;CPX-2765;CPX-2766;CPX-2769;CPX-2770;CPX-2773;CPX-2777;CPX-2778;CPX-2782;CPX-2783;CPX-2784;CPX-2785;CPX-2786;CPX-2787;CPX-2795;CPX-2797;CPX-2799;CPX-2804;CPX-2809;CPX-2816;CPX-2817;CPX-2818;CPX-2819;CPX-2832;CPX-2859;CPX-2873;CPX-3291;CPX-3292;CPX-3295;CPX-477;CPX-648;CPX-7747;CPX-7761;CPX-7762;CPX-7763;CPX-7784;CPX-7785;CPX-7786;CPX-7821;CPX-7822;CPX-7846;CPX-7847;CPX-7881;CPX-7882;CPX-7904;CPX-7905;CPX-7906;CPX-7921;CPX-7922;CPX-7923;CPX-7924;CPX-7925;CPX-7926;CPX-7927;CPX-7928;CPX-7929;CPX-7930;CPX-7962;CPX-7963;CPX-7965;CPX-7966;CPX-7967;CPX-7968;CPX-7971;CPX-7972;CPX-7973;CPX-7975;CPX-7976;CPX-7977;CPX-7979;CPX-7981;CPX-7982;CPX-7983;CPX-8002;CPX-8003;CPX-8005;CPX-8006;CPX-8007;CPX-8025;CPX-8041;CPX-8061;CPX-8063;CPX-8064;CPX-8083;CPX-8084;CPX-8085;CPX-8087;CPX-8088;CPX-8089;CPX-8090;CPX-8091;CPX-8097;CPX-8102;CPX-8103;CPX-8106;CPX-8107;CPX-8108;CPX-8109;CPX-8110;CPX-8122;CPX-8123;CPX-8125;CPX-8126;CPX-8130;CPX-8131;CPX-8135;CPX-8147;CPX-8150;CPX-8151;CPX-8201;CPX-8202;CPX-8221;CPX-8222;CPX-8241;CPX-8242;CPX-8261;CPX-8262;CPX-8263	ECO:0005547;ECO:0000353;ECO:0005546;ECO:0005543	GO:0031462;GO:0061630;GO:2000104;GO:0031462;GO:0061630;GO:0140627;GO:0031462;GO:0140627;GO:0061630;GO:0031462;GO:0061630;GO:0043161;GO:0031462;GO:0043161;GO:0061630;GO:0031462;GO:0061630;GO:0140627;GO:1990116;GO:0140627;GO:0031462;GO:0061630;GO:0031146;GO:0043130;GO:0019005;GO:0061630;GO:0006879;GO:0019005;GO:0031146;GO:0043130;GO:0061630;GO:0010824;GO:0031462;GO:0061630;GO:0000122;GO:0006355;GO:0019005;GO:0031146;GO:0043130;GO:0061630;GO:0019005;GO:0031146;GO:0043130;GO:0061630;GO:0019005;GO:0031146;GO:0043130;GO:0061630;GO:0010564;GO:0031464;GO:0061630;GO:0043130;GO:0040029;GO:0045995;GO:0031464;GO:0043130;GO:0061630;GO:1902412;GO:0080135;GO:1902412;GO:0080135;GO:0043130;GO:0061630;GO:0031465;GO:0010506;GO:0042127;GO:0031464;GO:0043130;GO:0061630;GO:0060964;GO:0031465;GO:0043130;GO:0061630;GO:0010506;GO:0042127;GO:0060964;GO:0031465;GO:0040029;GO:0043130;GO:0045995;GO:0061630;GO:0031297;GO:0003688;GO:0031464;GO:0043130;GO:0061630;GO:0040029;GO:0031464;GO:0043130;GO:0061630;GO:0040029;GO:0031465;GO:0061630;GO:0043130;GO:0031464;GO:0043130;GO:0061630;GO:0007283;GO:0007283;GO:0031465;GO:0043130;GO:0061630;GO:0031146;GO:0043130;GO:0019005;GO:0061630;GO:0019005;GO:0043130;GO:0061630;GO:0031146;GO:0030510;GO:0019005;GO:0031146;GO:0043130;GO:0061630;GO:1901524;GO:0031146;GO:0019005;GO:0043130;GO:0061630;GO:0043130;GO:0061630;GO:0031146;GO:0019005;GO:0031146;GO:0043130;GO:0061630;GO:0042981;GO:0019005;GO:0031146;GO:0043130;GO:0061630;GO:0051726;GO:0042981;GO:0019005;GO:0031146;GO:0043130;GO:0061630;GO:0043130;GO:0031146;GO:0019005;GO:0042752;GO:0061630;GO:0031464;GO:0061630;GO:0043130;GO:0000109;GO:0006289;GO:0031465;GO:0000109;GO:0043130;GO:0061630;GO:0006289;GO:0031464;GO:0043130;GO:0061630;GO:0043130;GO:0061630;GO:0031465;GO:0061630;GO:0043130;GO:0031465;GO:0032814;GO:0061630;GO:0043130;GO:0032814;GO:0031464;GO:0031465;GO:0043130;GO:0061630;GO:0019005;GO:0031146;GO:0043130;GO:0061630;GO:0014033;GO:0030174;GO:0031465;GO:0043130;GO:0061630;GO:1901987;GO:0031465;GO:0043130;GO:0061630;GO:1901987;GO:0031464;GO:0043130;GO:0061630;GO:2000036;GO:0031465;GO:0043130;GO:0061630;GO:2000036;GO:0031464;GO:0043130;GO:0061630;GO:1904178;GO:0030174;GO:0043130;GO:0061630;GO:1901987;GO:0031464;GO:0061630;GO:1901987;GO:0043130;GO:0031464;GO:0031464;GO:0061630;GO:0043130;GO:0008283;GO:0031465;GO:0043130;GO:0061630;GO:1904178;GO:0031465;GO:0043130;GO:0061630;GO:0040029;GO:0043130;GO:0061630;GO:0042981;GO:0031464;GO:0040029;GO:0043130;GO:0061630;GO:0031464;GO:0042981;GO:0031465;GO:0043130;GO:0061630;GO:0008283;GO:0043130;GO:0061630;GO:0031465;GO:0043130;GO:0031146;GO:0019005;GO:0061630;GO:0042752;GO:0019005;GO:0043130;GO:0061630;GO:0031146;GO:0050727;GO:0043130;GO:0031146;GO:0019005;GO:0061630;GO:0031146;GO:0019005;GO:0061630;GO:0043130;GO:0000082;GO:0031464;GO:0005634;GO:0043130;GO:0006974;GO:0034644;GO:0061630;GO:0003684;GO:0019005;GO:0031146;GO:0010564;GO:0043130;GO:0061630;GO:0019005;GO:0031146;GO:0043130;GO:0061630;GO:0060173;GO:0060271;GO:0051298;GO:0019005;GO:0031146;GO:0043130;GO:0061630;GO:0019005;GO:0031146;GO:0043130;GO:0061630;GO:0007346;GO:1904415;GO:0019005;GO:0031146;GO:0043130;GO:0061630;GO:0019005;GO:0031146;GO:0043130;GO:0061630;GO:0050727;GO:2000001;GO:0019005;GO:0031146;GO:0043130;GO:0061630;GO:0032006;GO:0019005;GO:0031146;GO:0043130;GO:0061630;GO:0061663;GO:0019005;GO:0031146;GO:0043130;GO:0061630;GO:0043130;GO:0061630;GO:0019005;GO:0031146;GO:0031146;GO:0043130;GO:0061630;GO:0019005;GO:0031463;GO:0061630;GO:0043161;GO:0043130;GO:0031463;GO:0043161;GO:0061630;GO:0043130			7OKQ	EBI-2659440;EBI-2659471;EBI-7062335;EBI-46418605;EBI-2660468;EBI-6946629;EBI-44439349;EBI-15528504;EBI-1168068;EBI-46445632;EBI-55023332	R-HSA-8863158;R-HSA-8863196;R-HSA-976093;R-HSA-976149;R-HSA-6781841;R-HSA-5655461;R-HSA-976118;R-HSA-976101	27222660;15601820;34700328;22649776;27222660;33398168;22649776;32627813;29779948;15601820;33398168;33398170;27222660;22649776;29779948;32627813;22649776;31273098;34214466;27222660;35978186;27222660;32627813;22649776;27222660;31273098;34214466;22649776;32627813;29779948;33909987;22649776;27222660;22649776;29779948;32627813;27222660;22649776;34743205;21822215;23460923;27222660;22649776;34445249;19762597;33234069;11961546;15520277;11961546;15520277;34445249;35438057;29348145;28591624;22649776;27222660;15601820;25661653;33234069;11961546;15520277;34445249;36372232;34445249;34818544;11961546;15520277;33234069;10097128;15520277;34445249;16949367;30111536;16949367;34758320;31586112;16949367;31586112;34758320;32627813;31267705;33869224;34065512;16949367;16949367;31267705;32627813;33869224;34065512;30111536;16949367;16949367;33503431;30018425;34720086;33636084;16949367;16949367;29907856;33234069;11961546;34445249;35438057;15520277;22972877;11961546;15520277;33234069;34445249;21572392;11961546;15520277;33234069;34445249;11961546;15520277;33234069;34445249;36896912;32576198;11961546;15520277;33234069;34445249;11961546;15520277;10945468;33234069;33692209;25654763;11961546;15520277;34445249;33234069;15520277;33234069;34445249;11961546;23707388;27215384;33234069;11961546;15520277;34445249;35438057;25654763;11961546;35906197;15520277;33234069;34445249;34445249;11961546;33234069;15520277;23452855;22118460;12732143;22118460;35101445;34553266;25108355;25108355;34553266;31693911;30564455;31693891;31693891;34595758;11961546;15520277;33234069;34445249;30190310;16861906;19332548;34068957;25499913;33854239;30442713;29691401;29691401;30442713;28212551;15784617;16949367;19966799;16949367;27113764;34068957;16861906;19332548;19966799;30945288;15784617;28212551;16949367;27113764;19966799;16949367;34429321;33288900;16949367;33898171;19966799;16949367;33288900;34429321;33898171;16949367;11961546;15520277;33234069;33692209;34731788;11961546;15520277;33234069;17463251;11961546;15520277;33234069;34445249;23542741;11961546;15520277;33234069;34445249;11961546;34445249;33234069;15520277;15520277;34445249;35414786;15520277;34445249;35414786;10471509;21725316;15520277;34445249;35414786;34368969;24298052;17298674;38008853;15520277;34445249;36395886;15520277;34445249;35982156;34478796;15520277;15520277;20498703;15520277;20498703;10097128;35273593;26171402;15520277;20596027;15520277;34445249;34515398;34445249;15520277;35525855;34445249;15520277;35127719;15520277;33784509;34445249;15520277;35634770;34445249;15520277;27855403;34445249;36261086;34445249;15520277;34445249;31024008;18094045;15520277;34445249;35025031;23263282;15520277;34244497;34445249;28515150;15520277;23478441;34445249;17098746;15520277;24703837;34445249;15520277;34445249;15520277;31646557;34445249;15520277;34445249;15520277;33767426;34445249;15520277;26085330;25582197;32828318;34445249;15520277;34513836;34445249;15520277;31432621;34445249;15520277;23776131;34445249;15520277;36115843;34445249;15520277;36799168;36269678;34445249;15520277;35940557;26124108;34445249;15520277;25944903;18354498;15531760;34178666;34445249;15520277;16797541;34445249;15520277;33842473;35813202;34445249;15520277;34445249;15520277;32101031;35886949;34445249;15520277;35598880;34445249;15520277;36129980;34445249;15520277;36937431;15520277;34445249;33008920;34445249;15520277;30171069;34445249;15520277;35489071;24959344;35580799;29249570;24959344;35580799;29249570;26607111;35580799;24959344;29249570;26607111;37285722;24959344;35580799;29249570;31652307;34838542;24959344;35580799;29249570;16166635;24959344;35580799;29249570;17543862;24959344;35580799;29249570;21828050;37378318;24959344;35580799;29249570;19158078;24959344;35580799;29249570;23349464;35580799;24959344;36652337;29249570;35580799;24959344;17543862;29249570;33199366;35580799;24959344;29249570;29481904;35580799;29249570;24959344;17062563;35580799;24959344;29249570;33681987;35580799;24959344;29249570;15601839;24959344;35580799;29249570;35301243;34445249;15520277;37011832;35580799;24959344;29249570;27641145;35580799;24959344;29249570;19995937;37788672;35580799;24959344;29249570;29769719;36394357;35580799;24959344;29249570;34169920;35580799;24959344;29249570;35066002;35580799;24959344;29249570;34491895;35580799;24959344;29249570;28872460;35580799;24959344;29249570;36504893;24959344;29249570;35580799;35580799;24959344;29249570;33977871;37432316;24959344;29249570;25940086;30986853;24959344;29249570;25940086;32071084;24959344;29249570;25940086			orphanet:238557;orphanet:276261	MONDO:0010306;MONDO:0010213;MONDO:0014326
RNF123	Q5XPI4	CPX-7801	ECO:0000353	GO:0019941;GO:0051726;GO:0000151;GO:0061630;GO:0043130				EBI-1061423		16227581
RUVBL1	Q9Y265	CPX-6143;CPX-6150;CPX-6152;CPX-6153;CPX-846;CPX-974;CPX-978	ECO:0000353;ECO:0005547	GO:0016887;GO:0005524;GO:0044183;GO:0050821;GO:0097255;GO:0005524;GO:0016887;GO:0101031;GO:0044183;GO:0050821;GO:0000987;GO:0001046;GO:0045893;GO:0006275;GO:0008094;GO:0031011;GO:0051726;GO:0033044;GO:0045995;GO:0006282;GO:0000723;GO:0045739;GO:1904507;GO:0006338;GO:0060382;GO:0140658;GO:0000786;GO:0042393;GO:0006338;GO:0140713;GO:0006355;GO:0140658;GO:0010485;GO:0043998;GO:0000786;GO:0005524;GO:0000400;GO:0043138;GO:0042981;GO:0016887;GO:2000779;GO:0035267;GO:0051726;GO:0045893;GO:0001046;GO:1905168				EBI-9821490;EBI-3892074	R-HSA-5689568	31738558;29662061;29844425;31738558;29844425;27257055;25407439;27641337;26340092;24792115;20971067;25016522;23979016;21303910;25176633;15647280;17101442;16634648;27153538;15647280;12963728;14966270	efo_0003060	13065;13065;45948
RUVBL2	Q9Y230	CPX-6143;CPX-6150;CPX-6152;CPX-6153;CPX-846;CPX-974;CPX-978	ECO:0000353;ECO:0005547	GO:0016887;GO:0005524;GO:0044183;GO:0050821;GO:0097255;GO:0005524;GO:0016887;GO:0101031;GO:0044183;GO:0050821;GO:0000987;GO:0001046;GO:0045893;GO:0006275;GO:0008094;GO:0031011;GO:0051726;GO:0033044;GO:0045995;GO:0006282;GO:0000723;GO:0045739;GO:1904507;GO:0006338;GO:0060382;GO:0140658;GO:0000786;GO:0042393;GO:0006338;GO:0140713;GO:0006355;GO:0140658;GO:0010485;GO:0043998;GO:0000786;GO:0005524;GO:0000400;GO:0043138;GO:0042981;GO:0016887;GO:2000779;GO:0035267;GO:0051726;GO:0045893;GO:0001046;GO:1905168				EBI-9821490;EBI-3892074	R-HSA-5689568	31738558;29662061;29844425;31738558;29844425;27257055;25407439;27641337;26340092;24792115;20971067;25016522;23979016;21303910;25176633;15647280;17101442;16634648;27153538;15647280;12963728;14966270	efo_0003060	13065;13065;45948
SKP1	P63208	CPX-2239;CPX-2241;CPX-2272;CPX-2319;CPX-2343;CPX-2354;CPX-2365;CPX-2438;CPX-2489;CPX-2492;CPX-2512;CPX-2516;CPX-2538;CPX-2553;CPX-2554;CPX-2627;CPX-2658;CPX-2683;CPX-2748;CPX-2773;CPX-2832;CPX-2873;CPX-3291;CPX-3292;CPX-3295;CPX-7561;CPX-7747;CPX-7761;CPX-7762;CPX-7763;CPX-7784;CPX-7785;CPX-7786;CPX-7821;CPX-7822;CPX-7846;CPX-7847;CPX-7881;CPX-7882;CPX-7904;CPX-7905;CPX-7906;CPX-7921;CPX-7922;CPX-7923;CPX-7924;CPX-7925;CPX-7926;CPX-7927;CPX-7928;CPX-7929;CPX-7930;CPX-7962;CPX-7963;CPX-7965;CPX-7966;CPX-7967;CPX-7968;CPX-7971;CPX-7972;CPX-7973;CPX-7975;CPX-7976;CPX-7977;CPX-7979;CPX-7981;CPX-7982;CPX-7983;CPX-8002;CPX-8003;CPX-8004;CPX-8005;CPX-8006;CPX-8108	ECO:0000353;ECO:0005546;ECO:0005547	GO:0031146;GO:0043130;GO:0019005;GO:0061630;GO:0006879;GO:0019005;GO:0031146;GO:0043130;GO:0061630;GO:0010824;GO:0000785;GO:0031507;GO:0035102;GO:0045892;GO:0140862;GO:0006355;GO:0019005;GO:0031146;GO:0043130;GO:0061630;GO:0019005;GO:0031146;GO:0043130;GO:0061630;GO:0019005;GO:0031146;GO:0043130;GO:0061630;GO:0010564;GO:0031146;GO:0043130;GO:0019005;GO:0061630;GO:0019005;GO:0043130;GO:0061630;GO:0031146;GO:0030510;GO:0019005;GO:0031146;GO:0043130;GO:0061630;GO:1901524;GO:0031146;GO:0019005;GO:0043130;GO:0061630;GO:0043130;GO:0061630;GO:0031146;GO:0019005;GO:0031146;GO:0043130;GO:0061630;GO:0042981;GO:0019005;GO:0031146;GO:0043130;GO:0061630;GO:0051726;GO:0042981;GO:0019005;GO:0031146;GO:0043130;GO:0061630;GO:0043130;GO:0031146;GO:0019005;GO:0042752;GO:0061630;GO:0019005;GO:0031146;GO:0043130;GO:0061630;GO:0014033;GO:0043130;GO:0031146;GO:0019005;GO:0061630;GO:0042752;GO:0019005;GO:0043130;GO:0061630;GO:0031146;GO:0050727;GO:0043130;GO:0031146;GO:0019005;GO:0061630;GO:0031146;GO:0019005;GO:0061630;GO:0043130;GO:0000082;GO:0019005;GO:0031146;GO:0010564;GO:0043130;GO:0061630;GO:0019005;GO:0031146;GO:0043130;GO:0061630;GO:0060173;GO:0060271;GO:0051298;GO:0019005;GO:0031146;GO:0043130;GO:0061630;GO:0019005;GO:0031146;GO:0043130;GO:0061630;GO:0007346;GO:1904415;GO:0019005;GO:0031146;GO:0043130;GO:0061630;GO:0019005;GO:0031146;GO:0043130;GO:0061630;GO:0050727;GO:2000001;GO:0019005;GO:0031146;GO:0043130;GO:0061630;GO:0032006;GO:0019005;GO:0031146;GO:0043130;GO:0061630;GO:0061663;GO:0019005;GO:0031146;GO:0043130;GO:0061630;GO:0043130;GO:0061630;GO:0019005;GO:0031146;GO:0031146;GO:0043130;GO:0061630;GO:0019005;GO:0051124;GO:0043161;GO:0000151;GO:0043130;GO:0061630				EBI-46418605;EBI-6946629;EBI-44439349;EBI-15528504;EBI-1168068;EBI-46445632		34445249;19762597;33234069;11961546;15520277;11961546;15520277;34445249;35438057;29348145;22325352;27568929;33202645;34680880;33234069;11961546;15520277;34445249;36372232;34445249;34818544;11961546;15520277;33234069;10097128;15520277;34445249;33234069;11961546;34445249;35438057;15520277;22972877;11961546;15520277;33234069;34445249;21572392;11961546;15520277;33234069;34445249;11961546;15520277;33234069;34445249;36896912;32576198;11961546;15520277;33234069;34445249;11961546;15520277;10945468;33234069;33692209;25654763;11961546;15520277;34445249;33234069;15520277;33234069;34445249;11961546;33202645;22325352;27568929;34680880;23707388;27215384;33234069;11961546;15520277;34445249;35438057;25654763;11961546;35906197;15520277;33234069;34445249;34445249;11961546;33234069;15520277;23452855;11961546;15520277;33234069;34445249;30190310;11961546;15520277;33234069;33692209;34731788;11961546;15520277;33234069;17463251;11961546;15520277;33234069;34445249;23542741;11961546;15520277;33234069;34445249;11961546;34445249;33234069;15520277;27568929;33202645;34680880;22325352;15520277;34445249;35414786;15520277;34445249;35414786;10471509;21725316;15520277;34445249;35414786;34368969;24298052;17298674;38008853;15520277;34445249;36395886;15520277;34445249;35982156;34478796;15520277;15520277;20498703;15520277;20498703;10097128;35273593;26171402;15520277;20596027;15520277;34445249;34515398;34445249;15520277;35525855;34445249;15520277;35127719;15520277;33784509;34445249;15520277;35634770;34445249;15520277;27855403;34445249;36261086;34445249;15520277;34445249;31024008;18094045;15520277;34445249;35025031;23263282;15520277;34244497;34445249;28515150;15520277;23478441;34445249;17098746;15520277;24703837;34445249;15520277;34445249;15520277;31646557;34445249;15520277;34445249;15520277;33767426;34445249;15520277;26085330;25582197;32828318;34445249;15520277;34513836;34445249;15520277;31432621;34445249;15520277;23776131;34445249;15520277;36115843;34445249;15520277;36799168;36269678;34445249;15520277;35940557;26124108;34445249;15520277;25944903;18354498;15531760;34178666;34445249;15520277;16797541;34445249;15520277;33842473;35813202;34445249;15520277;34445249;15520277;32101031;35886949;34445249;15520277;35598880;34445249;15520277;36129980;34445249;15520277;36937431;15520277;34445249;33008920;34445249;15520277;29997255;34445249;15520277;30171069;34445249;15520277;35489071;35301243;34445249;15520277
SLC2A1	P11166	CPX-3111	ECO:0000353	GO:0005536;GO:1904659;GO:1990350;GO:0005355				EBI-959434	R-HSA-70400;R-HSA-5653881	15449578;1429721		60376		MONDO:0012805;MONDO:0010983;MONDO:0011724
SLC3A2	P08195	CPX-8185;CPX-8186;CPX-8187;CPX-8188;CPX-8189;CPX-8190	ECO:0000353;ECO:0005546;ECO:0005547	GO:1902495;GO:0015175;GO:0089718;GO:0150104;GO:1902495;GO:0015175;GO:0089718;GO:1902495;GO:0089718;GO:0015327				EBI-21300370;EBI-24541536;EBI-46442610;EBI-48415172	R-HSA-352221;R-HSA-352162;R-HSA-379424;R-HSA-379421	30867591;33758168;33758168;36310334;9878049;36830670;23940088;11311135;10903140;36830670;23940088;11311135;10863037;36830670;10734121;11417227;36830670;34880232		27950;70947;72807;73011;70943;29703;68572;70939;71823;71811;71819;27950;29703;68572;70939;70943;70947;71811;71819;71823;73011;72807;70831;74971;74963;74019;74023;74027;74031;74063;74035;74039;74047;74043;74059;74055;74051;74299;29455;70995;74567;71191
SLC7A5	Q01650	CPX-8185	ECO:0000353	GO:1902495;GO:0015175;GO:0089718;GO:0150104				EBI-21300370	R-HSA-352221	30867591;33758168		27950;70947;72807;73011;70943;29703;68572;70939;71823;71811;71819
SLC7A6	Q92536	CPX-8188	ECO:0005546	GO:1902495;GO:0015175;GO:0089718					R-HSA-379421	10903140;36830670;23940088;11311135
SOD1	P00441	CPX-2897	ECO:0000353	GO:0004784;GO:0019430;GO:1902693		CHEBI:29036;CHEBI:29105		EBI-8545323						MONDO:0004976
SPTLC1	O15269	CPX-6663;CPX-6664;CPX-6665;CPX-6681	ECO:0000353;ECO:0005546	GO:0005789;GO:0004758;GO:0017059;GO:0046512		CHEBI:597326		EBI-26963993;EBI-15778074	R-HSA-428140;R-HSA-428177	33558761;19416851;19648650;33558761;19416851		14761;14761;33683;35679;35675;14761;14761;33683;35675;35679		MONDO:0018213
SPTLC2	O15270	CPX-6663;CPX-6664	ECO:0000353;ECO:0005546	GO:0005789;GO:0004758;GO:0017059;GO:0046512		CHEBI:597326		EBI-26963993	R-HSA-428140	33558761;19416851		14761;14761;33683		MONDO:0018213
STK11	Q15831	CPX-2431;CPX-2845;CPX-2868;CPX-2869	ECO:0005546;ECO:0000353	GO:0004674;GO:0005737;GO:1902554;GO:0005737;GO:0004674;GO:1902554				EBI-16181998	R-HSA-380967	19892943		17989;46608		MONDO:0008280
TMEM30A	Q9NV96	CPX-6282;CPX-6285;CPX-6301;CPX-6302;CPX-6304;CPX-6305;CPX-6307;CPX-6308;CPX-6309;CPX-6310;CPX-6311;CPX-6312	ECO:0000353;ECO:0005546	GO:0005886;GO:0005524;GO:0016887;GO:1990531;GO:0140345;GO:0005886;GO:0005524;GO:0016887;GO:1990531;GO:0140346;GO:0016020;GO:0005524;GO:0016887;GO:1990531;GO:0140333;GO:0140327;GO:0005886;GO:0140327;GO:0005524;GO:0016887;GO:1990531;GO:0005886;GO:0005524;GO:0016887;GO:1990531;GO:0140345;GO:0140351;GO:0016020;GO:0005524;GO:0016887;GO:1990531;GO:0031902;GO:0140345;GO:0140351;GO:0005886;GO:0005524;GO:0016887;GO:1990531;GO:0140351;GO:0005886;GO:0005524;GO:0016887;GO:1990531;GO:0140346;GO:0090555;GO:0016020;GO:0005524;GO:0016887;GO:1990531;GO:0031901;GO:0140327				EBI-26441578;EBI-25507980;EBI-9539361;EBI-9527233;EBI-9527124;EBI-26444362;EBI-26444523;EBI-26444569;EBI-26444585;EBI-26444292;EBI-25508137		27458383;20961850;26567335;30509129;25315773;27458383;31416931;20961850;30509129;25315773;26567335;27458383;21454556;20961850;20947505;26567335;25315773;27458383;20961850;30509129;26567335;25315773;27458383;20961850;30509129;25947375;30530492;26567335;27458383;20961850;30509129;26567335;32172343;25947375;27458383;20961850;30509129;26567335;30530492;25947375;30509129;27458383;26567335;20961850;25315773;27458383;26567335;20961850;30509129;25315773;31571211;25947375;27458383;26567335;20961850;30509129;25315773;21914794		38567	orphanet:1766	MONDO:0008892;MONDO:0009469
UBAC1	Q9BSL1	CPX-7801	ECO:0000353	GO:0019941;GO:0051726;GO:0000151;GO:0061630;GO:0043130				EBI-1061423		16227581
VCP	P55072	CPX-137;CPX-262;CPX-8095;CPX-8096;CPX-8101;CPX-8104;CPX-8105;CPX-8121;CPX-8124;CPX-8128;CPX-8129;CPX-8132;CPX-8133;CPX-8134	ECO:0000353;ECO:0005547	GO:0032553;GO:0034098;GO:0030970;GO:0031593;GO:0036503;GO:0005524;GO:0006511;GO:1990730;GO:0016887;GO:0005737;GO:0016887;GO:1904949;GO:0031593;GO:0036503;GO:0006511;GO:0005524;GO:0031593;GO:1904949;GO:0016887;GO:0031593;GO:0034098;GO:1904949;GO:0043161;GO:0005524;GO:0016887;GO:0005524;GO:0034098;GO:0031593;GO:1904949;GO:0016887;GO:0036503;GO:0006511;GO:0031593;GO:1904949;GO:0016887;GO:0005524;GO:0034098;GO:1904949;GO:0016887;GO:0043335;GO:1904949;GO:0016887;GO:0043335;GO:0043130;GO:0005524;GO:1904949;GO:0016887;GO:0043335;GO:0043130;GO:1904949;GO:0016887;GO:0043335;GO:0043130;GO:0000423;GO:0061630;GO:0043161;GO:1904949;GO:0016887;GO:0043335;GO:0043130			3ebb	EBI-7931325;EBI-15930651;EBI-15930556;EBI-2011323;EBI-20736391;EBI-20736241;EBI-24286980;EBI-2106280;EBI-1783206	R-HSA-5654992;R-HSA-9755500	17202270;10811609;22232657;12847084;11740563;23226521;28819009;18208387;21914798;28819009;21645854;21739474;17202270;36825201;22232657;12847084;11740563;23226521;27716483;28819009;36329031;28274878;22466964;36825201;22232657;35408984;36825201;28819009;36825201;33712450;18775313;33058883;36825201;37264685;28819009;36825201;37264685;33058883;28819009;19818707;36825201;28819009;19887378;36825201;28819009;19818707;36825201;28819009;24163436;2173386;19818707;36825201;28819009;31847414;30120381;19818707;36825201;28819009;16275660;35386193		13065;33712450
VPS4A	Q9UN37	CPX-338	ECO:0005547	GO:0016887;GO:0031468;GO:0001778;GO:0046761;GO:0006997;GO:0097352;GO:0006914;GO:0005886;GO:0005524;GO:0005643;GO:0030496;GO:0036258;GO:1904949;GO:0061952;GO:0061764;GO:0071985;GO:0090148						21925211
