	rho	pvalue
15KPGE1Ry
15KPGE2Ry
15KPGE3Ry
15KPGF1Ry
15KPGF2Ry
15KPGF3Ry
1SGTH2OHE1ABCte	0.14303989920894508	6.546437607986947e-10
1SGTH2OHE2ABCte	0.14303989920894508	6.546437607986947e-10
23CGAMPABCte	0.0006015289492164498	0.9793839559316447
23CGAMP_AICARtex	0.0006015289492164498	0.9793839559316447
23CGAMP_OHtex	0.0006015289492164498	0.9793839559316447
23CGAMP_THMMPtex	0.0006015289492164498	0.9793839559316447
23CN3PA
23CN3PC
23CN3PG
23CN3PU
23E1QN1GST	0.14303989920894508	6.546437607986947e-10
23E1QN4GST	0.14303989920894508	6.546437607986947e-10
23E2QN1GST	0.14303989920894508	6.546437607986947e-10
23E2QN4GST	0.14303989920894508	6.546437607986947e-10
2ABUTGLYDP	0.11217257877934339	1.3373786843128252e-06
2ABUTTA	0.0731737419585635	0.001645538093567391
2ABUTtec	0.0731737419585635	0.001645538093567391
2DADNt	0.026927788251905886	0.24726897307484091
2DCYTt
2DGSNt	-0.020856845591907817	0.37020329916688743
2DINSt	-0.016168447788600993	0.4872869930339847
2DURIt	-0.021063484403258493	0.36547990320837154
2H3MV
2HBO	0.1378292511885569	2.6902741663897167e-09
2HB_5OXPROtex	0.08726042119444158	0.00017278104366173438
2HB_ACACtex	0.08573145546936696	0.00022446867360303698
2HB_ACtex	0.08726042119444158	0.00017278104366173438
2HB_BUTtex	0.14090826619385505	1.1744429794976009e-09
2HB_DLACtex	0.08726042119444158	0.00017278104366173438
2HB_GLYCLTtex	0.1371376791968431	3.2327000312640955e-09
2HB_PPAtex	0.14090826619385505	1.1744429794976009e-09
2HBt2	0.14090826619385505	1.1744429794976009e-09
2HIV
2IMBUTDA	0.08726042119444158	0.00017278104366173438
2IMPPADA	0.1316843078176721	1.3326716695684021e-08
2LACK_L	0.08617177938473566	0.00020826178554497662
2LACP_L	0.08617177938473566	0.00020826178554497662
2OBUT_2HBtex	0.14090826619385505	1.1744429794976009e-09
2OBUT_5OXPROtex	0.08726042119444158	0.00017278104366173438
2OBUT_ACACtex	0.02110802519662588	0.36446672625837695
2OBUT_ACtex	0.08726042119444158	0.00017278104366173438
2OBUT_BUTtex	0.10183610767248959	1.1534103714948263e-05
2OBUT_DLACtex	0.08726042119444158	0.00017278104366173438
2OBUT_GLYCLTtex	0.11964981739165038	2.487875815229466e-07
2OBUT_LLACtex	0.10183610767248959	1.1534103714948263e-05
2OBUT_PPAtex	0.10183610767248959	1.1534103714948263e-05
2OBUTt	0.10183610767248959	1.1534103714948263e-05
2OHE1MT	0.0862022777885979	0.00020718091273277993
2OHE1MT2	0.0862022777885979	0.00020718091273277993
2OHE1PX	-0.03247131964593701	0.1629216041488683
2OHE2MT	0.0862022777885979	0.00020718091273277993
2OHE2MT2	0.0862022777885979	0.00020718091273277993
2OHE2PX	-0.03247131964593701	0.1629216041488683
2SGTH4OHE1ABCte	0.14303989920894508	6.546437607986947e-10
2SGTH4OHE2ABCte	0.14303989920894508	6.546437607986947e-10
34DHALDDx	0.07295673825467482	0.0016990069171818542
34DHALDDy	0.07006172362904847	0.0025824878247835393
34DHOXMANDMT	0.06952842095017457	0.002785114395529545
34DHPHAMT	0.07006172362904847	0.0025824878247835393
34DHXMANDACOXx	0.07028900092997253	0.0025003019243933877
34DHXMANDACOXy	0.06952842095017457	0.002785114395529545
34E1QN2GST	0.14303989920894508	6.546437607986947e-10
34E2QN2GST	0.14303989920894508	6.546437607986947e-10
34HPLDH
34HPPT
3DGDH
3DGRy	0.0724755795727504	0.0018233043204670884
3HKYNAKGAT
3M4HDXPACx	0.07295673825467482	0.0016990069171818542
3M4HDXPACy	0.07006172362904847	0.0025824878247835393
3MOBt2
3OHAACPDH1
3OHAACPDH2
3OHAACPDH3
3OHAACPDH4
3OHAACPDH5
3OHAACPDH6
3OHAACPDH7
3OHAACPDH8
3OXAACPR1y
3OXAACPR2y
3OXAACPR3y
3OXAACPR4y
3OXAACPR5y
3OXAACPR6y
3OXAACPR7y
3OXAACPR8y
3SALATA	0.0731737419585635	0.001645538093567391
4GTH56DHIABCte	0.14303989920894508	6.546437607986947e-10
4H2HXEAL2EDHx
4H2NNEAL2EDHx
4HOXPACDORx
4HOXPACDORy
4HPROLTASCT1	0.10587802490345054	5.084517710622754e-06
4MOPt2
4OHE1MT	0.0862022777885979	0.00020718091273277993
4OHE1PX	-0.03247131964593701	0.1629216041488683
4OHE2MT	0.0862022777885979	0.00020718091273277993
4OHE2PX	-0.03247131964593701	0.1629216041488683
4PCYSK
4PERK	0.14303989920894508	6.546437607986947e-10
4PERP
4PYRNK	0.11217433336478543	1.3368672712770567e-06
4PYRNMAT
4PYRNN	0.11217433336478543	1.3368672712770567e-06
4PYRNt
4SGTH2OHE1ABCte	0.14303989920894508	6.546437607986947e-10
4SGTH2OHE2ABCte	0.14303989920894508	6.546437607986947e-10
56DHIGTHABCte	0.14303989920894508	6.546437607986947e-10
56DHIPX	-0.04260889779424519	0.06705885185896816
5ADHTRy
5AOPt2	0.00322919896018239	0.8896679073839333
5FLUDPK
5FLUMPK
5FLURAABCte	0.14799085146600632	1.6286294113331058e-10
5FLURAPT
5FLURAt	0.14486357822859125	3.9431186306967953e-10
5FTHFABCte	0.14542617249890144	3.3679009063233643e-10
5FTHF_5MTHFtex	0.12819661134763538	3.201097560304205e-08
5FTHF_AICARtex	0.12881775741798906	2.7431590570586432e-08
5FTHF_OHtex	0.13489284546440544	5.831293933972875e-09
5FTHF_THMMPtex	0.14364782169633322	5.532502777347766e-10
5HOXINDACTOX
5INS7P5PP
5MTAtec	0.07059425885510302	0.0023936784489174056
5MTHFABCte	0.14542617249890144	3.3679009063233643e-10
5MTHF_AICARtex	0.12881775741798906	2.7431590570586432e-08
5MTHF_OHtex	0.13551835660098074	4.952166998027254e-09
5MTHF_THMMPtex	0.14364782169633322	5.532502777347766e-10
5OXPRO_ACACtex	0.10183610767248959	1.1534103714948263e-05
5OXPRO_ACtex	0.10183610767248959	1.1534103714948263e-05
5OXPRO_BUTtex	0.0860013107103509	0.0002144013485824722
5OXPRO_DLACtex	0.10183610767248959	1.1534103714948263e-05
5OXPRO_GLYCLTtex	0.1229005906203086	1.1591435072786697e-07
5OXPRO_PPAtex	0.0860013107103509	0.0002144013485824722
5OXPROt2	0.0860013107103509	0.0002144013485824722
5PPINSP5P1K
6HOPTHPDH	0.11360001534649042	9.77913152373856e-07
6PTHPDH	0.11360001534649042	9.77913152373856e-07
6PTHPDH2	0.11360001534649042	9.77913152373856e-07
78DHBPTt	0.026451317023446944	0.2557354511887575
A4GALTc
AASDHPPT	0.14303989920894508	6.546437607986947e-10
ABO1A
ABO1B
ABO2A
ABO2B
ABO3A
ABO3AB
ABO4A
ABO4B
ABO5A
ABO5B
ABUTDx	0.11360001534649042	9.77913152373856e-07
AC4OACNAMDC
AC9OACNAMDC
ACACT1
ACAC_ACtex	0.10183610767248959	1.1534103714948263e-05
ACAC_GLYCLTtex	0.09885609408088872	2.069862930456615e-05
ACACt2	-0.053092639958851016	0.022463869558932086
ACER	0.14303989920894508	6.546437607986947e-10
ACGAMK	0.07504308870043822	0.001245064816138209
ACGAMNT2
ACGAMPM	0.0776959191813444	0.0008293315717407907
ACHEe	0.04222252381498829	0.06957638958409171
ACHt
ACITL	-0.04067124775144756	0.08047599466431479
ACMAH
ACMDAC
ACNAM9PL	0.12503568145256244	6.943841235982547e-08
ACNAM9PL2	0.09860022416972074	2.1747976079685e-05
ACNAM9PL3	0.12503568145256244	6.943841235982547e-08
ACNAMPH	0.12503568145256244	6.943841235982547e-08
ACNML	0.12503568145256244	6.943841235982547e-08
ACOATA
ACONT	0.04236204331396635	0.06865850735062122
ACYP	0.14303989920894508	6.546437607986947e-10
ACYP2
AC_GLYCLTtex	0.11964981739165038	2.487875815229466e-07
ACt2	0.10183610767248959	1.1534103714948263e-05
ADA	0.054934780640928695	0.018189280232104855
ADEt	0.04449986445234705	0.05579546658998431
ADK1	-0.07701587324684331	0.0009214634674702633
ADK3	-0.07319056600791578	0.0016414580317407038
ADK4	-0.059319221480018135	0.010755081605218183
ADK5	-0.07319056600791578	0.0016414580317407038
ADK6	-0.06619454313722234	0.004416210111987697
ADK7	-0.07010466675111905	0.0025667725055329104
ADMARGARGtex	0.11360001534649042	9.77913152373856e-07
ADMARGCITRtex	0.11360001534649042	9.77913152373856e-07
ADMARGHIStex	0.11360001534649042	9.77913152373856e-07
ADMARGLYStex	0.11360001534649042	9.77913152373856e-07
ADMARGORNtex	0.11360001534649042	9.77913152373856e-07
ADMARGt_L	0.11360001534649042	9.77913152373856e-07
ADNCYC	0.11360001534649042	9.77913152373856e-07
ADNK1	0.14387879361213113	5.188881254873052e-10
ADNt	0.0632773893521974	0.006506931561357383
ADPGK	0.11226459323410158	1.3108110368190673e-06
ADPGKa	0.11360001534649042	9.77913152373856e-07
ADPGLCDP
ADPMNDP
ADPRDACAC1
ADPRDACAC2	0.09774068271800793	2.565594454208418e-05
ADPRDP	0.14387879361213113	5.188881254873052e-10
ADPRPI	0.14392066686502974	5.128854426000956e-10
ADPRUDP	0.14392066686502974	5.128854426000956e-10
ADPT	0.1494506152000536	1.0709311362602291e-10
ADRNCHR1ERx	0.12955406705899786	2.282243133038291e-08
ADRNCHR2ERy	0.0999658707994638	1.6679725977076578e-05
ADRNCHR2ERz	0.06160910383705682	0.008068262603246288
ADRNCHRGST	0.14303989920894508	6.546437607986947e-10
ADRNLGTHABCte	0.14303989920894508	6.546437607986947e-10
ADRNLPX_L	-0.04260889779424519	0.06705885185896816
ADRNLQ1ERx_L	0.12955406705899786	2.282243133038291e-08
ADRNLQ2ERy_L	0.0999658707994638	1.6679725977076578e-05
ADRNLQ2ERz_L	0.06160910383705682	0.008068262603246288
ADRNLQGST_L	0.14303989920894508	6.546437607986947e-10
ADSL1	0.09793475983878745	2.4719188290588628e-05
ADSL2	0.11217433336478543	1.3368672712770567e-06
ADSS	0.09793475983878745	2.4719188290588628e-05
AG1tec
AGDC	0.06564902397889677	0.004753489406432275
AHC	0.058614397375494245	0.011728835933238202
AHDTPPPH	0.11360001534649042	9.77913152373856e-07
AICAK	0.14339685606544952	5.931023916334071e-10
AICART	0.07960917050105225	0.0006139164150673742
AICAt	0.14312334615137415	6.397222343018851e-10
AICRT	0.08780660509814599	0.00015720010597672194
AICt	0.08780660509814599	0.00015720010597672194
AIRC
ALAADMARGNaEx	0.11360001534649042	9.77913152373856e-07
ALAARGNaEx	0.11360001534649042	9.77913152373856e-07
ALAASNNaEx	0.11360001534649042	9.77913152373856e-07
ALAASNex	0.11360001534649042	9.77913152373856e-07
ALABt	0.11360001534649042	9.77913152373856e-07
ALACITRNaEx	0.11360001534649042	9.77913152373856e-07
ALACYSNaEx	0.11360001534649042	9.77913152373856e-07
ALACYSex	0.11360001534649042	9.77913152373856e-07
ALAGLNNaEx	0.11360001534649042	9.77913152373856e-07
ALAGLNex	0.11360001534649042	9.77913152373856e-07
ALAGLYex	0.11360001534649042	9.77913152373856e-07
ALAHCYSNaEx	0.11360001534649042	9.77913152373856e-07
ALAILEex	0.11360001534649042	9.77913152373856e-07
ALALEUex	0.11360001534649042	9.77913152373856e-07
ALALYSNaEx	0.11360001534649042	9.77913152373856e-07
ALAMETex	0.11360001534649042	9.77913152373856e-07
ALAMMARGNaEx	0.11360001534649042	9.77913152373856e-07
ALAORNNaEx	0.11360001534649042	9.77913152373856e-07
ALAPHEex	0.11360001534649042	9.77913152373856e-07
ALAPROASCT1	0.11360001534649042	9.77913152373856e-07
ALAPROex	0.11360001534649042	9.77913152373856e-07
ALASERNaEx	0.11360001534649042	9.77913152373856e-07
ALASERex	0.11360001534649042	9.77913152373856e-07
ALATA_L	0.09397392442613942	5.209829975598667e-05
ALATHRNaEx	0.11360001534649042	9.77913152373856e-07
ALATHRex	0.11360001534649042	9.77913152373856e-07
ALATRPex	0.11360001534649042	9.77913152373856e-07
ALATRS
ALATYRex	0.11360001534649042	9.77913152373856e-07
ALAVALex	0.11360001534649042	9.77913152373856e-07
ALAtec	0.122370021100546	1.3148038722102773e-07
ALCD19y	0.14293441296157341	6.739924206237024e-10
ALCD2x	0.16030059212662315	4.170909636613704e-12
ALDD19x
ALDD19y
ALDD20x
ALDD2x	0.10183610767248959	1.1534103714948263e-05
ALDD2y	0.10183610767248959	1.1534103714948263e-05
ALKP	0.11360001534649042	9.77913152373856e-07
ALR2y	0.16030059212662315	4.170909636613704e-12
ALR3y	0.16030059212662315	4.170909636613704e-12
AMANK	0.12503568145256244	6.943841235982547e-08
AMGLSDASEa	0.07223398028984428	0.0018888163991845196
AMPAMD
AMPDA	0.1440488942515207	4.949216952320371e-10
AMPINSPT	0.11217433336478543	1.3368672712770567e-06
AMPTASECG	0.11217257877934339	1.3373786843128252e-06
ANDRSTNDNRy	0.1998053258575678	4.2808049488336376e-18
ANDRSTRNRy
ANGIO1THOP
ANGIO2ASPH
ANGIO2DDP
ANGIO3ARGH
ANGIO4DDP
ANGIO58PEP
AP4AH1	0.0884005508146715	0.00014176091707914813
AP4ASYN	0.0884005508146715	0.00014176091707914813
AP5AH1
AP6AH1
AP6AH2
APDPP
ARABR_Ly	-0.0076071378476907274	0.7438177055169437
ARAB_Lt	-0.0076071378476907274	0.7438177055169437
ARDFE2	0.07059425885510302	0.0023936784489174056
ARDNI2	0.07059425885510302	0.0023936784489174056
ARGCITRtex	0.08902466398886211	0.00012708176605234544
ARGHIStex	0.08749411771039743	0.0001659446701653776
ARGLYStex	0.11360001534649042	9.77913152373856e-07
ARGN	0.016465255173765167	0.4793281753308617
ARGORNtex	0.11360001534649042	9.77913152373856e-07
ARGSL
ARGTRS
ARGtec	0.11360001534649042	9.77913152373856e-07
ARSNA_Cltex	0.1365910131387652	3.735422787109703e-09
ARSNIt	0.11360001534649042	9.77913152373856e-07
ARSSELDIGTHABCte	0.14303989920894508	6.546437607986947e-10
ASCBt	0.01933033343346759	0.40625904503286725
ASNADMARGNaEx	0.11360001534649042	9.77913152373856e-07
ASNALANaEx	0.11360001534649042	9.77913152373856e-07
ASNARGNaEx	0.11360001534649042	9.77913152373856e-07
ASNCITRNaEx	0.11360001534649042	9.77913152373856e-07
ASNCYSNaEx	0.11360001534649042	9.77913152373856e-07
ASNCYSex	0.11360001534649042	9.77913152373856e-07
ASNGLNNaEx	0.11360001534649042	9.77913152373856e-07
ASNGLNex	0.11360001534649042	9.77913152373856e-07
ASNGLYex	0.11360001534649042	9.77913152373856e-07
ASNILEex	0.11360001534649042	9.77913152373856e-07
ASNLEUex	0.11360001534649042	9.77913152373856e-07
ASNLYSNaEx	0.11360001534649042	9.77913152373856e-07
ASNMETex	0.11360001534649042	9.77913152373856e-07
ASNMMARGNaEx	0.11360001534649042	9.77913152373856e-07
ASNORNNaEx	0.11360001534649042	9.77913152373856e-07
ASNPHEex	0.11360001534649042	9.77913152373856e-07
ASNPROex	0.11360001534649042	9.77913152373856e-07
ASNSERNaEx	0.11360001534649042	9.77913152373856e-07
ASNSERex	0.11360001534649042	9.77913152373856e-07
ASNTA	0.2166147222816495	4.613271648645688e-21
ASNTHRNaEx	0.11360001534649042	9.77913152373856e-07
ASNTHRex	0.11360001534649042	9.77913152373856e-07
ASNTRPex	0.11360001534649042	9.77913152373856e-07
ASNTRS
ASNTYRex	0.11360001534649042	9.77913152373856e-07
ASNVALex	0.11360001534649042	9.77913152373856e-07
ASNtec	0.11360001534649042	9.77913152373856e-07
ASPCT
ASPNaHKtex	0.11360001534649042	9.77913152373856e-07
ASPTA	0.0731737419585635	0.001645538093567391
ASPTRS
ASPte	0.11360001534649042	9.77913152373856e-07
ATPR5PT	0.14303989920894508	6.546437607986947e-10
ATPte	0.14303989920894508	6.546437607986947e-10
AVITE1RCYTB5R	0.12955406705899786	2.282243133038291e-08
A_MANASE
B3GALNT1c
BAMPPALDOXx	0.11360001534649042	9.77913152373856e-07
BETALDDHx	0.05405618695900146	0.02013008953960503
BHMT	0.11360001534649042	9.77913152373856e-07
BILIREDx
BILIREDy
BILRUBABCte
BKAACPSYN1
BKAACPSYN2
BKAACPSYN3
BKAACPSYN4
BKAACPSYN5
BKAACPSYN6
BKAACPSYN7
BKAACPSYN8
BPNT	0.14303989920894508	6.546437607986947e-10
BPNT2
BUT_ACACtex	-0.053092639958851016	0.022463869558932086
BUT_ACtex	0.10183610767248959	1.1534103714948263e-05
BUT_GLYCLTtex	0.11964981739165038	2.487875815229466e-07
BUT_PPAtex	0.10183610767248959	1.1534103714948263e-05
BUTt2r	0.10183610767248959	1.1534103714948263e-05
BZALDHx
CA2t	0.11360922763330719	9.759274750222878e-07
CAATPS1	0.11480862515267971	7.480040336520902e-07
CADPRBPH
CADPRIBH	0.11360001534649042	9.77913152373856e-07
CADPRIBtec	0.11360001534649042	9.77913152373856e-07
CAMPABCte	0.1472569468908961	2.0076074054608755e-10
CAMPtec	0.14883406243467823	1.2790156738816626e-10
CAT	-0.09430386922579002	4.901435154398584e-05
CCLMETHBH	0.16281684738851251	1.9014044308515262e-12
CD2DMT1t	0.062496983983396745	0.007199923388652395
CD2_2HCO3t	0.062496983983396745	0.007199923388652395
CD2t	0.062496983983396745	0.007199923388652395
CDIPT	0.14298982362572804	6.637603208149463e-10
CDPCHOLPP	0.14303989920894508	6.546437607986947e-10
CDS	0.14298982362572804	6.637603208149463e-10
CGMPABCte	0.1472569468908961	2.0076074054608755e-10
CGMPtec	0.14011229208886392	1.4576171693880987e-09
CHLP	0.10433842039932988	6.970870488874236e-06
CHLPCTD	0.14303989920894508	6.546437607986947e-10
CHLPe	0.12952661278955294	2.2979928225883595e-08
CHLSTD78I
CHLSTI1
CHOLATEGTHABCte	0.14073090470901833	1.2324830530707517e-09
CHOLATEt	0.14073090470901833	1.2324830530707517e-09
CHOLtec	0.10646313207412338	4.504787237466573e-06
CIMPABCte	0.1472569468908961	2.0076074054608755e-10
CIMPtec	0.14011229208886392	1.4576171693880987e-09
CITt	0.03290213456410527	0.15741038009826894
CK	0.11360001534649042	9.77913152373856e-07
CKe	0.11360001534649042	9.77913152373856e-07
CMPACNAGA1
CMPACNAGALBSD
CMPACNAGD1B
CMPACNAGM1
CMPINSPT	0.11217433336478543	1.3368672712770567e-06
CO2t	-0.0027516236267379735	0.905902848028249
COBALT2DMT1t	0.11492803396420924	7.283500831950016e-07
COBALT2_2HCO3t	0.11360001534649042	9.77913152373856e-07
COBALT2te	0.11492803396420924	7.283500831950016e-07
CPPP1ABCte	0.00322919896018239	0.8896679073839333
CPPP3ABCte	0.15589261987171935	1.6028307004937874e-11
CPPP3te	0.15589261987171935	1.6028307004937874e-11
CPPPG3ABCte	0.00322919896018239	0.8896679073839333
CREAT2NaClt	0.11360001534649042	9.77913152373856e-07
CREATt	0.11360001534649042	9.77913152373856e-07
CRNAT_10_0
CRNAT_10_2E
CRNAT_10_2E6Z
CRNAT_10_3OH_S
CRNAT_10_DC
CRNAT_11_0
CRNAT_12_0
CRNAT_12_2E
CRNAT_12_3OH_S
CRNAT_12_DC
CRNAT_13_0
CRNAT_14_0
CRNAT_14_2E
CRNAT_14_3OH_S
CRNAT_14_5E8Z
CRNAT_14_5E8Z3OH_S
CRNAT_14_5Z
CRNAT_14_7Z
CRNAT_14_7Z3OH_S
CRNAT_14_9Z
CRNAT_15_0
CRNAT_16_0
CRNAT_16_2E
CRNAT_16_3OH_S
CRNAT_16_7E10Z3OH_S
CRNAT_16_7Z
CRNAT_16_9Z
CRNAT_16_9Z3OH_S
CRNAT_16_DC
CRNAT_17_0
CRNAT_17_10Z
CRNAT_17_9Z
CRNAT_18_0
CRNAT_18_11Z
CRNAT_18_13Z
CRNAT_18_2E
CRNAT_18_3OH_S
CRNAT_18_6Z9Z
CRNAT_18_6Z9Z12Z
CRNAT_18_6Z9Z12Z15Z
CRNAT_18_7Z
CRNAT_18_9E
CRNAT_18_9Z
CRNAT_18_9Z12Z
CRNAT_18_9Z12Z15Z
CRNAT_18_9Z12Z3OH_S
CRNAT_18_9Z3OH_S
CRNAT_19_0
CRNAT_20_0
CRNAT_20_11Z
CRNAT_20_11Z14Z
CRNAT_20_11Z14Z17Z
CRNAT_20_13Z
CRNAT_20_5Z8Z11Z
CRNAT_20_5Z8Z11Z14Z
CRNAT_20_5Z8Z11Z14Z17Z
CRNAT_20_8Z11Z
CRNAT_20_8Z11Z14Z
CRNAT_20_8Z11Z14Z17Z
CRNAT_20_9Z
CRNAT_21_0
CRNAT_22_0
CRNAT_22_10Z13Z16Z
CRNAT_22_10Z13Z16Z19Z
CRNAT_22_11Z
CRNAT_22_13Z
CRNAT_22_13Z16Z
CRNAT_22_13Z16Z19Z
CRNAT_22_4Z7Z10Z13Z16Z
CRNAT_22_4Z7Z10Z13Z16Z19Z
CRNAT_22_7Z10Z13Z16Z
CRNAT_22_7Z10Z13Z16Z19Z
CRNAT_6_0
CRNAT_6_2E
CRNAT_6_3OH_S
CRNAT_6_DC
CRNAT_7_0
CRNAT_7_3OH_S
CRNAT_7_DC
CRNAT_8_0
CRNAT_8_2E
CRNAT_8_3OH_S
CRNAT_8_DC
CRNAT_9_0
CRNAT_9_3OH_S
CRNt	0.11360001534649042	9.77913152373856e-07
CRNtuNa	0.11360001534649042	9.77913152373856e-07
CRTNP	0.11360001534649042	9.77913152373856e-07
CRTNPe	0.11360001534649042	9.77913152373856e-07
CRTNt	0.11360001534649042	9.77913152373856e-07
CRTSLRy
CRTSTRNRy
CTPS1	0.15660621405046887	1.2922829401389334e-11
CTPS2	0.15660621405046887	1.2922829401389334e-11
CU1ABCte	0.06778424890142017	0.0035532834366374592
CU1tec	0.06778424890142017	0.0035532834366374592
CU2RD	0.11360001534649042	9.77913152373856e-07
CYSADMARGNaEx	0.11360001534649042	9.77913152373856e-07
CYSALANaEx	0.11360001534649042	9.77913152373856e-07
CYSAMO
CYSARGNaEx	0.11360001534649042	9.77913152373856e-07
CYSCITRNaEx	0.11360001534649042	9.77913152373856e-07
CYSGLNex	0.11360001534649042	9.77913152373856e-07
CYSGLYex	0.11360001534649042	9.77913152373856e-07
CYSIL2
CYSILEex	0.11360001534649042	9.77913152373856e-07
CYSIt	0.11360001534649042	9.77913152373856e-07
CYSL2	0.10934511426674291	2.4587473067948487e-06
CYSLNET	0.10934511426674291	2.4587473067948487e-06
CYSLYSNaEx	0.11360001534649042	9.77913152373856e-07
CYSMETex	0.11360001534649042	9.77913152373856e-07
CYSMMARGNaEx	0.11360001534649042	9.77913152373856e-07
CYSORNNaEx	0.11360001534649042	9.77913152373856e-07
CYSPHEex	0.11360001534649042	9.77913152373856e-07
CYSPROex	0.11360001534649042	9.77913152373856e-07
CYSSERNaEx	0.11360001534649042	9.77913152373856e-07
CYSSERex	0.11360001534649042	9.77913152373856e-07
CYSTA	0.07698339201878233	0.0009260925983942794
CYSTHRNaEx	0.11360001534649042	9.77913152373856e-07
CYSTHRex	0.11360001534649042	9.77913152373856e-07
CYSTL1	0.11717285913769354	4.393420646670738e-07
CYSTL2	0.10934511426674291	2.4587473067948487e-06
CYSTRDX	0.05414475786151816	0.01992657353549088
CYSTRPex	0.11360001534649042	9.77913152373856e-07
CYSTRS
CYSTYRex	0.11360001534649042	9.77913152373856e-07
CYSVALex	0.11360001534649042	9.77913152373856e-07
CYS_Cltex	0.11734306248452364	4.226599920787837e-07
CYStec	0.11360001534649042	9.77913152373856e-07
CYTB5ASCBR	0.12955406705899786	2.282243133038291e-08
CYTBFADSD5_20_8Z11Z14Z	0.14303989920894508	6.546437607986947e-10
CYTBFADSD5_20_8Z11Z14Z17Z	0.14303989920894508	6.546437607986947e-10
CYTBFADSD6_18_9Z	0.14303989920894508	6.546437607986947e-10
CYTBFADSD6_18_9Z12Z	0.14303989920894508	6.546437607986947e-10
CYTBFADSD6_18_9Z12Z15Z	0.14303989920894508	6.546437607986947e-10
CYTBFADSD6_20_11Z14Z	0.14303989920894508	6.546437607986947e-10
CYTBFADSD6_20_11Z14Z17Z	0.14303989920894508	6.546437607986947e-10
CYTBFADSD9_16_0	0.14303989920894508	6.546437607986947e-10
CYTBFADSD9_18_0	0.14303989920894508	6.546437607986947e-10
CYTDt	0.02631409132397358	0.2582107341380036
CYTK1	0.14303989920894508	6.546437607986947e-10
CYTK13	0.11360001534649042	9.77913152373856e-07
CYTK2	0.11360001534649042	9.77913152373856e-07
CYTK8	0.14303989920894508	6.546437607986947e-10
ClFORtex2	0.11360001534649042	9.77913152373856e-07
ClHCO3tex2	0.11360001534649042	9.77913152373856e-07
ClOHtex2	0.11360001534649042	9.77913152373856e-07
ClOXAtex2	0.12692096781860723	4.3853362601317377e-08
Cl_OH1tex	0.11734306248452364	4.226599920787837e-07
Cl_PItex	0.11734306248452364	4.226599920787837e-07
Clt	0.121239951103517	1.7165404219072257e-07
D5FURADy	0.1057468589429672	5.2239415783166115e-06
DADA	0.04019670228749816	0.08407436593730808
DADK1	-0.07701587324684331	0.0009214634674702633
DADK3	-0.07701587324684331	0.0009214634674702633
DADK4	-0.06343490833012466	0.006374553420370303
DADK5	-0.07701587324684331	0.0009214634674702633
DADK6	-0.07023772994626735	0.0025186303953629607
DADK7	-0.06966559814891213	0.002731652786050609
DADNK1	0.14303989920894508	6.546437607986947e-10
DAGK	0.0751379704045773	0.0012273640329313574
DAGL1	0.14303989920894508	6.546437607986947e-10
DAGL2	0.14303989920894508	6.546437607986947e-10
DAGOACAH
DAGOACK	0.0751379704045773	0.0012273640329313574
DAGOK	0.1339796450809956	7.392560080885911e-09
DAMPNH	0.048726369777778285	0.03621598937053565
DCMPCYTDPT
DCMPNH
DCMPURIPT
DCT
DGCHOGTHABCte	0.14073090470901833	1.2324830530707517e-09
DGCHOLte	0.14073090470901833	1.2324830530707517e-09
DGK1
DGK2
DGMPGSNPT	0.11217433336478543	1.3368672712770567e-06
DGMPINSPT	0.11217433336478543	1.3368672712770567e-06
DGMPNH	0.026515238140241485	0.2545880821424208
DGSHAMID	0.11217257877934339	1.3373786843128252e-06
DHAAt1r	0.01933033343346759	0.40625904503286725
DHAK	-0.03080278021517963	0.1856427584366631
DHEASABCte	0.14542617249890144	3.3679009063233643e-10
DHEASte	0.14542617249890144	3.3679009063233643e-10
DHFRy
DHLIPTRD	0.05414475786151816	0.01992657353549088
DHORTS
DHPRx	0.10810726992880652	3.195016861913117e-06
DHPRy	0.10810726992880652	3.195016861913117e-06
DIIODTHYt2
DIMPGSNPT	0.11217433336478543	1.3368672712770567e-06
DIMPINSPT	0.11217433336478543	1.3368672712770567e-06
DIMPNH	0.1591776146489582	5.8985446754374965e-12
DLAC_ACACtex	0.10183610767248959	1.1534103714948263e-05
DLAC_ACtex	0.10183610767248959	1.1534103714948263e-05
DLAC_BUTtex	0.10183610767248959	1.1534103714948263e-05
DLAC_GLYCLTtex	0.11964981739165038	2.487875815229466e-07
DLAC_PPAtex	0.10183610767248959	1.1534103714948263e-05
DLEUtec
DMATT
DNADPL
DOPACHRMDC_D
DOPAGTHABCte	0.14303989920894508	6.546437607986947e-10
DOPAPX_L	-0.04260889779424519	0.06705885185896816
DOPAQ1ERx_L	0.12955406705899786	2.282243133038291e-08
DOPAQ2ERy_L	0.0999658707994638	1.6679725977076578e-05
DOPAQ2ERz_L	0.06160910383705682	0.008068262603246288
DOPAQGST_L	0.14303989920894508	6.546437607986947e-10
DOPHAMID	0.11217257877934339	1.3373786843128252e-06
DPAMCHR1ERx	0.12955406705899786	2.282243133038291e-08
DPAMCHR2ERy	0.0999658707994638	1.6679725977076578e-05
DPAMCHR2ERz	0.06160910383705682	0.008068262603246288
DPAMCHRGST	0.14303989920894508	6.546437607986947e-10
DPAMGTHABCte	0.14303989920894508	6.546437607986947e-10
DPAMPX_L	-0.04260889779424519	0.06705885185896816
DPAMQ1ERx_L	0.12955406705899786	2.282243133038291e-08
DPAMQ2ERy_L	0.0999658707994638	1.6679725977076578e-05
DPAMQ2ERz_L	0.06160910383705682	0.008068262603246288
DPAMQGST_L	0.14303989920894508	6.546437607986947e-10
DPCHR1ERx_L	0.12955406705899786	2.282243133038291e-08
DPCHR2ERy_L	0.0999658707994638	1.6679725977076578e-05
DPCHR2ERz_L	0.06160910383705682	0.008068262603246288
DPCHRGST_L	0.14303989920894508	6.546437607986947e-10
DPCOAK	0.14303989920894508	6.546437607986947e-10
DPG3P	0.14303989920894508	6.546437607986947e-10
DPGM	0.02751383405446561	0.2371269872016047
DPGase	0.14303989920894508	6.546437607986947e-10
DPMVD
DRPA	0.026343454240021314	0.25767969379484307
DTHYMy	0.1057468589429672	5.2239415783166115e-06
DTMPCYTDPT	-0.021063484403258493	0.36547990320837154
DTMPK1
DTMPK2
DTMPNH	-0.021063484403258493	0.36547990320837154
DTMPURIPT	-0.021063484403258493	0.36547990320837154
DUMPCYTDPT	-0.021063484403258493	0.36547990320837154
DUMPK1
DUMPK2
DUMPNH	-0.021063484403258493	0.36547990320837154
DUMPURIPT	-0.021063484403258493	0.36547990320837154
DURADy	0.1057468589429672	5.2239415783166115e-06
D_LACt2	0.10183610767248959	1.1534103714948263e-05
E14BPP	0.14303989920894508	6.546437607986947e-10
E217BGLCRABCte	0.09460193192411598	4.637778744150966e-05
E217BGLCRHYD	0.11360001534649042	9.77913152373856e-07
E4PD
E4PP	0.21207204921851813	3.098987758256067e-20
EACPR1y
EACPR2y
EACPR3y
EACPR4y
EACPR5y
EACPR6y
EACPR7y
EACPR8y
EDP1011EPHX	0.10020031194436337	1.593157598592309e-05
EDP1314EPHX	0.10020031194436337	1.593157598592309e-05
EDP1617EPHX	0.10020031194436337	1.593157598592309e-05
EDP1920EPHX	0.10020031194436337	1.593157598592309e-05
EDP78EPHX	0.10020031194436337	1.593157598592309e-05
EEQ1112EPHX	0.10020031194436337	1.593157598592309e-05
EEQ1415EPHX	0.10020031194436337	1.593157598592309e-05
EEQ1718EPHX	0.10020031194436337	1.593157598592309e-05
EEQ56EPHX	0.10020031194436337	1.593157598592309e-05
EEQ89EPHX	0.10020031194436337	1.593157598592309e-05
EET1112EPHX	0.10020031194436337	1.593157598592309e-05
EET1314EPHX	0.10020031194436337	1.593157598592309e-05
EET56EPHX	0.10020031194436337	1.593157598592309e-05
EET89EPHX	0.10020031194436337	1.593157598592309e-05
EHGLAT
EMCD	0.14303989920894508	6.546437607986947e-10
ENO	0.07840507982224534	0.0007424060460725105
ENOPH	0.07059425885510302	0.0023936784489174056
EPOME1213EPHX	0.10020031194436337	1.593157598592309e-05
EPOME910EPHX	0.10020031194436337	1.593157598592309e-05
ERGOTHtuNa
ERTHSD_Dy	0.21207204921851813	3.098987758256067e-20
ESTRADIOL23Q1ERx	0.12955406705899786	2.282243133038291e-08
ESTRADIOL23Q2ERy	-0.03246426421537095	0.16301305605073405
ESTRADIOL23Q2ERz	0.06160910383705682	0.008068262603246288
ESTRADIOL34Q1ERx	0.12955406705899786	2.282243133038291e-08
ESTRADIOL34Q2ERy	-0.03246426421537095	0.16301305605073405
ESTRADIOL34Q2ERz	0.06160910383705682	0.008068262603246288
ESTRONE23Q1ERx	0.12955406705899786	2.282243133038291e-08
ESTRONE23Q2ERy	-0.03246426421537095	0.16301305605073405
ESTRONE23Q2ERz	0.06160910383705682	0.008068262603246288
ESTRONE34Q1ERx	0.12955406705899786	2.282243133038291e-08
ESTRONE34Q2ERy	-0.03246426421537095	0.16301305605073405
ESTRONE34Q2ERz	0.06160910383705682	0.008068262603246288
ESTRONEDHy	0.1941550985507546	3.7322590158743445e-17
ESTRONESte
ETHAt	0.14303989920894508	6.546437607986947e-10
ETHP	0.14303989920894508	6.546437607986947e-10
ETHPe	0.12994536528943026	2.0688316229342897e-08
F1PP	0.08031027146085767	0.0005489584104882967
F6PP	0.14303989920894508	6.546437607986947e-10
FA120ACPH
FA140ACPH
FA160ACPH
FA180ACPH
FACOA2ERy_16_2E
FACOA2ERy_17_2E
FACOA2ERy_18_2E
FACOA2ERy_19_2E
FACOA2ERy_20_2E
FACOA2ERy_20_2E11Z
FACOA2ERy_20_2E11Z14Z
FACOA2ERy_20_2E11Z14Z17Z
FACOA2ERy_20_2E13Z
FACOA2ERy_20_2E5Z8Z11Z14Z
FACOA2ERy_20_2E8Z11Z
FACOA2ERy_20_2E8Z11Z14Z
FACOA2ERy_20_2E9Z
FACOA2ERy_21_2E
FACOA2ERy_22_2E
FACOA2ERy_22_2E10Z13Z16Z
FACOA2ERy_22_2E10Z13Z16Z19Z
FACOA2ERy_22_2E11Z
FACOA2ERy_22_2E13Z
FACOA2ERy_22_2E13Z16Z
FACOA2ERy_22_2E13Z16Z19Z
FACOA2ERy_22_2E7Z10Z13Z16Z
FACOA2ERy_22_2E7Z10Z13Z16Z19Z
FACOA2ERy_23_2E
FACOA2ERy_24_2E
FACOA2ERy_24_2E12Z15Z18Z21Z
FACOA2ERy_24_2E15Z
FACOA2ERy_24_2E9Z12Z15Z18Z
FACOA2ERy_24_2E9Z12Z15Z18Z21Z
FACOA2ERy_26_2E
FACOA2ERy_26_2E17Z
FACOA3OHDH_16_3OH
FACOA3OHDH_17_3OH
FACOA3OHDH_18_3OH
FACOA3OHDH_19_3OH
FACOA3OHDH_20_11Z14Z17Z3OH
FACOA3OHDH_20_11Z14Z3OH
FACOA3OHDH_20_11Z3OH
FACOA3OHDH_20_13Z3OH
FACOA3OHDH_20_3OH
FACOA3OHDH_20_5Z8Z11Z14Z3OH
FACOA3OHDH_20_8Z11Z14Z3OH
FACOA3OHDH_20_8Z11Z3OH
FACOA3OHDH_20_9Z3OH
FACOA3OHDH_21_3OH
FACOA3OHDH_22_10Z13Z16Z19Z3OH
FACOA3OHDH_22_10Z13Z16Z3OH
FACOA3OHDH_22_11Z3OH
FACOA3OHDH_22_13Z16Z19Z3OH
FACOA3OHDH_22_13Z16Z3OH
FACOA3OHDH_22_13Z3OH
FACOA3OHDH_22_3OH
FACOA3OHDH_22_7Z10Z13Z16Z19Z3OH
FACOA3OHDH_22_7Z10Z13Z16Z3OH
FACOA3OHDH_23_3OH
FACOA3OHDH_24_12Z15Z18Z21Z3OH
FACOA3OHDH_24_15Z3OH
FACOA3OHDH_24_3OH
FACOA3OHDH_24_9Z12Z15Z18Z21Z3OH
FACOA3OHDH_24_9Z12Z15Z18Z3OH
FACOA3OHDH_26_17Z3OH
FACOA3OHDH_26_3OH
FACOA3ORy_16_3O
FACOA3ORy_17_3O
FACOA3ORy_18_3O
FACOA3ORy_19_3O
FACOA3ORy_20_11Z14Z17Z3O
FACOA3ORy_20_11Z14Z3O
FACOA3ORy_20_11Z3O
FACOA3ORy_20_13Z3O
FACOA3ORy_20_3O
FACOA3ORy_20_5Z8Z11Z14Z3O
FACOA3ORy_20_8Z11Z14Z3O
FACOA3ORy_20_8Z11Z3O
FACOA3ORy_20_9Z3O
FACOA3ORy_21_3O
FACOA3ORy_22_10Z13Z16Z19Z3O
FACOA3ORy_22_10Z13Z16Z3O
FACOA3ORy_22_11Z3O
FACOA3ORy_22_13Z16Z19Z3O
FACOA3ORy_22_13Z16Z3O
FACOA3ORy_22_13Z3O
FACOA3ORy_22_3O
FACOA3ORy_22_7Z10Z13Z16Z19Z3O
FACOA3ORy_22_7Z10Z13Z16Z3O
FACOA3ORy_23_3O
FACOA3ORy_24_12Z15Z18Z21Z3O
FACOA3ORy_24_15Z3O
FACOA3ORy_24_3O
FACOA3ORy_24_9Z12Z15Z18Z21Z3O
FACOA3ORy_24_9Z12Z15Z18Z3O
FACOA3ORy_26_17Z3O
FACOA3ORy_26_3O
FACOAE_10_0	0.062144945672098884	0.0075336526849635035
FACOAE_11_0	0.062144945672098884	0.0075336526849635035
FACOAE_12_0	0.14303989920894508	6.546437607986947e-10
FACOAE_13_0	0.14303989920894508	6.546437607986947e-10
FACOAE_14_0	0.14303989920894508	6.546437607986947e-10
FACOAE_14_5Z	0.14303989920894508	6.546437607986947e-10
FACOAE_14_7Z	0.14303989920894508	6.546437607986947e-10
FACOAE_14_9Z	0.14303989920894508	6.546437607986947e-10
FACOAE_15_0	0.14303989920894508	6.546437607986947e-10
FACOAE_16_0	0.14303989920894508	6.546437607986947e-10
FACOAE_16_7Z	0.14303989920894508	6.546437607986947e-10
FACOAE_16_9Z	0.14303989920894508	6.546437607986947e-10
FACOAE_17_0	0.14303989920894508	6.546437607986947e-10
FACOAE_17_10Z	0.14303989920894508	6.546437607986947e-10
FACOAE_17_9Z	0.14303989920894508	6.546437607986947e-10
FACOAE_18_0	0.14303989920894508	6.546437607986947e-10
FACOAE_18_11Z	0.14303989920894508	6.546437607986947e-10
FACOAE_18_13Z	0.14303989920894508	6.546437607986947e-10
FACOAE_18_6Z9Z	0.14303989920894508	6.546437607986947e-10
FACOAE_18_6Z9Z12Z	0.14303989920894508	6.546437607986947e-10
FACOAE_18_6Z9Z12Z15Z	0.14303989920894508	6.546437607986947e-10
FACOAE_18_7Z	0.14303989920894508	6.546437607986947e-10
FACOAE_18_9E	0.14303989920894508	6.546437607986947e-10
FACOAE_18_9Z	0.14303989920894508	6.546437607986947e-10
FACOAE_18_9Z12Z	0.14303989920894508	6.546437607986947e-10
FACOAE_18_9Z12Z15Z	0.14303989920894508	6.546437607986947e-10
FACOAE_19_0	0.14303989920894508	6.546437607986947e-10
FACOAE_20_0	0.14303989920894508	6.546437607986947e-10
FACOAE_20_11Z	0.14303989920894508	6.546437607986947e-10
FACOAE_20_11Z14Z	0.14303989920894508	6.546437607986947e-10
FACOAE_20_11Z14Z17Z	0.14303989920894508	6.546437607986947e-10
FACOAE_20_13Z	0.14303989920894508	6.546437607986947e-10
FACOAE_20_5Z8Z11Z	0.14303989920894508	6.546437607986947e-10
FACOAE_20_5Z8Z11Z14Z	0.14303989920894508	6.546437607986947e-10
FACOAE_20_5Z8Z11Z14Z17Z	0.14303989920894508	6.546437607986947e-10
FACOAE_20_8Z11Z	0.14303989920894508	6.546437607986947e-10
FACOAE_20_8Z11Z14Z	0.14303989920894508	6.546437607986947e-10
FACOAE_20_8Z11Z14Z17Z	0.14303989920894508	6.546437607986947e-10
FACOAE_20_9Z	0.14303989920894508	6.546437607986947e-10
FACOAE_8_0	0.062144945672098884	0.0075336526849635035
FACOAE_9_0	0.062144945672098884	0.0075336526849635035
FACOAL_12_0	0.14303989920894508	6.546437607986947e-10
FACOAL_13_0	0.14303989920894508	6.546437607986947e-10
FACOAL_14_0	0.14303989920894508	6.546437607986947e-10
FACOAL_14_5Z	0.14303989920894508	6.546437607986947e-10
FACOAL_14_7Z	0.14303989920894508	6.546437607986947e-10
FACOAL_14_9Z	0.14303989920894508	6.546437607986947e-10
FACOAL_15_0	0.14303989920894508	6.546437607986947e-10
FACOAL_16_0	0.14303989920894508	6.546437607986947e-10
FACOAL_16_7Z	0.14303989920894508	6.546437607986947e-10
FACOAL_16_9Z	0.14303989920894508	6.546437607986947e-10
FACOAL_17_0	0.14303989920894508	6.546437607986947e-10
FACOAL_17_10Z	0.14303989920894508	6.546437607986947e-10
FACOAL_17_9Z	0.14303989920894508	6.546437607986947e-10
FACOAL_18_0	0.14303989920894508	6.546437607986947e-10
FACOAL_18_11Z	0.14303989920894508	6.546437607986947e-10
FACOAL_18_13Z	0.14303989920894508	6.546437607986947e-10
FACOAL_18_6Z9Z	0.14303989920894508	6.546437607986947e-10
FACOAL_18_6Z9Z12Z	0.14303989920894508	6.546437607986947e-10
FACOAL_18_6Z9Z12Z15Z	0.14303989920894508	6.546437607986947e-10
FACOAL_18_7Z	0.14303989920894508	6.546437607986947e-10
FACOAL_18_9E	0.14303989920894508	6.546437607986947e-10
FACOAL_18_9Z	0.14303989920894508	6.546437607986947e-10
FACOAL_18_9Z12Z	0.14303989920894508	6.546437607986947e-10
FACOAL_18_9Z12Z15Z	0.14303989920894508	6.546437607986947e-10
FACOAL_19_0	0.14303989920894508	6.546437607986947e-10
FACOAL_20_0	0.14303989920894508	6.546437607986947e-10
FACOAL_20_11Z	0.14303989920894508	6.546437607986947e-10
FACOAL_20_11Z14Z	0.14303989920894508	6.546437607986947e-10
FACOAL_20_11Z14Z17Z	0.14303989920894508	6.546437607986947e-10
FACOAL_20_13Z	0.14303989920894508	6.546437607986947e-10
FACOAL_20_5Z8Z11Z	0.14303989920894508	6.546437607986947e-10
FACOAL_20_5Z8Z11Z14Z	0.14303989920894508	6.546437607986947e-10
FACOAL_20_5Z8Z11Z14Z17Z	0.14303989920894508	6.546437607986947e-10
FACOAL_20_8Z11Z	0.14303989920894508	6.546437607986947e-10
FACOAL_20_8Z11Z14Z	0.14303989920894508	6.546437607986947e-10
FACOAL_20_8Z11Z14Z17Z	0.14303989920894508	6.546437607986947e-10
FACOAL_20_9Z	0.14303989920894508	6.546437607986947e-10
FACOAL_21_0	0.14303989920894508	6.546437607986947e-10
FACOAL_22_0	0.14303989920894508	6.546437607986947e-10
FACOAL_22_10Z13Z16Z	0.14303989920894508	6.546437607986947e-10
FACOAL_22_10Z13Z16Z19Z	0.14303989920894508	6.546437607986947e-10
FACOAL_22_11Z	0.14303989920894508	6.546437607986947e-10
FACOAL_22_13Z	0.14303989920894508	6.546437607986947e-10
FACOAL_22_13Z16Z	0.14303989920894508	6.546437607986947e-10
FACOAL_22_13Z16Z19Z	0.14303989920894508	6.546437607986947e-10
FACOAL_22_4Z7Z10Z13Z16Z	0.14303989920894508	6.546437607986947e-10
FACOAL_22_4Z7Z10Z13Z16Z19Z	0.14303989920894508	6.546437607986947e-10
FACOAL_22_7Z10Z13Z16Z	0.14303989920894508	6.546437607986947e-10
FACOAL_22_7Z10Z13Z16Z19Z	0.14303989920894508	6.546437607986947e-10
FACOAL_23_0	0.14303989920894508	6.546437607986947e-10
FACOAL_24_0	0.14303989920894508	6.546437607986947e-10
FACOAL_24_12Z15Z18Z21Z	0.14303989920894508	6.546437607986947e-10
FACOAL_24_15Z	0.14303989920894508	6.546437607986947e-10
FACOAL_24_6Z9Z12Z15Z18Z	0.14303989920894508	6.546437607986947e-10
FACOAL_24_6Z9Z12Z15Z18Z21Z	0.14303989920894508	6.546437607986947e-10
FACOAL_24_9Z12Z15Z18Z	0.14303989920894508	6.546437607986947e-10
FACOAL_24_9Z12Z15Z18Z21Z	0.14303989920894508	6.546437607986947e-10
FACOAL_26_0	0.14303989920894508	6.546437607986947e-10
FACOAL_26_17Z	0.14303989920894508	6.546437607986947e-10
FACOAL_2_0	0.14303989920894508	6.546437607986947e-10
FACOAL_3_0	0.14303989920894508	6.546437607986947e-10
FADL	-0.03080278021517963	0.1856427584366631
FADRy
FAWOXx_10_10OH
FAWOXx_10_10OXO
FAWOXx_12_12OH
FAWOXx_12_12OXO
FAWOXx_14_14OH
FAWOXx_14_14OXO
FAWOXx_16_016OH
FAWOXx_16_016OXO
FAWOXx_20_5Z8Z11Z14Z20OH
FAWOXx_20_5Z8Z11Z14Z20OXO
FAWOXx_22_22OH
FAWOXx_22_22OXO
FAt_16_0	0.14303989920894508	6.546437607986947e-10
FAt_16_2E	0.14303989920894508	6.546437607986947e-10
FAt_18_0	0.14303989920894508	6.546437607986947e-10
FAt_18_9Z	0.14303989920894508	6.546437607986947e-10
FAt_18_9Z12Z	0.028778273913524912	0.2162541420588267
FAt_20_5Z8Z11Z14Z	0.028778273913524912	0.2162541420588267
FAt_hs_10_0
FAt_hs_11_0
FAt_hs_12_0	0.14303989920894508	6.546437607986947e-10
FAt_hs_13_0	0.14303989920894508	6.546437607986947e-10
FAt_hs_14_0	0.14303989920894508	6.546437607986947e-10
FAt_hs_14_5Z	0.14303989920894508	6.546437607986947e-10
FAt_hs_14_7Z	0.14303989920894508	6.546437607986947e-10
FAt_hs_14_9Z	0.14303989920894508	6.546437607986947e-10
FAt_hs_15_0	0.14303989920894508	6.546437607986947e-10
FAt_hs_16_7Z	0.14303989920894508	6.546437607986947e-10
FAt_hs_16_9Z	0.14303989920894508	6.546437607986947e-10
FAt_hs_17_0	0.14303989920894508	6.546437607986947e-10
FAt_hs_17_10Z	0.14303989920894508	6.546437607986947e-10
FAt_hs_17_9Z	0.14303989920894508	6.546437607986947e-10
FAt_hs_18_11Z	0.14303989920894508	6.546437607986947e-10
FAt_hs_18_13Z	0.14303989920894508	6.546437607986947e-10
FAt_hs_18_6Z9Z	0.14303989920894508	6.546437607986947e-10
FAt_hs_18_6Z9Z12Z	0.14303989920894508	6.546437607986947e-10
FAt_hs_18_6Z9Z12Z15Z	0.14303989920894508	6.546437607986947e-10
FAt_hs_18_7Z	0.14303989920894508	6.546437607986947e-10
FAt_hs_18_9E	0.14303989920894508	6.546437607986947e-10
FAt_hs_18_9Z12Z15Z	0.14303989920894508	6.546437607986947e-10
FAt_hs_19_0	0.14303989920894508	6.546437607986947e-10
FAt_hs_20_0	0.14303989920894508	6.546437607986947e-10
FAt_hs_20_11Z	0.14303989920894508	6.546437607986947e-10
FAt_hs_20_11Z14Z	0.14303989920894508	6.546437607986947e-10
FAt_hs_20_11Z14Z17Z	0.14303989920894508	6.546437607986947e-10
FAt_hs_20_13Z	0.14303989920894508	6.546437607986947e-10
FAt_hs_20_5Z8Z11Z	0.14303989920894508	6.546437607986947e-10
FAt_hs_20_5Z8Z11Z14Z17Z	0.028778273913524912	0.2162541420588267
FAt_hs_20_8Z11Z	0.14303989920894508	6.546437607986947e-10
FAt_hs_20_8Z11Z14Z	0.14703545829543851	2.1380118245594986e-10
FAt_hs_20_8Z11Z14Z17Z	0.14303989920894508	6.546437607986947e-10
FAt_hs_20_9Z	0.14303989920894508	6.546437607986947e-10
FAt_hs_21_0	0.14303989920894508	6.546437607986947e-10
FAt_hs_22_0	0.14303989920894508	6.546437607986947e-10
FAt_hs_22_10Z13Z16Z	0.14303989920894508	6.546437607986947e-10
FAt_hs_22_10Z13Z16Z19Z	0.14303989920894508	6.546437607986947e-10
FAt_hs_22_11Z	0.14303989920894508	6.546437607986947e-10
FAt_hs_22_13Z	0.14303989920894508	6.546437607986947e-10
FAt_hs_22_13Z16Z	0.14303989920894508	6.546437607986947e-10
FAt_hs_22_13Z16Z19Z	0.14303989920894508	6.546437607986947e-10
FAt_hs_22_4Z7Z10Z13Z16Z	0.14303989920894508	6.546437607986947e-10
FAt_hs_22_4Z7Z10Z13Z16Z19Z	0.028778273913524912	0.2162541420588267
FAt_hs_22_7Z10Z13Z16Z	0.14303989920894508	6.546437607986947e-10
FAt_hs_22_7Z10Z13Z16Z19Z	0.14303989920894508	6.546437607986947e-10
FAt_hs_23_0	0.14303989920894508	6.546437607986947e-10
FAt_hs_24_0	0.14303989920894508	6.546437607986947e-10
FAt_hs_24_12Z15Z18Z21Z	0.14303989920894508	6.546437607986947e-10
FAt_hs_24_15Z	0.14303989920894508	6.546437607986947e-10
FAt_hs_24_6Z9Z12Z15Z18Z	0.14303989920894508	6.546437607986947e-10
FAt_hs_24_6Z9Z12Z15Z18Z21Z	0.14303989920894508	6.546437607986947e-10
FAt_hs_24_9Z12Z15Z18Z	0.14303989920894508	6.546437607986947e-10
FAt_hs_24_9Z12Z15Z18Z21Z	0.14303989920894508	6.546437607986947e-10
FAt_hs_26_0	0.14303989920894508	6.546437607986947e-10
FAt_hs_26_17Z	0.14303989920894508	6.546437607986947e-10
FAt_hs_4_0	0.10183610767248959	1.1534103714948263e-05
FAt_hs_5_0
FAt_hs_6_0
FAt_hs_7_0
FAt_hs_8_0
FAt_hs_9_0
FBA	0.10496554917809318	6.133321733118055e-06
FBA2	0.08031027146085767	0.0005489584104882967
FBA3
FBA6
FCYTOB5OXR	0.12955406705899786	2.282243133038291e-08
FE2DMT1t	0.11492803396420924	7.283500831950016e-07
FE2PHEMEABCte
FE2_2HCO3t	0.11360001534649042	9.77913152373856e-07
FE2t	0.11492803396420924	7.283500831950016e-07
FE3RD	0.11360001534649042	9.77913152373856e-07
FE3t	-0.03416656586421119	0.14204994682446326
FEROX	0.11360001534649042	9.77913152373856e-07
FEROXe	0.1218036323609059	1.5032325000906425e-07
FISC
FK
FKYNH
FLDPP
FLVRy
FMNAT	-0.03080278021517963	0.1856427584366631
FMNPH	0.14303989920894508	6.546437607986947e-10
FMNRy	0.1650286578258421	9.434777605215242e-13
FOR_Cltex	0.11734306248452364	4.226599920787837e-07
FPDPP
FRNSL2E6EDH
FRU3K
FRUt1r	0.11360001534649042	9.77913152373856e-07
FTHFL	0.07960917050105225	0.0006139164150673742
FUM	0.014873897531565811	0.5228181621139345
FUMAC	-0.07573798441904624	0.001120698954219577
FUMAC2	0.10183610767248959	1.1534103714948263e-05
FUTGAL2A
FUTGLOBO1
FUTINLC8CER1
FUTINLC8CER2
FUTLC4CER
FUTLC5CER
FUTNLC5CER
FUTNLC6CER
FUTNLC7CER
FUTPGBSIDE
FYDPP
G16BPS1	0.15378623006311884	3.009237266021691e-11
G16BPS2	0.15378623006311884	3.009237266021691e-11
G1PPa	0.14303989920894508	6.546437607986947e-10
G3PP	0.14303989920894508	6.546437607986947e-10
G6PDA	0.06564902397889677	0.004753489406432275
G6PDH2	-0.04651853069481505	0.0455558811326075
G6PM	0.10851171471162409	2.933859325962932e-06
GAL1PP	0.14303989920894508	6.546437607986947e-10
GALK	0.14322414209229586	6.221401656778654e-10
GALM	0.0007929756183251695	0.972824783943804
GALOR	0.059167553973215437	0.010958334995369733
GALT	0.07223398028984428	0.0018888163991845196
GALU	0.07223398028984428	0.0018888163991845196
GAL_Dt	0.0007929756183251695	0.972824783943804
GAL_bDt	0.0007929756183251695	0.972824783943804
GAMt1r	-0.0029223918644908876	0.9000927909672332
GAPD	-0.07697134386541374	0.0009278151336865974
GAPP	0.09127056473748729	8.525688372038063e-05
GARFT
GCHOGTHABCte	0.14073090470901833	1.2324830530707517e-09
GCHOLAte	0.14073090470901833	1.2324830530707517e-09
GDCHOGTHABCte	0.14073090470901833	1.2324830530707517e-09
GDCHOLAte	0.14073090470901833	1.2324830530707517e-09
GFDPP
GFUCSx
GFUCSy
GGCLUT2	0.11217257877934339	1.3373786843128252e-06
GGDPP
GGLUCT2ABUT	0.07176433910617917	0.0020223841936547783
GGLUCTC	0.07176433910617917	0.0020223841936547783
GGNG	0.07223398028984428	0.0018888163991845196
GHBDHy
GHMT2	0.11639934372636036	5.234925297226404e-07
GHMT3
GHMT4	0.11639934372636036	5.234925297226404e-07
GK1	0.14303989920894508	6.546437607986947e-10
GK2	0.14303989920894508	6.546437607986947e-10
GK3	0.14303989920894508	6.546437607986947e-10
GLACOx
GLBRAN	0.07223398028984428	0.0018888163991845196
GLCM	0.09624662325778406	3.408382420048361e-05
GLCNte
GLC_Dt	0.01933033343346759	0.40625904503286725
GLC_aDt	0.01933033343346759	0.40625904503286725
GLDBRAN	0.07223398028984428	0.0018888163991845196
GLDPP
GLGNS1	0.07223398028984428	0.0018888163991845196
GLNADMARGNaEx	0.11360001534649042	9.77913152373856e-07
GLNALANaEx	0.11360001534649042	9.77913152373856e-07
GLNARGNaEx	0.11360001534649042	9.77913152373856e-07
GLNASNNaEx	0.11360001534649042	9.77913152373856e-07
GLNCITRNaEx	0.11360001534649042	9.77913152373856e-07
GLNCYSNaEx	0.11360001534649042	9.77913152373856e-07
GLNGLYex	0.11360001534649042	9.77913152373856e-07
GLNILEex	0.11360001534649042	9.77913152373856e-07
GLNLEUex	0.11360001534649042	9.77913152373856e-07
GLNLYSNaEx	0.11360001534649042	9.77913152373856e-07
GLNMETex	0.11360001534649042	9.77913152373856e-07
GLNMMARGNaEx	0.11360001534649042	9.77913152373856e-07
GLNORNNaEx	0.11360001534649042	9.77913152373856e-07
GLNPHEex	0.11360001534649042	9.77913152373856e-07
GLNPROex	0.11360001534649042	9.77913152373856e-07
GLNS	0.07504686605186138	0.0012443556491080038
GLNSERNaEx	0.11360001534649042	9.77913152373856e-07
GLNSERex	0.11360001534649042	9.77913152373856e-07
GLNTHRNaEx	0.11360001534649042	9.77913152373856e-07
GLNTHRex	0.11360001534649042	9.77913152373856e-07
GLNTRPex	0.11360001534649042	9.77913152373856e-07
GLNTRS
GLNTYRex	0.11360001534649042	9.77913152373856e-07
GLNVALex	0.11360001534649042	9.77913152373856e-07
GLNtec	0.11360001534649042	9.77913152373856e-07
GLOBINRCCL	0.16281684738851251	1.9014044308515262e-12
GLPASE1	0.07223398028984428	0.0018888163991845196
GLPASE2	0.07223398028984428	0.0018888163991845196
GLU2ABUTS	0.07176433910617917	0.0020223841936547783
GLUCYS	0.07176433910617917	0.0020223841936547783
GLUN	0.14390428502826855	5.152257312434525e-10
GLUNaHKtex	0.11360001534649042	9.77913152373856e-07
GLUTRS
GLUte	0.11360001534649042	9.77913152373856e-07
GLXCLtex	0.11734306248452364	4.226599920787837e-07
GLXO1	0.12692096781860723	4.3853362601317377e-08
GLYADMARGNaEx	0.11360001534649042	9.77913152373856e-07
GLYALANaEx	0.11360001534649042	9.77913152373856e-07
GLYALDD	0.08650621478192408	0.00019669319468491224
GLYARGNaEx	0.11360001534649042	9.77913152373856e-07
GLYBNatex	0.11360001534649042	9.77913152373856e-07
GLYCITRNaEx	0.11360001534649042	9.77913152373856e-07
GLYCLTDx	0.12484465987813803	7.272123758538098e-08
GLYCLTDy	0.11734198120341385	4.22764018095743e-07
GLYCLTt2	0.11964981739165038	2.487875815229466e-07
GLYCTCLtex	0.11734198120341385	4.22764018095743e-07
GLYCt	0.11360001534649042	9.77913152373856e-07
GLYILEex	0.11360001534649042	9.77913152373856e-07
GLYLEUex	0.11360001534649042	9.77913152373856e-07
GLYLYSNaEx	0.11360001534649042	9.77913152373856e-07
GLYMETex	0.11360001534649042	9.77913152373856e-07
GLYMMARGNaEx	0.11360001534649042	9.77913152373856e-07
GLYORNNaEx	0.11360001534649042	9.77913152373856e-07
GLYOX	0.10183610767248959	1.1534103714948263e-05
GLYPHEex	0.11360001534649042	9.77913152373856e-07
GLYPROex	0.11360001534649042	9.77913152373856e-07
GLYSERex	0.11360001534649042	9.77913152373856e-07
GLYTHRex	0.11360001534649042	9.77913152373856e-07
GLYTRPex	0.11360001534649042	9.77913152373856e-07
GLYTRS
GLYTYRex	0.11360001534649042	9.77913152373856e-07
GLYVALex	0.11360001534649042	9.77913152373856e-07
GLY_Cl_2Nat	0.11360001534649042	9.77913152373856e-07
GLY_Cltex	0.11734306248452364	4.226599920787837e-07
GLYtec	0.1096164330887541	2.3206800221679965e-06
GMAND
GMPR	0.044313324916507094	0.056831529164773666
GMPS	0.11531354063619073	6.682337684184457e-07
GMPS2	0.11531354063619073	6.682337684184457e-07
GND	-0.04651853069481505	0.0455558811326075
GOATA	0.13373691601624385	7.87162540102179e-09
GP4AH1
GPDDA1	0.14303989920894508	6.546437607986947e-10
GPDDA2	0.14303989920894508	6.546437607986947e-10
GPDDA3	0.14303989920894508	6.546437607986947e-10
GPDDA5	0.14298434018959863	6.647660993235528e-10
GPDDA6
GPDPP
GRDX2CGTHR	0.062305628609790706	0.007379644456940923
GRDX2CGTHRDG	0.062305628609790706	0.007379644456940923
GRTT
GSNt	0.07427671716218934	0.0013969087738792923
GTHDH	-0.03655117301124374	0.11624373576040285
GTHGLXTA	0.11279390458771793	1.1675589910471124e-06
GTHLEUKTRA4	0.14303989920894508	6.546437607986947e-10
GTHLEUKTRA5	0.14303989920894508	6.546437607986947e-10
GTHNOABCte	0.14303989920894508	6.546437607986947e-10
GTHNODN	0.062305628609790706	0.007379644456940923
GTHNORDx
GTHNORDy
GTHOXABCte	0.14303989920894508	6.546437607986947e-10
GTHOXATA	0.11217257877934339	1.3373786843128252e-06
GTHOx	0.04006523391066222	0.08509395749447905
GTHOy	0.04006523391066222	0.08509395749447905
GTHP	0.11861872313145855	3.156763822256814e-07
GTHS	0.11217257877934339	1.3373786843128252e-06
GTHS2	0.11217257877934339	1.3373786843128252e-06
GTPCH1	0.11360001534649042	9.77913152373856e-07
GTPCH2	0.11360001534649042	9.77913152373856e-07
GTPCH3	0.11360001534649042	9.77913152373856e-07
GTPCH4	0.11360001534649042	9.77913152373856e-07
GUACYC	0.11360001534649042	9.77913152373856e-07
GUACYC2	0.11360001534649042	9.77913152373856e-07
GUAPRT	0.15018057980362648	8.670604543410347e-11
GUAt	-0.020432024794087053	0.3800322988273577
GUDCHOGTHABCte	0.14073090470901833	1.2324830530707517e-09
GUDCHOLAte	0.14073090470901833	1.2324830530707517e-09
GULN3D	0.11360001534649042	9.77913152373856e-07
GULND	0.11360001534649042	9.77913152373856e-07
GWDPP
H2Ot	0.025770392369732602	0.2681808929187406
H2SMT	0.15725086300679236	1.0629017839693205e-11
H2SUCCt	0.10183610767248959	1.1534103714948263e-05
HB23DPGB	0.03495416075384748	0.1330804001504316
HBCOB	0.12196442656499161	1.4472380690975143e-07
HBFE4OAR	0.16281684738851251	1.9014044308515262e-12
HBFE4OCPP	0.16281684738851251	1.9014044308515262e-12
HBFE4OPX	0.16281684738851251	1.9014044308515262e-12
HBFE4ORPX
HBGLYC	0.059167553973215437	0.010958334995369733
HBNO2R
HBNONT	0.16281684738851251	1.9014044308515262e-12
HBNOOXDNT	0.16246323422979356	2.124925852415759e-12
HBO2B1	0.060915337900294415	0.00881073505563404
HBO2B2
HCO3E	0.12626235635634347	5.153011516032273e-08
HCO3Ee	0.11360001534649042	9.77913152373856e-07
HCO3_Cltex	0.11740537451808354	4.1670669015363594e-07
HCYSADMARGNaEx	0.11360001534649042	9.77913152373856e-07
HCYSALANaEx	0.11360001534649042	9.77913152373856e-07
HCYSARGNaEx	0.11360001534649042	9.77913152373856e-07
HCYSCITRNaEx	0.11360001534649042	9.77913152373856e-07
HCYSLYSNaEx	0.11360001534649042	9.77913152373856e-07
HCYSMMARGNaEx	0.11360001534649042	9.77913152373856e-07
HCYSORNNaEx	0.11360001534649042	9.77913152373856e-07
HCYSSERNaEx	0.11360001534649042	9.77913152373856e-07
HCYSTHRNaEx	0.11360001534649042	9.77913152373856e-07
HCYSTRDX	0.05414475786151816	0.01992657353549088
HCYSte	0.11475363387724055	7.572260100542934e-07
HEMATINABCte	0.15620022580305923	1.4609083132894355e-11
HEMEGTHOHDEG	0.11217257877934339	1.3373786843128252e-06
HEX1	0.11661456146197799	4.986357418832027e-07
HEX10	-0.0029223918644908876	0.9000927909672332
HEX1a	0.11661456146197799	4.986357418832027e-07
HEX4	-0.0076071378476907274	0.7438177055169437
HEX7	0.11661456146197799	4.986357418832027e-07
HEXGA2
HEXGBSIDE
HEXGM2
HISADMARGNaEx	0.11360001534649042	9.77913152373856e-07
HISARGNaEx	0.11360001534649042	9.77913152373856e-07
HISCITRNaEx	0.11360001534649042	9.77913152373856e-07
HISCITRtex	0.11360001534649042	9.77913152373856e-07
HISD
HISLYSNaEx	0.11360001534649042	9.77913152373856e-07
HISLYStex	0.11360001534649042	9.77913152373856e-07
HISMMARGNaEx	0.11360001534649042	9.77913152373856e-07
HISORNNaEx	0.11360001534649042	9.77913152373856e-07
HISORNtex	0.11360001534649042	9.77913152373856e-07
HISTANMT	0.07040292345238819	0.0024600122747641686
HISTRS
HIStec	0.11360001534649042	9.77913152373856e-07
HMBS	0.00322919896018239	0.8896679073839333
HMGTHDH	0.16030059212662315	4.170909636613704e-12
HMOBD_Cltex
HPDHA10GTHR	-0.011685570426737074	0.6156528361582038
HPDHA11GTHR	-0.011685570426737074	0.6156528361582038
HPDHA13GTHR	-0.011685570426737074	0.6156528361582038
HPDHA14GTHR	-0.011685570426737074	0.6156528361582038
HPDHA16GTHR	-0.011685570426737074	0.6156528361582038
HPDHA17GTHR	-0.011685570426737074	0.6156528361582038
HPDHA20GTHR	-0.011685570426737074	0.6156528361582038
HPDHA4GTHR	-0.011685570426737074	0.6156528361582038
HPDHA7GTHR	-0.011685570426737074	0.6156528361582038
HPDHA8GTHR	-0.011685570426737074	0.6156528361582038
HPEPE11GTHR	-0.011685570426737074	0.6156528361582038
HPEPE12GTHR	-0.011685570426737074	0.6156528361582038
HPEPE15GTHR	-0.011685570426737074	0.6156528361582038
HPEPE18GTHR	-0.011685570426737074	0.6156528361582038
HPEPE5GTHR	-0.011685570426737074	0.6156528361582038
HPEPE8GTHR	-0.011685570426737074	0.6156528361582038
HPEPE9GTHR	-0.011685570426737074	0.6156528361582038
HPETE11GTHR	-0.011685570426737074	0.6156528361582038
HPETE12GTHR	-0.011685570426737074	0.6156528361582038
HPETE15GTHR	-0.011685570426737074	0.6156528361582038
HPETE5GTHR	-0.011685570426737074	0.6156528361582038
HPETE8GTHR	-0.011685570426737074	0.6156528361582038
HPETE9GTHR	-0.011685570426737074	0.6156528361582038
HPODE13GTHR	-0.011685570426737074	0.6156528361582038
HPODE9GTHR	-0.011685570426737074	0.6156528361582038
HPROy	0.10587802490345054	5.084517710622754e-06
HPTALDHx
HPTEAL2EDHx
HPYRRx_R	0.09689158604239798	3.0165583839497395e-05
HPYRRx_S	0.1378292511885569	2.6902741663897167e-09
HPYRRy_R	0.09689158604239798	3.0165583839497395e-05
HSERALAex	0.11071476648666581	1.8340413281885073e-06
HSERASNex	0.11071476648666581	1.8340413281885073e-06
HSERCYSex	0.11071476648666581	1.8340413281885073e-06
HSERGLNex	0.11071476648666581	1.8340413281885073e-06
HSERGLYex	0.11071476648666581	1.8340413281885073e-06
HSERILEex	0.11071476648666581	1.8340413281885073e-06
HSERL1	0.09744474264011917	2.7149570338334737e-05
HSERLEUex	0.11071476648666581	1.8340413281885073e-06
HSERMETex	0.11071476648666581	1.8340413281885073e-06
HSERPHEex	0.11071476648666581	1.8340413281885073e-06
HSERPROex	0.11071476648666581	1.8340413281885073e-06
HSERSERex	0.11071476648666581	1.8340413281885073e-06
HSERTHRex	0.11071476648666581	1.8340413281885073e-06
HSERTRPex	0.11071476648666581	1.8340413281885073e-06
HSERTYRex	0.11071476648666581	1.8340413281885073e-06
HSERVALex	0.11071476648666581	1.8340413281885073e-06
HTSULDHLA	0.031043052860312535	0.18223375172111425
HTSULGTHST	0.031043052860312535	0.18223375172111425
HXALDHx
HXDCAL2EDHx	0.14303989920894508	6.546437607986947e-10
HXDCAL2EDHy	0.14303989920894508	6.546437607986947e-10
HXDCALDHx	0.14303989920894508	6.546437607986947e-10
HXDCALDHy	0.14303989920894508	6.546437607986947e-10
HXEAL2EDHx
HXPRT	0.1505163703684327	7.865212066112859e-11
HYXNt	0.017358921172587086	0.4557985040746366
H_2Clt	0.11305366311670295	1.1028861636975542e-06
ICDHy	0.04236204331396635	0.06865850735062122
ILEADMARGNaEx	0.11360001534649042	9.77913152373856e-07
ILEARGNaEx	0.11360001534649042	9.77913152373856e-07
ILECITRNaEx	0.11360001534649042	9.77913152373856e-07
ILELEUex	0.11360001534649042	9.77913152373856e-07
ILELYSNaEx	0.11360001534649042	9.77913152373856e-07
ILEMETex	0.11360001534649042	9.77913152373856e-07
ILEMMARGNaEx	0.11360001534649042	9.77913152373856e-07
ILEORNNaEx	0.11360001534649042	9.77913152373856e-07
ILEPHEex	0.11360001534649042	9.77913152373856e-07
ILEPROex	0.11360001534649042	9.77913152373856e-07
ILESERex	0.11360001534649042	9.77913152373856e-07
ILETHRex	0.11360001534649042	9.77913152373856e-07
ILETRPex	0.11360001534649042	9.77913152373856e-07
ILETRS
ILETYRex	0.11360001534649042	9.77913152373856e-07
ILEVALex	0.11360001534649042	9.77913152373856e-07
ILEtec	0.11360001534649042	9.77913152373856e-07
IMACTD
IMGPT	0.11217433336478543	1.3368672712770567e-06
IMPC	0.07960917050105225	0.0006139164150673742
IMPD	0.11360001534649042	9.77913152373856e-07
IND56Q1ERx	0.12955406705899786	2.282243133038291e-08
IND56Q2ERy	0.0999658707994638	1.6679725977076578e-05
IND56Q2ERz	0.06160910383705682	0.008068262603246288
IND56QNGST	0.14303989920894508	6.546437607986947e-10
INDSABCte	0.11640659601285407	5.226358179717538e-07
INDStec	0.11640659601285407	5.226358179717538e-07
INOSTt	0.11360001534649042	9.77913152373856e-07
INS6P1K
INSULINGTHOR
INSt	0.06775996429770871	0.003565221706879202
It
KCC2t	0.11243934138517422	1.2617451847430219e-06
KCCt	0.11243934138517422	1.2617451847430219e-06
KHtex	0.11360001534649042	9.77913152373856e-07
KLDPP
KYNAKGAT
Kt1	0.11263314176646128	1.2093947236325655e-06
L2HGDHx
LADPP
LADRNCHRGTHABCte	0.14303989920894508	6.546437607986947e-10
LADRNCHRPX	-0.04260889779424519	0.06705885185896816
LALDO	0.16030059212662315	4.170909636613704e-12
LALDO2x	0.16030059212662315	4.170909636613704e-12
LALDO2y	0.16030059212662315	4.170909636613704e-12
LALD_Ly	0.16030059212662315	4.170909636613704e-12
LCAD	0.16030059212662315	4.170909636613704e-12
LCARR	0.16030059212662315	4.170909636613704e-12
LCARS	0.16030059212662315	4.170909636613704e-12
LCMTPP2A	0.15725086300679236	1.0629017839693205e-11
LCYSTAT
LDH_L	0.1378292511885569	2.6902741663897167e-09
LDOPAMT	0.09397392442613942	5.209829975598667e-05
LDOPAt	0.11360001534649042	9.77913152373856e-07
LDPAMCHRPX	-0.04260889779424519	0.06705885185896816
LDPAMMT	0.0862022777885979	0.00020718091273277993
LDPAMt	0.11360001534649042	9.77913152373856e-07
LDPCHRGTHABCte	0.14303989920894508	6.546437607986947e-10
LDPCHRPX_L	-0.04260889779424519	0.06705885185896816
LEUADMARGNaEx	0.11360001534649042	9.77913152373856e-07
LEUALANaEx	0.11360001534649042	9.77913152373856e-07
LEUARGNaEx	0.11360001534649042	9.77913152373856e-07
LEUCITRNaEx	0.11360001534649042	9.77913152373856e-07
LEUKTRB4ABCte	0.14073090470901833	1.2324830530707517e-09
LEUKTRB5ABCte	0.14073090470901833	1.2324830530707517e-09
LEUKTRC4ABCte	0.14303989920894508	6.546437607986947e-10
LEUKTRC5ABCte	0.14303989920894508	6.546437607986947e-10
LEULDOPAex	0.11360001534649042	9.77913152373856e-07
LEULYSNaEx	0.11360001534649042	9.77913152373856e-07
LEUMETex	0.11360001534649042	9.77913152373856e-07
LEUMMARGNaEx	0.11360001534649042	9.77913152373856e-07
LEUORNNaEx	0.11360001534649042	9.77913152373856e-07
LEUPHEex	0.11360001534649042	9.77913152373856e-07
LEUPROex	0.11360001534649042	9.77913152373856e-07
LEUSERex	0.11360001534649042	9.77913152373856e-07
LEUTHRex	0.11360001534649042	9.77913152373856e-07
LEUTRPex	0.11360001534649042	9.77913152373856e-07
LEUTRS
LEUTYRex	0.11360001534649042	9.77913152373856e-07
LEUVALex	0.11360001534649042	9.77913152373856e-07
LEUtec	0.11360001534649042	9.77913152373856e-07
LGDPP
LGFTPAP
LGGTPAP
LGTHL	0.10183610767248959	1.1534103714948263e-05
LHCYSTINt	0.11300691981933354	1.1142640101785113e-06
LIt	0.11360001534649042	9.77913152373856e-07
LKYNRtr
LLACPHEABCte	0.12618956531086717	5.245444540535891e-08
LLACPHEHYD	0.12618956531086717	5.245444540535891e-08
LLAC_2HBtex	0.1400459373763262	1.4840211307070842e-09
LLAC_5OXPROtex	0.0860013107103509	0.0002144013485824722
LLAC_ACACtex	-0.053092639958851016	0.022463869558932086
LLAC_ACtex	0.10183610767248959	1.1534103714948263e-05
LLAC_BUTtex	0.10183610767248959	1.1534103714948263e-05
LLAC_Cltex	0.11734306248452364	4.226599920787837e-07
LLAC_DLACtex	0.10183610767248959	1.1534103714948263e-05
LLAC_GLYCLTtex	0.11964981739165038	2.487875815229466e-07
LLAC_PPAtex	0.10183610767248959	1.1534103714948263e-05
LLDPP
LLLTPAP
LNAPELPLD
LNRPPHRCHRGTHABCte	0.14303989920894508	6.546437607986947e-10
LNRPPHRCHRPX	-0.04260889779424519	0.06705885185896816
LNSTLS
LPAAT	0.14303989920894508	6.546437607986947e-10
LPALPLB	0.14303989920894508	6.546437607986947e-10
LPCAT	0.14303989920894508	6.546437607986947e-10
LPCLPLB	0.14303989920894508	6.546437607986947e-10
LPCLPLD	0.14305179615413735	6.524958611136902e-10
LPCOAT	0.14303989920894508	6.546437607986947e-10
LPCOLPLD
LPCPAT	0.14303989920894508	6.546437607986947e-10
LPCSCRt	0.14303989920894508	6.546437607986947e-10
LPDPP
LPEAT	0.14303989920894508	6.546437607986947e-10
LPELPLB	0.14303989920894508	6.546437607986947e-10
LPELPLD	0.14305179615413735	6.524958611136902e-10
LPIAT	0.14303989920894508	6.546437607986947e-10
LPILPLB	0.14298434018959863	6.647660993235528e-10
LPSAT	0.14303989920894508	6.546437607986947e-10
LPSLPLB	0.14303989920894508	6.546437607986947e-10
LTA4H	0.14073090470901833	1.2324830530707517e-09
LTA5H	0.14073090470901833	1.2324830530707517e-09
LYSCITRtex	0.11360001534649042	9.77913152373856e-07
LYSORNtex	0.11360001534649042	9.77913152373856e-07
LYSTRS
LYStec	0.11360001534649042	9.77913152373856e-07
L_LACt2	0.10183610767248959	1.1534103714948263e-05
M16BPS1
MACACI	-0.07573798441904624	0.001120698954219577
MACOXO	0.07040292345238819	0.0024600122747641686
MAGL1	0.14303989920894508	6.546437607986947e-10
MAGL2	0.14303989920894508	6.546437607986947e-10
MAGOK
MALDHx
MAN1PT
MAN6PI	0.11273996606354397	1.181438008718349e-06
MANt1r	-0.0076071378476907274	0.7438177055169437
MCLOR
MCOATA
MCPST	0.07698339201878233	0.0009260925983942794
MCPST3	0.07698339201878233	0.0009260925983942794
MCPST4	0.07698339201878233	0.0009260925983942794
MDH	0.029287175016324562	0.2082377359619184
MDHDASCBRy	0.10059090834061896	1.475559733125051e-05
MDRPD	0.07059425885510302	0.0023936784489174056
ME2	0.11360001534649042	9.77913152373856e-07
ME2DMT1t	0.062496983983396745	0.007199923388652395
MEOHP	0.15725086300679236	1.0629017839693205e-11
MERCPURMT	0.06709389228108574	0.003907212272026544
MERCPURPRT	0.06709389228108574	0.003907212272026544
MERCPURt	0.06709389228108574	0.003907212272026544
METADMARGNaEx	0.11360001534649042	9.77913152373856e-07
METARGNaEx	0.11360001534649042	9.77913152373856e-07
METAT	0.10713081887994991	3.920525238258869e-06
METCITRNaEx	0.11360001534649042	9.77913152373856e-07
METHBCYTBR	0.12955406705899786	2.282243133038291e-08
METHBFMNR	0.1650286578258421	9.434777605215242e-13
METHBHEMED	0.16262412258236636	2.020204158400331e-12
METHBNO2A
METHBONOOD1	0.1026946505796419	9.71651384995562e-06
METHBONOOD2	0.16281684738851251	1.9014044308515262e-12
METHBONOOX	0.13629685332317862	4.03660353944918e-09
METHBPX
METHBRCCL	0.16281684738851251	1.9014044308515262e-12
METHBRHEMED	0.16281684738851251	1.9014044308515262e-12
METLYSNaEx	0.11360001534649042	9.77913152373856e-07
METMMARGNaEx	0.11360001534649042	9.77913152373856e-07
METMSPYRAT
METORNNaEx	0.11360001534649042	9.77913152373856e-07
METPHEex	0.11360001534649042	9.77913152373856e-07
METPROex	0.11360001534649042	9.77913152373856e-07
METSELNEORy
METSELNIORy
METSERex	0.11360001534649042	9.77913152373856e-07
METSOXTRD	0.05414475786151816	0.01992657353549088
METTHRex	0.11360001534649042	9.77913152373856e-07
METTRPex	0.11360001534649042	9.77913152373856e-07
METTRS
METTYRex	0.11360001534649042	9.77913152373856e-07
METVALex	0.11360001534649042	9.77913152373856e-07
METtec	0.10400014488506021	7.466945408533931e-06
MG2NAtex2	0.11360956999144223	9.758537556737212e-07
MG2tec	0.11360956999144223	9.758537556737212e-07
MI13456P3PP
MI1345P3PP	0.14303989920894508	6.546437607986947e-10
MI1345P5PP
MI1456P6PP
MI145P5PP	0.14303989920894508	6.546437607986947e-10
MI14P1PP	0.14303989920894508	6.546437607986947e-10
MI14P4PP	0.14303989920894508	6.546437607986947e-10
MI1PP	0.14303989920894508	6.546437607986947e-10
MI3PP	0.14300962048488614	6.601414871654806e-10
MI3PS	0.14300962048488614	6.601414871654806e-10
MI4PP	0.14303989920894508	6.546437607986947e-10
MMALNDHx
MMARGARGtex	0.11360001534649042	9.77913152373856e-07
MMARGCITRtex	0.11360001534649042	9.77913152373856e-07
MMARGHIStex	0.11360001534649042	9.77913152373856e-07
MMARGLYStex	0.11360001534649042	9.77913152373856e-07
MMARGORNtex	0.11360001534649042	9.77913152373856e-07
MMARGt_L	0.11360001534649042	9.77913152373856e-07
MMAt2
MMCD	0.14303989920894508	6.546437607986947e-10
MN2_2HCO3t	0.062496983983396745	0.007199923388652395
MN2t	0.062496983983396745	0.007199923388652395
MNDN2ERy
MPDPP
MPMOBDT
MPOe	0.11209963367270634	1.3588073383018933e-06
MPTAT
MTAP	0.07059425885510302	0.0023936784489174056
MTHFC	0.07960917050105225	0.0006139164150673742
MTHFD	0.11639934372636036	5.234925297226404e-07
MTMERCPURPRT	0.06709389228108574	0.003907212272026544
MTOX	0.15725086300679236	1.0629017839693205e-11
MTRI	0.07059425885510302	0.0023936784489174056
N1ASPMDOX
N1SPRMOX
NABTNO
NACCYSDAC	0.10103631342130841	1.35155650563283e-05
NACCYS_Cltex	0.10103631342130841	1.35155650563283e-05
NACt	0.07758945150731901	0.0008431681858083761
NADHHR	-0.07896683531512469	0.0006796350113759124
NADHHS	-0.07896683531512469	0.0006796350113759124
NADHXD	-0.07896683531512469	0.0006796350113759124
NADHXE	-0.07896683531512469	0.0006796350113759124
NADK	0.12017825287903797	2.2003656834789252e-07
NADL	0.11360001534649042	9.77913152373856e-07
NADN	0.14393557370882584	5.107648794291824e-10
NADN2
NADPHPPS	0.12017825287903797	2.2003656834789252e-07
NADPHXD	0.14303989920894508	6.546437607986947e-10
NADPHXE	0.05784892738033428	0.012874159375209767
NADPL
NADPN
NADS2	0.07415293187250036	0.0014229780016267795
NAMNPP	0.14908867417969995	1.1886922512511648e-10
NAPEPLD
NAPRT	0.08750442269026185	0.00016564914956861568
NAt	0.11361624312209083	9.744179119421446e-07
NDPADPe	0.11360001534649042	9.77913152373856e-07
NDPC	0.11360001534649042	9.77913152373856e-07
NDPK1	-0.06966559814891213	0.002731652786050609
NDPK10
NDPK2	-0.06611943546836568	0.004461323069287558
NDPK3	-0.0733128249509194	0.0016120868308277792
NDPK4
NDPK5
NDPK6
NDPK7	0.14303989920894508	6.546437607986947e-10
NDPK8	0.14305004156869533	6.528122052539092e-10
NDPK9	0.13407197621702868	7.217870599345453e-09
NEDD8E1ACT	0.07443691509252319	0.0013638242292059
NEDD8E1E2T	0.07443691509252319	0.0013638242292059
NEDD8E2CONJT	0.07443691509252319	0.0013638242292059
NEU24
NEU25
NEU31
NEU31e	0.11360001534649042	9.77913152373856e-07
NEU32
NEU32e	0.11360001534649042	9.77913152373856e-07
NEU33
NEU33e	0.11360001534649042	9.77913152373856e-07
NEU34
NEU34e	0.11360001534649042	9.77913152373856e-07
NEU35e	0.11360001534649042	9.77913152373856e-07
NEU36
NEU36e	0.11360001534649042	9.77913152373856e-07
NEU37e	0.11360001534649042	9.77913152373856e-07
NEU39e	0.11360001534649042	9.77913152373856e-07
NH3t	0.004779151238934335	0.8373298636654044
NH4t	0.004779151238934335	0.8373298636654044
NICHYD	0.08750442269026185	0.00016564914956861568
NICRNSt	0.07758945150731901	0.0008431681858083761
NKCC2t	0.11360001534649042	9.77913152373856e-07
NKCCt	0.11360001534649042	9.77913152373856e-07
NMNAT	0.14303989920894508	6.546437607986947e-10
NMNHAT	0.14303989920894508	6.546437607986947e-10
NMNHYD	0.12021161567929661	2.183333187873568e-07
NMNN	0.12021161567929661	2.183333187873568e-07
NMNS	0.12021161567929661	2.183333187873568e-07
NNAT	0.07415293187250036	0.0014229780016267795
NNDPR
NO2_2Natex	0.11360001534649042	9.77913152373856e-07
NO2_Cltex	0.11734306248452364	4.226599920787837e-07
NO3_Cltex	0.11734306248452364	4.226599920787837e-07
NO3t	0.05863190614111656	0.011703730291450885
NONALDHx
NONEAL2EDHx
NOS1	0.11360001534649042	9.77913152373856e-07
NOS2	0.11360001534649042	9.77913152373856e-07
NOt	0.008774901475386504	0.7061953494937065
NRHK	0.14303989920894508	6.546437607986947e-10
NRPPHRCHR1ERx	0.12955406705899786	2.282243133038291e-08
NRPPHRCHR2ERy	0.0999658707994638	1.6679725977076578e-05
NRPPHRCHR2ERz	0.06160910383705682	0.008068262603246288
NRPPHRCHRGST	0.14303989920894508	6.546437607986947e-10
NRPPHRGTHABCte	0.14303989920894508	6.546437607986947e-10
NRPPHRPX_L	-0.04260889779424519	0.06705885185896816
NRPPHRQ1ERx_L	0.12955406705899786	2.282243133038291e-08
NRPPHRQ2ERy_L	0.0999658707994638	1.6679725977076578e-05
NRPPHRQ2ERz_L	0.06160910383705682	0.008068262603246288
NRPPHRQGST_L	0.14303989920894508	6.546437607986947e-10
NTD2AMP
NTD2CMP
NTD2GMP
NTD2UMP
NTDAMP	0.11217433336478543	1.3368672712770567e-06
NTDAMPe
NTDCMP	-0.020730013314817077	0.37312113779878053
NTDDAMP	0.026468397841400478	0.25542850358672636
NTDDCMP
NTDDGMP	0.026515238140241485	0.2545880821424208
NTDDIMP	0.1591776146489582	5.8985446754374965e-12
NTDDTMP	-0.021063484403258493	0.36547990320837154
NTDDUMP	-0.021063484403258493	0.36547990320837154
NTDGMP	0.11217433336478543	1.3368672712770567e-06
NTDIMP	0.11217433336478543	1.3368672712770567e-06
NTDPSUMP
NTDSAMP
NTDSZMP	0.11217433336478543	1.3368672712770567e-06
NTDUMP	-0.020730013314817077	0.37312113779878053
NTDXMP	0.11217433336478543	1.3368672712770567e-06
NTDZMP	0.11217433336478543	1.3368672712770567e-06
NTPA	0.14303989920894508	6.546437607986947e-10
NTPAe	0.11360001534649042	9.77913152373856e-07
NTPC	0.09559173494023876	3.855363769171392e-05
NTPG	0.14303989920894508	6.546437607986947e-10
NTPPDC	0.14303989920894508	6.546437607986947e-10
NTPPDI
NTPPI	0.14303989920894508	6.546437607986947e-10
NTPPX
NTPU	0.09559173494023876	3.855363769171392e-05
NaHtex	0.11360001534649042	9.77913152373856e-07
NaKt	0.12664815973870866	4.68883857618521e-08
NaLitex	0.11360001534649042	9.77913152373856e-07
O2S_Cltex	0.11734306248452364	4.226599920787837e-07
O2St	0.008774901475386504	0.7061953494937065
O2t	0.008774901475386504	0.7061953494937065
OAADC	0.10598849816765578	4.9698582839915554e-06
OCTALDHx
OCTEAL2EDHx
OMPDC	0.14323163688246857	6.208518151234169e-10
ONOO_Cltex	0.11734306248452364	4.226599920787837e-07
OPHGLXTA	0.11279390458771793	1.1675589910471124e-06
OPHOXATA	0.11217257877934339	1.3373786843128252e-06
ORNDC	0.11360001534649042	9.77913152373856e-07
ORNtec	0.11360001534649042	9.77913152373856e-07
OROTGLUex	0.14323163688246857	6.208518151234169e-10
ORPT	0.14323163688246857	6.208518151234169e-10
OXOGAH	0.1384076110509852	2.3055871312171573e-09
OXOSUCAH	0.2166147222816495	4.613271648645688e-21
OXYHBAOX	0.16281684738851251	1.9014044308515262e-12
OXYHBNO2OX	0.1026946505796419	9.71651384995562e-06
OXYHBNOD	0.16246323422979356	2.124925852415759e-12
OXYHBONOOX	0.13629685332317862	4.03660353944918e-09
OXYHBPX	0.16281684738851251	1.9014044308515262e-12
P5CRx	0.10587802490345054	5.084517710622754e-06
P5CRy	0.10587802490345054	5.084517710622754e-06
PAFH	0.0645310078412053	0.005518497745791249
PAFS	0.0645310078412053	0.005518497745791249
PAN4PP	0.11758170892851515	4.00294477699518e-07
PAPLA2	0.14303989920894508	6.546437607986947e-10
PAPP	0.1339796450809956	7.392560080885911e-09
PAPPO	0.1339796450809956	7.392560080885911e-09
PCETHTP	0.11360001534649042	9.77913152373856e-07
PCFLOPt	0.11360001534649042	9.77913152373856e-07
PCOPLA2	0.14303989920894508	6.546437607986947e-10
PCPLA2	0.14303989920894508	6.546437607986947e-10
PCPLD	0.11360001534649042	9.77913152373856e-07
PCPPLA2	0.14303989920894508	6.546437607986947e-10
PCSCRt	0.1373452252572516	3.059622108033598e-09
PDEA	0.11360001534649042	9.77913152373856e-07
PDEG	0.14428000311057265	4.640819239839413e-10
PDEI	0.11360001534649042	9.77913152373856e-07
PDX5PO	0.14034179471766567	1.3697740295123236e-09
PDXPP	0.14034179471766567	1.3697740295123236e-09
PEFLIPt	0.1152288155567242	6.810216398677817e-07
PEFLOPt	0.11360001534649042	9.77913152373856e-07
PENMT1	0.0862022777885979	0.00020718091273277993
PENMT2	0.0862022777885979	0.00020718091273277993
PENMT3	0.0862022777885979	0.00020718091273277993
PEPCK	0.14303989920894508	6.546437607986947e-10
PEPLA2	0.14303989920894508	6.546437607986947e-10
PEPPLA2	0.14303989920894508	6.546437607986947e-10
PEPTDPROI
PESCRt	0.13022914024158766	1.926307714265284e-08
PETHCT	0.14303989920894508	6.546437607986947e-10
PFDPP
PFK	0.10496554917809318	6.133321733118055e-06
PGA1GTHABC	0.14303989920894508	6.546437607986947e-10
PGA2GTHABC	0.14303989920894508	6.546437607986947e-10
PGA3GTHABC	0.14303989920894508	6.546437607986947e-10
PGCD	0.11360001534649042	9.77913152373856e-07
PGD21GH
PGD2Ry	0.14073090470901833	1.2324830530707517e-09
PGD2S	0.11360001534649042	9.77913152373856e-07
PGD2te	0.11360001534649042	9.77913152373856e-07
PGDF21GH
PGE1ABCte	0.14073090470901833	1.2324830530707517e-09
PGE1DHy
PGE1Ry	0.14073090470901833	1.2324830530707517e-09
PGE1S	0.1504913068999641	7.922712550167112e-11
PGE21GH
PGE2ABCte	0.14073090470901833	1.2324830530707517e-09
PGE2DHy
PGE2Ry	0.14073090470901833	1.2324830530707517e-09
PGE2S	0.11360001534649042	9.77913152373856e-07
PGE2te	0.11360001534649042	9.77913152373856e-07
PGE3ABCte	0.14073090470901833	1.2324830530707517e-09
PGE3DHy
PGE3Ry	0.14073090470901833	1.2324830530707517e-09
PGE3S	0.1504913068999641	7.922712550167112e-11
PGF1ABCte	0.14073090470901833	1.2324830530707517e-09
PGF1DHy
PGF2ABCte	0.14073090470901833	1.2324830530707517e-09
PGF2DHy
PGF3ABCte	0.14073090470901833	1.2324830530707517e-09
PGF3DHy
PGG1GTHR	0.1504913068999641	7.922712550167112e-11
PGG1S	0.1504913068999641	7.922712550167112e-11
PGG2GTHR	0.11360001534649042	9.77913152373856e-07
PGG2S	0.11360001534649042	9.77913152373856e-07
PGG3GTHR	0.1504913068999641	7.922712550167112e-11
PGG3S	0.1504913068999641	7.922712550167112e-11
PGH2Ry	0.14073090470901833	1.2324830530707517e-09
PGI	0.10851171471162409	2.933859325962932e-06
PGK	0.06749517310413874	0.003697779040499051
PGL	-0.04651853069481505	0.0455558811326075
PGLYCK	0.08617177938473566	0.00020826178554497662
PGLYCP	0.08617177938473566	0.00020826178554497662
PGM	0.02724670911960853	0.24171277175441977
PGMT	0.08966407201273516	0.00011353534352909042
PGMTa	0.15491255123856926	2.1510054787682526e-11
PHEADMARGNaEx	0.11360001534649042	9.77913152373856e-07
PHEALANaEx	0.11360001534649042	9.77913152373856e-07
PHEARGNaEx	0.11360001534649042	9.77913152373856e-07
PHECITRNaEx	0.11360001534649042	9.77913152373856e-07
PHELYSNaEx	0.11360001534649042	9.77913152373856e-07
PHEMEt
PHEMMARGNaEx	0.11360001534649042	9.77913152373856e-07
PHEORNNaEx	0.11360001534649042	9.77913152373856e-07
PHEPROex	0.11360001534649042	9.77913152373856e-07
PHESERex	0.11360001534649042	9.77913152373856e-07
PHETA1	0.09744474264011917	2.7149570338334737e-05
PHETHRex	0.11360001534649042	9.77913152373856e-07
PHETRPex	0.11360001534649042	9.77913152373856e-07
PHETRS
PHETYRex	0.11360001534649042	9.77913152373856e-07
PHEVALex	0.11360001534649042	9.77913152373856e-07
PHEtec	0.05276496042886053	0.023309399095917154
PHLAC
PHPT1	0.10935166186607535	2.455324514395982e-06
PHPT2	0.10935166186607535	2.455324514395982e-06
PHPYRAT	0.09744474264011917	2.7149570338334737e-05
PHPYRT
PI2Natex	0.11360001534649042	9.77913152373856e-07
PI345P5P	0.0962362469533082	3.415064403064361e-05
PI34P5K	0.0962362469533082	3.415064403064361e-05
PI35P3P	0.14303989920894508	6.546437607986947e-10
PI35P4K
PI35P5P	0.11360001534649042	9.77913152373856e-07
PI3K	0.11360001534649042	9.77913152373856e-07
PI3P4K
PI3P5K	0.14285256654342565	6.893879596296284e-10
PI3PP	0.11360001534649042	9.77913152373856e-07
PI45P4P	0.14303989920894508	6.546437607986947e-10
PI45P5P	0.14303989920894508	6.546437607986947e-10
PI45PLC	0.14303989920894508	6.546437607986947e-10
PI4K	0.14305404430589072	6.520907475085052e-10
PI4P5K	0.14303989920894508	6.546437607986947e-10
PI4PLC	0.14303989920894508	6.546437607986947e-10
PI4PP	0.14306298270619947	6.504824850573562e-10
PI5K	0.14303989920894508	6.546437607986947e-10
PI5P4KA	0.14303989920894508	6.546437607986947e-10
PI5P4KG	0.14303989920894508	6.546437607986947e-10
PIPLA2	0.14303989920894508	6.546437607986947e-10
PIPLC	0.14303989920894508	6.546437607986947e-10
PLDPP
PMANM
PNP	0.07121078023764933	0.0021909109035480956
PNP2	0.07121078023764933	0.0021909109035480956
PNTOK	0.14303989920894508	6.546437607986947e-10
POLYADPRH
POLYUBBPL	0.1163197597248882	5.329831140418078e-07
PPA	0.14271563755433597	7.15914432508057e-10
PPA2	0.11360001534649042	9.77913152373856e-07
PPALDHx
PPA_ACACtex	-0.053092639958851016	0.022463869558932086
PPA_ACtex	0.10183610767248959	1.1534103714948263e-05
PPA_GLYCLTtex	0.11964981739165038	2.487875815229466e-07
PPAe	0.11360001534649042	9.77913152373856e-07
PPAt2r	0.10183610767248959	1.1534103714948263e-05
PPBNGS	0.00322919896018239	0.8896679073839333
PPCDC	0.14303989920894508	6.546437607986947e-10
PPDOy	0.16030059212662315	4.170909636613704e-12
PPDPP
PPGPPDP
PPM	0.08966407201273516	0.00011353534352909042
PPM2	0.06910982536444243	0.002954208467556873
PPMEPP2A	0.15725086300679236	1.0629017839693205e-11
PPNCL3	0.14303989920894508	6.546437607986947e-10
PPP9ABCte
PRAGS
PRAIS
PRASCS
PRDX1GRDX2CDG	-0.03247131964593701	0.1629216041488683
PRDX1GTHDG	-0.03247131964593701	0.1629216041488683
PRDX1GTHG	-0.03247131964593701	0.1629216041488683
PRDX1OX1	-0.03247131964593701	0.1629216041488683
PRDX2OX1	-0.01591668902803784	0.49409333464273997
PRDX2OX2	-0.01591668902803784	0.49409333464273997
PRDX2SO2OX1	-0.01864104382932068	0.42320373833980174
PRDX2SOOX1	-0.01864104382932068	0.42320373833980174
PRDX2SOR	0.07812295960107395	0.000775921430115685
PRDX2TRDXRD	0.07812295960107395	0.000775921430115685
PRFGS
PRGNABCte
PRGNSABCte	0.11360001534649042	9.77913152373856e-07
PRGNStec	0.11360001534649042	9.77913152373856e-07
PRGSTRNRy	0.18071154763048358	4.966057953246921e-15
PRMTADMA	0.09730373388325372	2.788996889258051e-05
PRMTMMA	0.11938375661999637	2.64603633058783e-07
PRMTSDMA	0.11938375661999637	2.64603633058783e-07
PROADMARGNaEx	0.11360001534649042	9.77913152373856e-07
PROARGNaEx	0.11360001534649042	9.77913152373856e-07
PROCITRNaEx	0.11360001534649042	9.77913152373856e-07
PROLYSNaEx	0.11360001534649042	9.77913152373856e-07
PROMMARGNaEx	0.11360001534649042	9.77913152373856e-07
PROORNNaEx	0.11360001534649042	9.77913152373856e-07
PROSERex	0.11360001534649042	9.77913152373856e-07
PROSTGA1GST	0.14303989920894508	6.546437607986947e-10
PROSTGA2GST	0.14303989920894508	6.546437607986947e-10
PROSTGA3GST	0.14303989920894508	6.546437607986947e-10
PROTCDGLAC_D	0.10183610767248959	1.1534103714948263e-05
PROTCDGLAC_L	0.12257898794721486	1.2512243461721127e-07
PROTCSAE_14_0	0.14303989920894508	6.546437607986947e-10
PROTCSAE_16_0	0.14303989920894508	6.546437607986947e-10
PROTCSAE_18_0	0.14303989920894508	6.546437607986947e-10
PROTCSAT_14_0	0.14303989920894508	6.546437607986947e-10
PROTCSAT_16_0	0.14303989920894508	6.546437607986947e-10
PROTCSAT_18_0	0.14303989920894508	6.546437607986947e-10
PROTCSNOCOANT	0.11678736673063432	4.795044741079067e-07
PROTDMT_D	0.15725086300679236	1.0629017839693205e-11
PROTGMT	0.1296319221518881	2.2381472769651407e-08
PROTHRex	0.11360001534649042	9.77913152373856e-07
PROTISODMT_L	0.15725086300679236	1.0629017839693205e-11
PROTKDAC	0.10183610767248959	1.1534103714948263e-05
PROTKDGLAC_D	0.10183610767248959	1.1534103714948263e-05
PROTKDGLAC_L	0.12257898794721486	1.2512243461721127e-07
PROTKF6PPP	0.059167553973215437	0.010958334995369733
PROTKFRU3K	0.14303989920894508	6.546437607986947e-10
PROTKNADDAC	0.09774068271800793	2.565594454208418e-05
PROTKRBLK
PROTKRU5PPP	0.10099900494354352	1.3615497413153099e-05
PROTKSUCT
PROTKTnAgGALT	0.07223398028984428	0.0018888163991845196
PROTMSOXTRD	0.05414475786151816	0.01992657353549088
PROTNK1	0.13264949528388625	1.0414411223337326e-08
PROTNK2	0.13264949528388625	1.0414411223337326e-08
PROTQADRNLGMT	0.1582715210498347	7.787682799969475e-12
PROTQDPAMGMT	0.1582715210498347	7.787682799969475e-12
PROTQGLUN	0.1582715210498347	7.787682799969475e-12
PROTQHISTAGMT	0.1582715210498347	7.787682799969475e-12
PROTQPROTLGMT	0.16072642573392673	3.654897043239448e-12
PROTQSRTNGMT	0.1582715210498347	7.787682799969475e-12
PROTRADPRTe	0.048444452118503456	0.03730945164478293
PROTRDGLAC_D	0.10183610767248959	1.1534103714948263e-05
PROTRDGLAC_L	0.12257898794721486	1.2512243461721127e-07
PROTRPex	0.11360001534649042	9.77913152373856e-07
PROTRS
PROTS3OACGAMH	0.11360001534649042	9.77913152373856e-07
PROTSACGALT	0.07223398028984428	0.0018888163991845196
PROTSACGAMT	0.0776959191813444	0.0008293315717407907
PROTSADPRH	0.14387879361213113	5.188881254873052e-10
PROTSK	0.14303989920894508	6.546437607986947e-10
PROTSPP	0.1097230177351423	2.268503125996205e-06
PROTSTnAgGALT	0.07223398028984428	0.0018888163991845196
PROTT3OACGAMH	0.11360001534649042	9.77913152373856e-07
PROTTACGALT	0.07223398028984428	0.0018888163991845196
PROTTACGAMT	0.0776959191813444	0.0008293315717407907
PROTTK	0.14303989920894508	6.546437607986947e-10
PROTTPP	0.1097230177351423	2.268503125996205e-06
PROTYK	0.14303989920894508	6.546437607986947e-10
PROTYPP	0.02933868565072427	0.20743847882185465
PROTYRex	0.11360001534649042	9.77913152373856e-07
PROVALex	0.11360001534649042	9.77913152373856e-07
PRO_Cl_2Nat	0.11360001534649042	9.77913152373856e-07
PROtec	0.11656819190557263	5.038931912851987e-07
PRPPPP	0.1725208603416344	8.177654888729427e-14
PRPPS	0.13179930306224416	1.2942095581590283e-08
PRPPSZ
PSDC	0.11360001534649042	9.77913152373856e-07
PSERT	0.11360001534649042	9.77913152373856e-07
PSFLIPt	0.1152288155567242	6.810216398677817e-07
PSFLOPt	0.11360001534649042	9.77913152373856e-07
PSPLA2	0.14303989920894508	6.546437607986947e-10
PSP_L	0.11360001534649042	9.77913152373856e-07
PSSCRt	0.1397824984973896	1.5935209154103783e-09
PTHPS	0.11360001534649042	9.77913152373856e-07
PTPAT	0.14303989920894508	6.546437607986947e-10
PTTHK	0.11758170892851515	4.00294477699518e-07
PUNP3	0.07121078023764933	0.0021909109035480956
PUNP4	0.0719159980540285	0.0019783336283226314
PUNP5	0.07121078023764933	0.0021909109035480956
PUNP6	0.0719159980540285	0.0019783336283226314
PUNP7	0.11217433336478543	1.3368672712770567e-06
PYAM5PO	0.14034179471766567	1.3697740295123236e-09
PYDAMK	0.14034179471766567	1.3697740295123236e-09
PYDAMPP	0.14034179471766567	1.3697740295123236e-09
PYDXK	0.14034179471766567	1.3697740295123236e-09
PYDXNHt	0.11360001534649042	9.77913152373856e-07
PYDXNK	0.14034179471766567	1.3697740295123236e-09
PYDXPP	0.14034179471766567	1.3697740295123236e-09
PYDXPPe	0.11360001534649042	9.77913152373856e-07
PYK	0.08617177938473566	0.00020826178554497662
PYR_2HBtex	0.14090826619385505	1.1744429794976009e-09
PYR_2OBUTtex	0.10183610767248959	1.1534103714948263e-05
PYR_5OXPROtex	0.0860013107103509	0.0002144013485824722
PYR_ACACtex	-0.053092639958851016	0.022463869558932086
PYR_ACtex	0.10183610767248959	1.1534103714948263e-05
PYR_BUTtex	0.10183610767248959	1.1534103714948263e-05
PYR_Cltex	0.11734306248452364	4.226599920787837e-07
PYR_DLACtex	0.10183610767248959	1.1534103714948263e-05
PYR_GLYCLTtex	0.11964981739165038	2.487875815229466e-07
PYR_LLACtex	0.10183610767248959	1.1534103714948263e-05
PYR_PPAtex	0.10183610767248959	1.1534103714948263e-05
PYRt2	0.10183610767248959	1.1534103714948263e-05
Q102ERx	0.10093986828168604	1.3775341690615182e-05
Q102ERy	0.10093986828168604	1.3775341690615182e-05
Q102ERz	0.06160910383705682	0.008068262603246288
QMPNH
R15BPS1	0.1725208603416344	8.177654888729427e-14
R5PCT
R5PP	0.1296319221518881	2.2381472769651407e-08
RADH1x
RADH2x
RADH3x
RADH4x
RBFK	0.14303989920894508	6.546437607986947e-10
RBK	0.05985177952994836	0.010067657215231379
RBTCT
RBTDG2_Dx
RBTDG_Dx	0.11479147301011472	7.508687652445609e-07
RBVDA
RBVDPK	0.14303989920894508	6.546437607986947e-10
RBVIMPT	0.11217433336478543	1.3368672712770567e-06
RBVK	0.11217433336478543	1.3368672712770567e-06
RBVMPK	0.14303989920894508	6.546437607986947e-10
RBVNTD	0.11217433336478543	1.3368672712770567e-06
RBVNTPP	0.14303989920894508	6.546437607986947e-10
RBVPNP
RBVt
RDH1y
RDH2y
RDH3y
RDH4y
RIBFLVABCte	0.11640659601285407	5.226358179717538e-07
RIBFLVt	0.11640659601285407	5.226358179717538e-07
RNAMHt	0.06607030137001998	0.004491060495112246
RNAMt	0.06496138625275139	0.005211754778333174
RPE	0.1103182815304877	1.9971744349598424e-06
RPI	0.11277535162978378	1.1723151060367895e-06
RPPTPAP
RU5PCT
SAICAABCte	0.11217433336478543	1.3368672712770567e-06
SALMCOM	0.0862022777885979	0.00020718091273277993
SALMCOM2	0.0862022777885979	0.00020718091273277993
SARCS_Cl_2Nat	0.11360001534649042	9.77913152373856e-07
SBTD_D2	0.21207204921851813	3.098987758256067e-20
SBTRa	0.21207204921851813	3.098987758256067e-20
SEAHCYSHYD
SELCYSTL1
SELCYSTL2
SELDIGTHOXy	0.14052345279709696	1.3039198399677733e-09
SELGTHGTHR	0.14052345279709696	1.3039198399677733e-09
SELMETAT
SELMETHL1
SELNIOR3y	0.1175900139662741	3.995370628356956e-07
SELNI_Cltex	0.11734306248452364	4.226599920787837e-07
SERADMARGNaEx	0.11360001534649042	9.77913152373856e-07
SERALANaEx	0.11360001534649042	9.77913152373856e-07
SERARGNaEx	0.11360001534649042	9.77913152373856e-07
SERASNNaEx	0.11360001534649042	9.77913152373856e-07
SERCITRNaEx	0.11360001534649042	9.77913152373856e-07
SERCYSNaEx	0.11360001534649042	9.77913152373856e-07
SERGLNNaEx	0.11360001534649042	9.77913152373856e-07
SERHCYSNaEx	0.11360001534649042	9.77913152373856e-07
SERHL	0.14153937773892253	9.887260409518908e-10
SERLYSNaEx	0.11360001534649042	9.77913152373856e-07
SERMMARGNaEx	0.11360001534649042	9.77913152373856e-07
SERORNNaEx	0.11360001534649042	9.77913152373856e-07
SERPT	0.11360001534649042	9.77913152373856e-07
SERTHRNaEx	0.11360001534649042	9.77913152373856e-07
SERTHRex	0.11360001534649042	9.77913152373856e-07
SERTRPex	0.11360001534649042	9.77913152373856e-07
SERTRS
SERTYRex	0.11360001534649042	9.77913152373856e-07
SERVALex	0.11360001534649042	9.77913152373856e-07
SER_Cltex	0.11734306248452364	4.226599920787837e-07
SERtec	0.11202534481038934	1.3809696745503288e-06
SFGTH	0.16030059212662315	4.170909636613704e-12
SH1_Cltex	0.11734306248452364	4.226599920787837e-07
SHPK
SLDx
SMFLOPt	0.11360001534649042	9.77913152373856e-07
SMOX	0.11360001534649042	9.77913152373856e-07
SMPD	0.10433842039932988	6.970870488874236e-06
SNOCOARD
SNOCYSDN	0.062305628609790706	0.007379644456940923
SNOHBCYSTN	0.12198692805341647	1.4395648325305183e-07
SNOHBGTHTN	0.12032431141839509	2.1267355033418912e-07
SNOHBNO	0.16281684738851251	1.9014044308515262e-12
SO4Cltex2	0.11360001534649042	9.77913152373856e-07
SO4OXAtex2	0.11360001534649042	9.77913152373856e-07
SPH1tex	0.14303989920894508	6.546437607986947e-10
SPHGANK	0.14303989920894508	6.546437607986947e-10
SPHGNSK	0.14303989920894508	6.546437607986947e-10
SPHS1PABCte	0.03147552250946676	0.17621509880446212
SPHS1tex	0.14303989920894508	6.546437607986947e-10
SPMDOX	0.11360001534649042	9.77913152373856e-07
SPMDtex2	0.07974242769914372	0.0006010447399332508
SPMS	0.0792127483105322	0.0006537390901139676
SPODM	-0.09642036715832727	3.2983239581510297e-05
SPODM2	0.11360001534649042	9.77913152373856e-07
SPPTDH	0.026451317023446944	0.2557354511887575
SPPTt	0.026451317023446944	0.2557354511887575
SPRMS	0.0792127483105322	0.0006537390901139676
SRDX1GRDX2CDG	0.14303989920894508	6.546437607986947e-10
SRDX1GTHDG	0.14303989920894508	6.546437607986947e-10
SRDX1GTHRD	0.14303989920894508	6.546437607986947e-10
TAGL	0.14303989920894508	6.546437607986947e-10
TALA	0.1709310547229805	1.3868812380682374e-13
TAURt	0.11360001534649042	9.77913152373856e-07
TCHOGTHABCte	0.14073090470901833	1.2324830530707517e-09
TCHOLAte	0.14073090470901833	1.2324830530707517e-09
TDCHOGTHABCte	0.14073090470901833	1.2324830530707517e-09
TDCHOLAte	0.14073090470901833	1.2324830530707517e-09
TDECHOLAte
TETIODTHYt2
THBPT4ACAMDASE	0.06200918355365277	0.007666012856804902
THBPTt	0.02631409132397358	0.2582107341380036
THF_5FTHFtex	0.12819661134763538	3.201097560304205e-08
THF_5MTHFtex	0.12855073233758801	2.9316564245831415e-08
THF_AICARtex	0.11468510233756093	7.68871919822008e-07
THF_OHtex	0.11360001534649042	9.77913152373856e-07
THF_THMMPtex	0.14073259938178673	1.231915484833268e-09
THGDPK
THGMPABCte	0.11360001534649042	9.77913152373856e-07
THGMPK
THIMPABCte	0.14908867417969995	1.1886922512511648e-10
THIOGMPMT	0.11360001534649042	9.77913152373856e-07
THIOGMPS	0.11360001534649042	9.77913152373856e-07
THIOGMPS2	0.11360001534649042	9.77913152373856e-07
THIOGSNPNP
THIOGUAPRT
THIOIMPD	0.11360001534649042	9.77913152373856e-07
THIOIMPMT	0.06709389228108574	0.003907212272026544
THMMPP	0.14080651450313966	1.2074065283050417e-09
THMMPPe	0.11360001534649042	9.77913152373856e-07
THMMP_OHtex	0.11360001534649042	9.77913152373856e-07
THMTP	0.14303989920894508	6.546437607986947e-10
THMt3	0.11360001534649042	9.77913152373856e-07
THRA	0.11639934372636036	5.234925297226404e-07
THRADMARGNaEx	0.11360001534649042	9.77913152373856e-07
THRALANaEx	0.11360001534649042	9.77913152373856e-07
THRARGNaEx	0.11360001534649042	9.77913152373856e-07
THRASNNaEx	0.11360001534649042	9.77913152373856e-07
THRCITRNaEx	0.11360001534649042	9.77913152373856e-07
THRCYSNaEx	0.11360001534649042	9.77913152373856e-07
THRGLNNaEx	0.11360001534649042	9.77913152373856e-07
THRHCYSNaEx	0.11360001534649042	9.77913152373856e-07
THRHL	0.14153937773892253	9.887260409518908e-10
THRLYSNaEx	0.11360001534649042	9.77913152373856e-07
THRMMARGNaEx	0.11360001534649042	9.77913152373856e-07
THRORNNaEx	0.11360001534649042	9.77913152373856e-07
THRSERNaEx	0.11360001534649042	9.77913152373856e-07
THRTLD_Lx
THRTRPex	0.11360001534649042	9.77913152373856e-07
THRTRS
THRTYRex	0.11360001534649042	9.77913152373856e-07
THRVALex	0.11360001534649042	9.77913152373856e-07
THRtec	0.12921845337922805	2.482166803381228e-08
THXMPABCte	0.11360001534649042	9.77913152373856e-07
THYMDt	-0.021063484403258493	0.36547990320837154
THYMt	-0.019921012482788047	0.3920656211356629
TKT1	0.1709310547229805	1.3868812380682374e-13
TKT2	0.1709310547229805	1.3868812380682374e-13
TMABADH
TMASCBOXt	0.1059774057640808	4.981258307543345e-06
TMASCBOXt2	0.1059774057640808	4.981258307543345e-06
TMASCBOXt3	0.1059774057640808	4.981258307543345e-06
TMCU2RDte	0.11360001534649042	9.77913152373856e-07
TMDPK	0.14303989920894508	6.546437607986947e-10
TMDPK2	0.14303989920894508	6.546437607986947e-10
TMDPK3	0.14303989920894508	6.546437607986947e-10
TMDPK4	0.14303989920894508	6.546437607986947e-10
TMFE3RDte	0.11360001534649042	9.77913152373856e-07
TPI	0.09069417628731986	9.453561890906725e-05
TRDRy	0.05414475786151816	0.01992657353549088
TRIIODTHYt2
TRIOK	-0.03080278021517963	0.1856427584366631
TRPADMARGNaEx	0.11360001534649042	9.77913152373856e-07
TRPARGNaEx	0.11360001534649042	9.77913152373856e-07
TRPCITRNaEx	0.11360001534649042	9.77913152373856e-07
TRPHLKYNR
TRPLYSNaEx	0.11360001534649042	9.77913152373856e-07
TRPMMARGNaEx	0.11360001534649042	9.77913152373856e-07
TRPORNNaEx	0.11360001534649042	9.77913152373856e-07
TRPTRS
TRPTYRex	0.11360001534649042	9.77913152373856e-07
TRPVALex	0.11360001534649042	9.77913152373856e-07
TRPtec	0.11360001534649042	9.77913152373856e-07
TUDCHOGTHABCte	0.14073090470901833	1.2324830530707517e-09
TUDCHOLAte	0.14073090470901833	1.2324830530707517e-09
TYRADMARGNaEx	0.11360001534649042	9.77913152373856e-07
TYRARGNaEx	0.11360001534649042	9.77913152373856e-07
TYRCITRNaEx	0.11360001534649042	9.77913152373856e-07
TYRLYSNaEx	0.11360001534649042	9.77913152373856e-07
TYRMMARGNaEx	0.11360001534649042	9.77913152373856e-07
TYRORNNaEx	0.11360001534649042	9.77913152373856e-07
TYRTA	-0.07573798441904624	0.001120698954219577
TYRTRS
TYRVALex	0.11360001534649042	9.77913152373856e-07
TYRtec	0.04111712928054158	0.0772098572277632
UAG4E	0.07223398028984428	0.0018888163991845196
UAGALDP
UAGDP	0.0776959191813444	0.0008293315717407907
UBIQE1ACT	0.10555145518441443	5.438450347428759e-06
UBIQE1E2T	0.10555145518441443	5.438450347428759e-06
UBIQE1T	0.10555145518441443	5.438450347428759e-06
UBIQE2CONJT	0.10555145518441443	5.438450347428759e-06
UDPG4E	0.07522174829320358	0.00121192808879991
UGLT	0.07261168119634709	0.0017873242086656306
UMPCYTDPT	0.11501208288635907	7.148152687378324e-07
UMPINSPT	0.11217433336478543	1.3368672712770567e-06
UMPK1	0.14303989920894508	6.546437607986947e-10
UMPK5	0.14303989920894508	6.546437607986947e-10
UNK3	0.07059425885510302	0.0023936784489174056
UPP1ABCte	0.00322919896018239	0.8896679073839333
UPP3ABCte	0.00322919896018239	0.8896679073839333
UPPG1DC	0.00322919896018239	0.8896679073839333
UPPG3DC	0.00322919896018239	0.8896679073839333
UPPG3S	0.00322919896018239	0.8896679073839333
URATEABCte	0.14542617249890144	3.3679009063233643e-10
URAt	-0.019921012482788047	0.3920656211356629
UREAHYDL
UREAt	0.016465255173765167	0.4793281753308617
URIt	0.028978941428403772	0.21306703898904922
VALADMARGNaEx	0.11360001534649042	9.77913152373856e-07
VALALANaEx	0.11360001534649042	9.77913152373856e-07
VALARGNaEx	0.11360001534649042	9.77913152373856e-07
VALCITRNaEx	0.11360001534649042	9.77913152373856e-07
VALLYSNaEx	0.11360001534649042	9.77913152373856e-07
VALMMARGNaEx	0.11360001534649042	9.77913152373856e-07
VALORNNaEx	0.11360001534649042	9.77913152373856e-07
VALTRS
VALtec	0.11360001534649042	9.77913152373856e-07
VANILPYR	0.09397392442613942	5.209829975598667e-05
VATPASEte	0.11360001534649042	9.77913152373856e-07
VLDPP
VPDPP
XOLEST2EH
XPPT	0.14912100419958463	1.1776787174160481e-10
XYLK	0.14303989920894508	6.546437607986947e-10
XYLR_Dy	0.11360001534649042	9.77913152373856e-07
XYLTD_Dx	0.21207204921851813	3.098987758256067e-20
XYLUR_Ly	0.11360001534649042	9.77913152373856e-07
XYLt	0.11360001534649042	9.77913152373856e-07
YYYTPAP
ZN2Htex2	0.11199819581028145	1.3891552758135053e-06
ZN2_2HCO3t	0.11360001534649042	9.77913152373856e-07
ZN2_HCO3_SELNIt	0.11360001534649042	9.77913152373856e-07
ZN2t	0.11360001534649042	9.77913152373856e-07
